customer_id,tenure_months,monthly_charges,total_charges,contract_type,internet_service,tech_support,payment_method,churn
CUST-000000,6,53.72,363.03,Two year,No,Yes,Mailed check,0
CUST-000001,55,51.26,3011.85,One year,Fiber optic,No,Mailed check,0
CUST-000002,47,88.07,4659.01,Month-to-month,DSL,No,Credit card,0
CUST-000003,31,89.57,2848.95,Month-to-month,Fiber optic,No,Mailed check,1
CUST-000004,31,48.95,1573.72,Month-to-month,DSL,Yes,Electronic check,0
CUST-000005,61,52.91,3105.42,Two year,Fiber optic,Yes,Bank transfer,0
CUST-000006,6,81.23,548.18,One year,Fiber optic,No,Credit card,0
CUST-000007,50,40.17,1938.72,Month-to-month,Fiber optic,No,Electronic check,1
CUST-000008,14,52.68,795.43,Month-to-month,Fiber optic,No,Bank transfer,0
CUST-000009,6,67.69,465.74,Two year,Fiber optic,No,Mailed check,0
CUST-000010,37,94.88,3672.57,Month-to-month,DSL,No,Mailed check,1
CUST-000011,70,46.86,3178.83,One year,DSL,No,Mailed check,0
CUST-000012,52,15.0,788.34,One year,Fiber optic,Yes,Electronic check,0
CUST-000013,54,15.0,785.67,Month-to-month,No,Yes,Mailed check,0
CUST-000014,51,27.22,1428.59,Month-to-month,DSL,No,Mailed check,0
CUST-000015,56,25.6,1340.37,Month-to-month,DSL,No,Credit card,0
CUST-000016,36,60.36,2250.31,Month-to-month,DSL,No,Electronic check,0
CUST-000017,9,29.33,289.25,One year,Fiber optic,No,Credit card,0
CUST-000018,60,43.92,2703.2,Two year,DSL,Yes,Electronic check,0
CUST-000019,32,41.78,1264.76,Month-to-month,Fiber optic,No,Mailed check,0
CUST-000020,36,51.78,1978.76,Month-to-month,DSL,Yes,Mailed check,0
CUST-000021,26,104.68,2784.01,Month-to-month,Fiber optic,No,Mailed check,1
CUST-000022,13,84.86,1200.91,Month-to-month,DSL,Yes,Credit card,1
CUST-000023,66,65.48,3977.18,One year,Fiber optic,No,Credit card,0
CUST-000024,56,51.17,2735.41,One year,DSL,No,Bank transfer,0
CUST-000025,46,52.0,2396.46,One year,Fiber optic,No,Bank transfer,0
CUST-000026,28,74.83,2319.39,Month-to-month,No,Yes,Bank transfer,0
CUST-000027,59,82.53,5082.04,One year,DSL,Yes,Credit card,0
CUST-000028,39,37.77,1520.67,Month-to-month,No,No,Credit card,0
CUST-000029,31,66.09,2017.27,Two year,DSL,Yes,Credit card,0
CUST-000030,32,15.0,467.62,One year,Fiber optic,Yes,Electronic check,0
CUST-000031,16,71.35,1229.75,Two year,Fiber optic,No,Mailed check,1
CUST-000032,6,87.86,636.6,Month-to-month,DSL,Yes,Mailed check,1
CUST-000033,39,56.6,2287.57,Month-to-month,Fiber optic,Yes,Electronic check,0
CUST-000034,63,119.5,8301.44,One year,DSL,No,Credit card,0
CUST-000035,4,38.56,186.23,Month-to-month,Fiber optic,No,Electronic check,1
CUST-000036,61,71.52,4474.21,One year,Fiber optic,No,Credit card,0
CUST-000037,59,63.93,3510.81,Month-to-month,No,No,Credit card,0
CUST-000038,19,61.99,1252.9,Two year,DSL,No,Bank transfer,1
CUST-000039,45,61.57,3040.32,Month-to-month,No,No,Mailed check,1
CUST-000040,11,68.21,775.93,Two year,DSL,No,Mailed check,0
CUST-000041,54,90.44,5183.58,Month-to-month,Fiber optic,Yes,Bank transfer,0
CUST-000042,50,106.33,5813.67,Month-to-month,DSL,No,Bank transfer,0
CUST-000043,25,64.93,1630.02,Month-to-month,DSL,No,Bank transfer,1
CUST-000044,4,89.46,457.74,Month-to-month,DSL,No,Bank transfer,0
CUST-000045,69,43.95,3319.26,Two year,Fiber optic,No,Credit card,0
CUST-000046,32,87.98,2936.75,Two year,DSL,No,Credit card,0
CUST-000047,64,42.14,2846.86,Two year,Fiber optic,No,Credit card,1
CUST-000048,48,97.72,4363.56,Two year,No,No,Mailed check,0
CUST-000049,56,131.32,7708.68,One year,DSL,No,Electronic check,0
CUST-000050,54,61.34,3460.81,Month-to-month,DSL,No,Mailed check,0
CUST-000051,14,15.0,210.08,Two year,DSL,No,Mailed check,1
CUST-000052,26,48.56,1247.85,Month-to-month,DSL,No,Mailed check,1
CUST-000053,33,101.96,3571.2,Two year,Fiber optic,No,Bank transfer,0
CUST-000054,35,81.59,2892.86,Month-to-month,Fiber optic,Yes,Credit card,1
CUST-000055,3,72.47,305.99,One year,DSL,Yes,Credit card,0
CUST-000056,39,95.26,3869.6,Month-to-month,DSL,No,Bank transfer,0
CUST-000057,11,79.53,957.1,Month-to-month,Fiber optic,Yes,Bank transfer,0
CUST-000058,53,101.53,5435.99,Month-to-month,DSL,Yes,Mailed check,0
CUST-000059,49,92.58,4696.88,Month-to-month,Fiber optic,Yes,Bank transfer,0
CUST-000060,66,110.65,7711.25,Month-to-month,No,No,Mailed check,0
CUST-000061,53,75.76,4200.46,Month-to-month,DSL,No,Credit card,0
CUST-000062,26,92.16,2435.63,Month-to-month,Fiber optic,No,Credit card,1
CUST-000063,69,55.79,4147.04,One year,No,No,Mailed check,0
CUST-000064,29,46.96,1455.01,Month-to-month,Fiber optic,No,Bank transfer,1
CUST-000065,23,116.2,2842.59,Two year,Fiber optic,No,Electronic check,0
CUST-000066,65,71.49,4739.72,Month-to-month,Fiber optic,No,Mailed check,0
CUST-000067,26,89.15,2467.13,One year,Fiber optic,No,Credit card,0
CUST-000068,5,68.71,374.52,Month-to-month,Fiber optic,No,Bank transfer,1
CUST-000069,33,47.4,1631.2,Month-to-month,Fiber optic,No,Bank transfer,0
CUST-000070,57,65.33,4099.85,One year,Fiber optic,Yes,Electronic check,0
CUST-000071,13,108.08,1529.76,One year,Fiber optic,Yes,Credit card,1
CUST-000072,33,81.66,2787.93,Month-to-month,Fiber optic,No,Credit card,0
CUST-000073,9,15.0,145.53,Month-to-month,No,No,Mailed check,0
CUST-000074,49,58.54,2999.25,Month-to-month,DSL,No,Credit card,0
CUST-000075,34,118.47,4105.97,Month-to-month,DSL,Yes,Bank transfer,0
CUST-000076,23,58.59,1498.11,Month-to-month,DSL,No,Mailed check,1
CUST-000077,16,15.0,243.99,One year,DSL,No,Mailed check,0
CUST-000078,40,121.79,4880.52,Month-to-month,Fiber optic,No,Bank transfer,1
CUST-000079,48,85.47,4062.29,One year,DSL,No,Mailed check,0
CUST-000080,67,62.9,4669.51,Month-to-month,Fiber optic,No,Bank transfer,0
CUST-000081,31,53.86,1707.09,Month-to-month,Fiber optic,No,Electronic check,0
CUST-000082,11,97.47,1137.59,Month-to-month,DSL,No,Mailed check,0
CUST-000083,59,48.74,2618.74,Month-to-month,DSL,No,Bank transfer,0
CUST-000084,45,99.45,4366.14,Month-to-month,Fiber optic,No,Credit card,1
CUST-000085,50,81.27,4253.95,Two year,Fiber optic,No,Mailed check,0
CUST-000086,7,72.34,593.88,One year,Fiber optic,Yes,Bank transfer,0
CUST-000087,22,69.37,1543.46,Month-to-month,DSL,No,Mailed check,1
CUST-000088,55,59.75,3246.4,Month-to-month,DSL,No,Credit card,0
CUST-000089,59,96.37,6319.86,Two year,DSL,Yes,Mailed check,0
CUST-000090,31,39.04,1417.7,Month-to-month,DSL,No,Bank transfer,1
CUST-000091,57,16.34,1002.34,Month-to-month,No,No,Mailed check,0
CUST-000092,60,83.43,5486.22,Two year,DSL,Yes,Mailed check,0
CUST-000093,27,83.94,2558.4,Month-to-month,DSL,No,Bank transfer,0
CUST-000094,64,79.41,5732.99,Month-to-month,No,Yes,Bank transfer,0
CUST-000095,20,77.23,1597.38,Month-to-month,Fiber optic,No,Bank transfer,0
CUST-000096,17,55.38,953.13,One year,Fiber optic,No,Credit card,1
CUST-000097,49,88.62,4837.45,Month-to-month,Fiber optic,No,Bank transfer,1
CUST-000098,45,63.63,2786.0,One year,No,No,Credit card,0
CUST-000099,10,50.39,525.75,Month-to-month,DSL,Yes,Mailed check,1
CUST-000100,59,55.64,3170.73,Month-to-month,DSL,No,Bank transfer,0
CUST-000101,14,125.62,1871.91,Month-to-month,No,Yes,Mailed check,1
CUST-000102,57,15.0,783.68,Two year,Fiber optic,No,Bank transfer,0
CUST-000103,0,79.99,74.26,Month-to-month,No,No,Electronic check,1
CUST-000104,57,15.0,842.93,One year,DSL,Yes,Credit card,0
CUST-000105,56,61.75,3309.44,Month-to-month,No,No,Bank transfer,0
CUST-000106,56,51.99,3120.92,Month-to-month,DSL,No,Bank transfer,0
CUST-000107,47,15.0,720.24,Month-to-month,Fiber optic,No,Credit card,0
CUST-000108,33,76.67,2682.03,Month-to-month,No,Yes,Mailed check,0
CUST-000109,50,53.6,2797.44,Month-to-month,DSL,No,Mailed check,0
CUST-000110,19,15.0,296.9,Two year,DSL,Yes,Bank transfer,0
CUST-000111,56,90.19,5394.64,Two year,Fiber optic,No,Credit card,0
CUST-000112,40,108.05,4530.21,One year,No,No,Mailed check,0
CUST-000113,33,109.7,3670.55,One year,DSL,No,Electronic check,0
CUST-000114,36,75.77,2567.4,Month-to-month,No,No,Electronic check,1
CUST-000115,40,66.38,2792.5,One year,DSL,No,Bank transfer,0
CUST-000116,2,104.84,294.7,Month-to-month,Fiber optic,No,Electronic check,1
CUST-000117,10,115.47,1294.34,Two year,DSL,No,Bank transfer,0
CUST-000118,17,99.01,1789.16,Two year,No,No,Credit card,1
CUST-000119,8,36.75,308.29,Month-to-month,DSL,No,Bank transfer,1
CUST-000120,31,71.04,2302.66,Two year,Fiber optic,No,Electronic check,0
CUST-000121,48,78.19,3867.74,Two year,DSL,Yes,Bank transfer,0
CUST-000122,47,15.0,727.02,Month-to-month,No,No,Mailed check,0
CUST-000123,33,79.08,2708.51,Two year,Fiber optic,No,Electronic check,0
CUST-000124,61,133.19,7988.4,Month-to-month,DSL,No,Electronic check,0
CUST-000125,40,84.2,3554.24,Month-to-month,DSL,No,Bank transfer,0
CUST-000126,5,109.2,632.69,Month-to-month,Fiber optic,Yes,Bank transfer,0
CUST-000127,55,70.49,3735.21,One year,Fiber optic,Yes,Mailed check,0
CUST-000128,41,62.8,2726.72,Month-to-month,No,No,Credit card,0
CUST-000129,45,76.44,3680.79,Two year,Fiber optic,No,Bank transfer,0
CUST-000130,40,40.53,1711.89,Month-to-month,Fiber optic,No,Credit card,0
CUST-000131,39,36.09,1428.52,Month-to-month,Fiber optic,No,Electronic check,1
CUST-000132,6,102.99,651.01,One year,Fiber optic,Yes,Mailed check,0
CUST-000133,40,106.17,4675.47,Month-to-month,DSL,No,Electronic check,0
CUST-000134,57,35.27,1845.52,One year,DSL,No,Mailed check,0
CUST-000135,21,94.04,2129.5,Month-to-month,DSL,No,Credit card,1
CUST-000136,43,62.39,3034.87,Two year,Fiber optic,Yes,Mailed check,0
CUST-000137,2,75.19,227.27,One year,DSL,No,Mailed check,1
CUST-000138,25,78.81,2078.81,Month-to-month,Fiber optic,No,Electronic check,1
CUST-000139,31,94.83,3092.13,Month-to-month,DSL,No,Mailed check,0
CUST-000140,70,67.48,4838.66,Month-to-month,Fiber optic,No,Electronic check,0
CUST-000141,15,107.3,1918.66,Two year,DSL,Yes,Electronic check,1
CUST-000142,19,74.28,1423.02,One year,Fiber optic,No,Electronic check,0
CUST-000143,29,83.73,2390.11,Month-to-month,DSL,Yes,Bank transfer,0
CUST-000144,71,40.0,2832.99,Month-to-month,DSL,No,Bank transfer,0
CUST-000145,61,129.76,8745.36,Two year,DSL,No,Bank transfer,0
CUST-000146,2,79.09,230.44,Month-to-month,Fiber optic,Yes,Electronic check,1
CUST-000147,16,86.39,1500.23,One year,Fiber optic,No,Credit card,1
CUST-000148,59,16.75,1059.1,One year,DSL,Yes,Bank transfer,0
CUST-000149,4,40.32,209.45,Month-to-month,Fiber optic,No,Bank transfer,1
CUST-000150,61,102.14,6654.81,Month-to-month,Fiber optic,Yes,Credit card,1
CUST-000151,20,73.61,1655.33,Month-to-month,Fiber optic,No,Mailed check,0
CUST-000152,66,15.0,1020.49,Month-to-month,Fiber optic,No,Bank transfer,0
CUST-000153,21,96.15,2066.93,Two year,DSL,Yes,Electronic check,0
CUST-000154,31,48.69,1569.44,One year,Fiber optic,No,Mailed check,0
CUST-000155,47,107.34,5064.95,Two year,Fiber optic,Yes,Mailed check,0
CUST-000156,9,62.36,702.28,Month-to-month,Fiber optic,No,Electronic check,1
CUST-000157,40,71.14,2839.11,Month-to-month,DSL,Yes,Bank transfer,0
CUST-000158,36,100.37,3803.35,One year,Fiber optic,No,Electronic check,0
CUST-000159,56,38.08,2007.42,Month-to-month,DSL,Yes,Credit card,0
CUST-000160,71,35.21,2552.29,Month-to-month,Fiber optic,Yes,Electronic check,0
CUST-000161,47,59.11,2796.32,Month-to-month,DSL,Yes,Electronic check,1
CUST-000162,29,89.82,2785.49,One year,DSL,No,Mailed check,0
CUST-000163,29,25.07,778.6,One year,Fiber optic,No,Mailed check,0
CUST-000164,30,15.0,497.95,Month-to-month,No,No,Bank transfer,1
CUST-000165,58,89.71,5646.97,Two year,DSL,No,Bank transfer,0
CUST-000166,23,46.91,1122.12,Month-to-month,Fiber optic,Yes,Bank transfer,0
CUST-000167,12,53.23,659.35,Month-to-month,Fiber optic,No,Bank transfer,1
CUST-000168,24,15.0,359.49,Month-to-month,No,No,Credit card,0
CUST-000169,1,44.63,90.61,Two year,Fiber optic,No,Bank transfer,1
CUST-000170,7,64.77,522.27,Month-to-month,DSL,No,Electronic check,1
CUST-000171,6,92.91,658.77,Month-to-month,DSL,No,Mailed check,1
CUST-000172,55,41.86,2281.61,Month-to-month,Fiber optic,Yes,Bank transfer,0
CUST-000173,52,114.72,6517.16,One year,DSL,No,Mailed check,0
CUST-000174,50,44.46,2100.65,One year,No,Yes,Credit card,0
CUST-000175,33,44.51,1468.57,Month-to-month,No,No,Mailed check,0
CUST-000176,51,111.12,5467.09,Two year,No,Yes,Mailed check,0
CUST-000177,11,71.34,847.18,Month-to-month,DSL,No,Mailed check,1
CUST-000178,64,48.44,3344.8,Month-to-month,Fiber optic,No,Bank transfer,1
CUST-000179,36,60.35,2200.68,One year,Fiber optic,No,Bank transfer,0
CUST-000180,67,105.59,7216.7,One year,DSL,No,Mailed check,0
CUST-000181,10,108.99,1238.66,Month-to-month,DSL,No,Electronic check,0
CUST-000182,35,40.5,1433.42,One year,DSL,No,Electronic check,0
CUST-000183,50,63.73,3312.25,Month-to-month,Fiber optic,No,Mailed check,0
CUST-000184,35,67.7,2467.93,One year,No,No,Credit card,1
CUST-000185,32,35.41,1102.55,One year,No,Yes,Credit card,0
CUST-000186,11,63.33,742.31,Two year,DSL,No,Bank transfer,0
CUST-000187,27,65.16,1856.82,Month-to-month,Fiber optic,No,Bank transfer,0
CUST-000188,17,99.21,1900.19,One year,DSL,No,Bank transfer,0
CUST-000189,21,101.22,2369.56,One year,DSL,Yes,Electronic check,1
CUST-000190,49,55.12,3044.96,Month-to-month,DSL,No,Mailed check,1
CUST-000191,45,58.58,2760.15,Month-to-month,Fiber optic,No,Credit card,0
CUST-000192,43,84.93,3659.64,Two year,Fiber optic,No,Bank transfer,1
CUST-000193,26,47.44,1276.9,Month-to-month,No,No,Electronic check,0
CUST-000194,69,82.66,5753.23,One year,No,Yes,Electronic check,0
CUST-000195,6,62.36,427.64,Month-to-month,DSL,No,Credit card,0
CUST-000196,24,35.92,915.14,Two year,Fiber optic,No,Credit card,1
CUST-000197,8,36.29,333.67,Month-to-month,DSL,No,Electronic check,0
CUST-000198,24,108.41,2551.23,Two year,Fiber optic,No,Mailed check,1
CUST-000199,69,60.31,4451.2,One year,Fiber optic,Yes,Credit card,0
CUST-000200,26,114.21,2800.48,Month-to-month,DSL,No,Mailed check,1
CUST-000201,65,49.59,3236.59,One year,DSL,Yes,Electronic check,0
CUST-000202,35,73.74,2807.04,One year,DSL,No,Mailed check,0
CUST-000203,50,136.78,7187.65,Month-to-month,DSL,No,Mailed check,0
CUST-000204,32,33.28,1078.59,Month-to-month,No,Yes,Mailed check,0
CUST-000205,19,15.0,329.53,One year,DSL,No,Credit card,0
CUST-000206,55,103.6,5673.82,One year,Fiber optic,No,Credit card,0
CUST-000207,69,40.2,2532.06,Month-to-month,No,No,Bank transfer,0
CUST-000208,18,64.38,1250.89,Two year,Fiber optic,Yes,Electronic check,1
CUST-000209,56,47.42,2462.71,Month-to-month,Fiber optic,No,Mailed check,0
CUST-000210,18,73.04,1330.16,Month-to-month,No,No,Electronic check,1
CUST-000211,51,36.48,1956.24,One year,DSL,No,Electronic check,0
CUST-000212,56,59.6,3319.02,Month-to-month,DSL,No,Mailed check,0
CUST-000213,32,78.49,2665.52,Month-to-month,Fiber optic,No,Electronic check,0
CUST-000214,53,34.75,1767.88,Month-to-month,Fiber optic,No,Bank transfer,0
CUST-000215,19,44.0,917.72,Month-to-month,Fiber optic,Yes,Mailed check,0
CUST-000216,5,54.58,299.78,Month-to-month,DSL,Yes,Bank transfer,0
CUST-000217,6,22.14,165.16,One year,Fiber optic,No,Bank transfer,0
CUST-000218,32,52.32,1685.63,Month-to-month,Fiber optic,No,Credit card,0
CUST-000219,64,68.56,4797.85,Two year,No,No,Mailed check,0
CUST-000220,9,53.01,507.86,One year,DSL,Yes,Electronic check,0
CUST-000221,32,56.86,2056.91,Month-to-month,DSL,Yes,Credit card,0
CUST-000222,50,64.4,3127.28,Month-to-month,No,No,Mailed check,0
CUST-000223,14,45.33,618.93,One year,Fiber optic,Yes,Credit card,0
CUST-000224,51,85.73,4467.67,Month-to-month,DSL,No,Credit card,0
CUST-000225,22,108.08,2639.2,Month-to-month,DSL,No,Credit card,0
CUST-000226,58,51.07,3132.18,Two year,Fiber optic,Yes,Bank transfer,0
CUST-000227,41,79.56,3535.64,One year,Fiber optic,No,Bank transfer,0
CUST-000228,39,57.81,2406.17,One year,Fiber optic,No,Mailed check,0
CUST-000229,12,75.96,947.04,Month-to-month,No,No,Mailed check,0
CUST-000230,33,111.97,3952.99,Month-to-month,DSL,Yes,Credit card,0
CUST-000231,61,80.26,4999.2,Month-to-month,DSL,No,Bank transfer,0
CUST-000232,1,15.0,28.94,One year,Fiber optic,No,Electronic check,0
CUST-000233,54,78.62,4362.87,Month-to-month,No,No,Mailed check,0
CUST-000234,35,101.99,3661.15,Month-to-month,DSL,Yes,Credit card,1
CUST-000235,51,58.35,3249.14,Month-to-month,Fiber optic,Yes,Electronic check,0
CUST-000236,47,94.87,4436.48,One year,DSL,No,Mailed check,1
CUST-000237,31,44.3,1377.68,One year,DSL,No,Credit card,0
CUST-000238,22,20.43,453.56,Month-to-month,No,No,Mailed check,0
CUST-000239,45,69.24,3486.87,Month-to-month,DSL,No,Bank transfer,0
CUST-000240,10,15.0,159.7,Month-to-month,DSL,No,Credit card,0
CUST-000241,42,57.81,2646.87,Month-to-month,Fiber optic,No,Mailed check,0
CUST-000242,6,103.61,687.84,Month-to-month,Fiber optic,Yes,Credit card,0
CUST-000243,46,15.0,722.86,Month-to-month,Fiber optic,Yes,Mailed check,0
CUST-000244,45,26.62,1240.36,One year,Fiber optic,Yes,Mailed check,0
CUST-000245,6,34.04,252.97,One year,DSL,No,Electronic check,0
CUST-000246,54,63.1,3659.38,Two year,Fiber optic,Yes,Mailed check,0
CUST-000247,29,54.03,1627.49,Two year,DSL,No,Bank transfer,0
CUST-000248,56,106.97,5933.78,Month-to-month,DSL,No,Electronic check,1
CUST-000249,2,93.63,303.71,Month-to-month,Fiber optic,No,Mailed check,1
CUST-000250,12,79.86,1005.09,Month-to-month,DSL,No,Bank transfer,1
CUST-000251,35,69.37,2214.12,One year,No,Yes,Credit card,0
CUST-000252,13,76.8,975.24,Month-to-month,No,No,Bank transfer,0
CUST-000253,23,39.14,863.52,Month-to-month,No,No,Bank transfer,0
CUST-000254,47,90.72,4484.08,Month-to-month,DSL,No,Bank transfer,0
CUST-000255,10,31.64,386.56,Month-to-month,DSL,No,Mailed check,1
CUST-000256,48,90.06,3962.89,One year,No,No,Mailed check,0
CUST-000257,7,100.58,773.19,One year,Fiber optic,No,Bank transfer,0
CUST-000258,12,71.33,931.36,Month-to-month,Fiber optic,Yes,Electronic check,0
CUST-000259,42,59.71,2766.1,Two year,No,No,Credit card,1
CUST-000260,57,77.01,4290.57,Month-to-month,DSL,No,Mailed check,0
CUST-000261,12,15.0,200.76,Month-to-month,DSL,Yes,Credit card,0
CUST-000262,21,74.07,1609.11,Month-to-month,Fiber optic,Yes,Electronic check,1
CUST-000263,66,61.6,4665.17,One year,Fiber optic,No,Mailed check,0
CUST-000264,71,63.48,4603.68,One year,DSL,No,Mailed check,0
CUST-000265,41,86.2,3684.61,Month-to-month,Fiber optic,Yes,Mailed check,0
CUST-000266,32,62.76,2079.7,Two year,Fiber optic,No,Bank transfer,0
CUST-000267,24,30.79,753.88,Month-to-month,Fiber optic,No,Bank transfer,1
CUST-000268,44,60.76,2863.96,Month-to-month,DSL,No,Credit card,1
CUST-000269,42,67.03,2715.12,One year,Fiber optic,No,Credit card,0
CUST-000270,21,68.45,1355.12,Two year,Fiber optic,No,Electronic check,0
CUST-000271,1,69.86,138.67,One year,No,Yes,Credit card,0
CUST-000272,10,96.18,1101.13,Two year,DSL,No,Mailed check,0
CUST-000273,69,32.42,2203.43,Month-to-month,No,Yes,Mailed check,0
CUST-000274,30,70.27,2198.71,One year,Fiber optic,No,Electronic check,0
CUST-000275,34,103.7,3407.9,Two year,Fiber optic,No,Bank transfer,0
CUST-000276,33,15.0,537.1,Month-to-month,DSL,No,Credit card,0
CUST-000277,56,70.39,4142.98,Month-to-month,DSL,No,Mailed check,0
CUST-000278,4,47.44,237.43,Two year,Fiber optic,No,Credit card,0
CUST-000279,5,53.88,326.0,Month-to-month,DSL,No,Electronic check,1
CUST-000280,19,37.86,704.36,Month-to-month,DSL,Yes,Credit card,0
CUST-000281,35,59.91,2011.41,Two year,No,No,Mailed check,0
CUST-000282,48,120.24,5855.71,Two year,DSL,No,Mailed check,0
CUST-000283,35,27.07,999.44,Two year,No,No,Electronic check,0
CUST-000284,31,29.91,984.18,Two year,Fiber optic,No,Credit card,0
CUST-000285,67,25.94,1732.04,Month-to-month,No,No,Bank transfer,0
CUST-000286,11,116.82,1454.12,Two year,DSL,No,Credit card,0
CUST-000287,41,51.13,2300.01,Month-to-month,Fiber optic,No,Mailed check,0
CUST-000288,39,64.23,2557.84,One year,Fiber optic,Yes,Electronic check,0
CUST-000289,34,52.92,1880.75,Month-to-month,No,No,Bank transfer,0
CUST-000290,58,36.67,2140.89,Two year,DSL,No,Electronic check,0
CUST-000291,19,57.95,1151.59,One year,DSL,No,Bank transfer,0
CUST-000292,68,138.75,9654.73,Two year,No,No,Electronic check,0
CUST-000293,23,106.76,2780.5,Month-to-month,DSL,No,Electronic check,0
CUST-000294,39,39.41,1648.62,Month-to-month,Fiber optic,No,Bank transfer,0
CUST-000295,37,84.43,3340.6,Month-to-month,DSL,No,Bank transfer,0
CUST-000296,61,40.05,2427.03,Month-to-month,DSL,No,Electronic check,0
CUST-000297,31,15.0,458.44,One year,Fiber optic,No,Electronic check,0
CUST-000298,20,95.59,2046.39,Month-to-month,Fiber optic,No,Credit card,0
CUST-000299,1,99.8,212.02,One year,Fiber optic,No,Electronic check,0
CUST-000300,26,96.38,2826.54,Month-to-month,Fiber optic,Yes,Electronic check,1
CUST-000301,59,50.9,2679.7,Month-to-month,Fiber optic,No,Credit card,0
CUST-000302,0,60.0,67.34,One year,No,Yes,Bank transfer,0
CUST-000303,64,87.49,5805.61,Month-to-month,DSL,No,Electronic check,0
CUST-000304,39,76.74,3209.31,Month-to-month,DSL,Yes,Credit card,0
CUST-000305,10,53.19,534.2,Month-to-month,DSL,No,Mailed check,1
CUST-000306,21,16.43,357.13,Month-to-month,Fiber optic,No,Bank transfer,0
CUST-000307,39,68.42,2849.24,One year,DSL,No,Bank transfer,0
CUST-000308,22,97.37,2107.97,Month-to-month,Fiber optic,No,Mailed check,1
CUST-000309,7,29.07,198.99,Month-to-month,Fiber optic,Yes,Mailed check,1
CUST-000310,47,84.16,4107.58,One year,Fiber optic,Yes,Bank transfer,0
CUST-000311,48,74.95,3663.23,Month-to-month,No,Yes,Mailed check,1
CUST-000312,8,87.5,844.3,One year,Fiber optic,No,Electronic check,1
CUST-000313,20,91.16,1899.04,Month-to-month,Fiber optic,No,Bank transfer,0
CUST-000314,17,44.17,791.54,Two year,DSL,No,Bank transfer,0
CUST-000315,47,16.49,819.19,Month-to-month,Fiber optic,No,Bank transfer,0
CUST-000316,52,48.99,2730.89,Month-to-month,DSL,Yes,Bank transfer,0
CUST-000317,52,91.67,4686.53,Two year,No,No,Bank transfer,0
CUST-000318,67,48.74,3470.83,One year,Fiber optic,No,Credit card,0
CUST-000319,55,44.18,2409.47,One year,DSL,No,Credit card,0
CUST-000320,23,15.0,360.3,Two year,DSL,Yes,Credit card,0
CUST-000321,7,117.58,972.18,Month-to-month,Fiber optic,No,Electronic check,1
CUST-000322,44,89.77,4210.42,Two year,No,No,Electronic check,0
CUST-000323,65,88.1,5906.93,One year,DSL,Yes,Mailed check,0
CUST-000324,70,94.03,6315.55,Month-to-month,DSL,No,Bank transfer,1
CUST-000325,16,82.3,1268.29,Month-to-month,Fiber optic,No,Electronic check,1
CUST-000326,17,57.67,1028.31,Month-to-month,No,No,Electronic check,0
CUST-000327,2,60.09,189.02,Two year,No,No,Electronic check,0
CUST-000328,10,52.17,586.81,Month-to-month,DSL,No,Bank transfer,0
CUST-000329,39,144.04,5831.41,Month-to-month,Fiber optic,No,Credit card,1
CUST-000330,39,81.68,3265.95,One year,Fiber optic,No,Mailed check,0
CUST-000331,26,51.09,1400.64,One year,Fiber optic,No,Bank transfer,0
CUST-000332,22,78.96,1725.92,Month-to-month,Fiber optic,No,Electronic check,1
CUST-000333,59,34.67,2161.59,Two year,Fiber optic,No,Electronic check,0
CUST-000334,33,110.14,3903.05,Month-to-month,Fiber optic,No,Bank transfer,0
CUST-000335,58,45.17,2617.57,Two year,DSL,No,Mailed check,0
CUST-000336,69,80.03,5724.69,Month-to-month,DSL,No,Electronic check,0
CUST-000337,22,96.98,2039.08,Month-to-month,Fiber optic,Yes,Electronic check,1
CUST-000338,14,76.54,1158.48,One year,DSL,No,Credit card,0
CUST-000339,68,67.83,4649.4,Month-to-month,Fiber optic,No,Bank transfer,0
CUST-000340,45,65.32,3194.1,Month-to-month,No,Yes,Credit card,0
CUST-000341,20,63.31,1316.24,Month-to-month,No,No,Mailed check,0
CUST-000342,44,47.7,2239.68,One year,DSL,No,Credit card,0
CUST-000343,37,51.52,1919.3,Two year,DSL,No,Credit card,0
CUST-000344,65,109.39,6394.35,Two year,Fiber optic,No,Mailed check,0
CUST-000345,18,61.74,1159.9,Two year,Fiber optic,No,Electronic check,0
CUST-000346,71,41.43,3012.02,Two year,DSL,No,Credit card,0
CUST-000347,67,49.51,3392.14,Month-to-month,No,Yes,Mailed check,0
CUST-000348,13,98.01,1383.54,Month-to-month,DSL,No,Mailed check,0
CUST-000349,11,85.27,997.31,Two year,DSL,No,Credit card,0
CUST-000350,38,81.81,3138.94,Two year,Fiber optic,No,Mailed check,0
CUST-000351,3,57.27,216.2,Two year,Fiber optic,No,Credit card,0
CUST-000352,21,82.2,1627.88,One year,Fiber optic,No,Electronic check,0
CUST-000353,31,45.69,1454.4,Month-to-month,Fiber optic,No,Mailed check,1
CUST-000354,69,57.21,3855.59,Two year,No,Yes,Mailed check,0
CUST-000355,71,94.09,7140.56,Two year,DSL,Yes,Mailed check,0
CUST-000356,10,91.23,894.03,One year,Fiber optic,No,Electronic check,0
CUST-000357,64,35.54,2343.89,Two year,DSL,No,Credit card,0
CUST-000358,6,39.33,304.55,One year,Fiber optic,Yes,Bank transfer,1
CUST-000359,53,68.26,3652.4,Two year,Fiber optic,Yes,Bank transfer,0
CUST-000360,60,116.78,7122.84,Month-to-month,Fiber optic,No,Bank transfer,0
CUST-000361,64,15.0,995.78,Two year,DSL,Yes,Bank transfer,0
CUST-000362,16,73.35,1278.41,Month-to-month,No,Yes,Bank transfer,0
CUST-000363,64,23.72,1510.23,Month-to-month,Fiber optic,Yes,Bank transfer,0
CUST-000364,8,45.97,392.87,Month-to-month,No,No,Bank transfer,1
CUST-000365,37,54.07,2121.6,Month-to-month,Fiber optic,No,Credit card,1
CUST-000366,33,52.38,1611.16,Month-to-month,No,No,Electronic check,0
CUST-000367,22,48.99,1173.56,Two year,Fiber optic,No,Bank transfer,0
CUST-000368,1,65.22,127.88,One year,Fiber optic,Yes,Electronic check,0
CUST-000369,55,48.94,2741.19,Two year,Fiber optic,No,Electronic check,0
CUST-000370,24,21.13,514.28,Month-to-month,Fiber optic,No,Credit card,1
CUST-000371,47,88.4,4546.57,Month-to-month,Fiber optic,No,Mailed check,0
CUST-000372,29,87.59,2660.3,One year,Fiber optic,No,Bank transfer,0
CUST-000373,26,90.3,2398.75,One year,Fiber optic,No,Bank transfer,0
CUST-000374,63,18.78,1180.76,Month-to-month,Fiber optic,No,Electronic check,0
CUST-000375,6,73.97,513.94,Two year,Fiber optic,No,Mailed check,0
CUST-000376,53,85.28,5156.99,Two year,Fiber optic,Yes,Electronic check,1
CUST-000377,53,34.06,1718.32,One year,Fiber optic,Yes,Mailed check,0
CUST-000378,27,65.28,1926.67,Two year,Fiber optic,No,Electronic check,1
CUST-000379,18,61.51,1201.93,One year,Fiber optic,No,Bank transfer,0
CUST-000380,0,120.26,129.52,One year,No,No,Electronic check,1
CUST-000381,67,122.73,8608.48,Month-to-month,DSL,Yes,Mailed check,1
CUST-000382,68,15.07,1039.96,Month-to-month,DSL,Yes,Mailed check,0
CUST-000383,17,139.82,2645.08,Month-to-month,DSL,No,Credit card,0
CUST-000384,2,37.54,113.92,One year,Fiber optic,No,Credit card,1
CUST-000385,8,94.42,881.86,One year,Fiber optic,No,Mailed check,1
CUST-000386,4,94.11,504.18,Month-to-month,Fiber optic,No,Mailed check,1
CUST-000387,59,35.13,2117.51,One year,DSL,No,Bank transfer,0
CUST-000388,64,79.8,5076.81,Month-to-month,No,No,Bank transfer,1
CUST-000389,11,61.77,717.43,Month-to-month,Fiber optic,No,Bank transfer,0
CUST-000390,53,81.63,4507.31,Two year,Fiber optic,Yes,Electronic check,0
CUST-000391,12,71.92,893.91,Month-to-month,DSL,No,Electronic check,1
CUST-000392,26,100.89,2676.39,Month-to-month,DSL,No,Bank transfer,1
CUST-000393,43,67.26,2816.35,Month-to-month,DSL,No,Mailed check,1
CUST-000394,51,59.96,3197.37,Month-to-month,Fiber optic,No,Credit card,0
CUST-000395,62,97.88,5934.65,One year,Fiber optic,Yes,Electronic check,0
CUST-000396,3,82.41,308.44,Two year,DSL,No,Electronic check,0
CUST-000397,14,86.95,1231.88,One year,DSL,No,Credit card,0
CUST-000398,20,45.06,919.29,One year,DSL,Yes,Credit card,0
CUST-000399,22,33.64,755.19,Month-to-month,Fiber optic,No,Bank transfer,0
CUST-000400,71,47.97,3497.14,One year,DSL,Yes,Electronic check,0
CUST-000401,55,46.38,2576.03,Month-to-month,DSL,No,Electronic check,0
CUST-000402,23,88.59,2165.43,Month-to-month,DSL,No,Credit card,0
CUST-000403,69,94.28,6748.26,Two year,Fiber optic,Yes,Mailed check,1
CUST-000404,35,60.35,2252.89,Month-to-month,No,No,Mailed check,0
CUST-000405,36,107.93,3612.39,Month-to-month,Fiber optic,No,Credit card,1
CUST-000406,31,106.05,3202.46,Month-to-month,DSL,No,Electronic check,1
CUST-000407,10,72.3,817.39,Two year,No,No,Mailed check,0
CUST-000408,67,40.34,2772.34,Month-to-month,No,Yes,Bank transfer,0
CUST-000409,1,112.26,235.49,Month-to-month,Fiber optic,No,Credit card,1
CUST-000410,12,63.17,757.81,Two year,DSL,No,Mailed check,1
CUST-000411,16,68.78,1141.56,Month-to-month,Fiber optic,Yes,Electronic check,0
CUST-000412,20,54.81,1133.99,Two year,No,No,Electronic check,0
CUST-000413,9,38.31,386.25,Month-to-month,Fiber optic,Yes,Electronic check,1
CUST-000414,1,20.94,41.96,One year,Fiber optic,Yes,Mailed check,0
CUST-000415,48,83.99,4211.84,Two year,Fiber optic,No,Bank transfer,0
CUST-000416,69,41.5,2888.21,Month-to-month,No,No,Mailed check,0
CUST-000417,8,150.0,1442.63,One year,DSL,No,Electronic check,1
CUST-000418,21,32.42,773.5,Month-to-month,DSL,No,Bank transfer,1
CUST-000419,36,27.28,952.89,One year,No,Yes,Credit card,0
CUST-000420,66,80.3,5392.51,Two year,DSL,No,Electronic check,0
CUST-000421,49,110.88,5765.17,One year,Fiber optic,Yes,Bank transfer,0
CUST-000422,55,66.94,3858.22,Two year,DSL,Yes,Bank transfer,0
CUST-000423,41,82.17,3380.65,One year,DSL,Yes,Bank transfer,0
CUST-000424,30,15.0,470.93,One year,DSL,Yes,Electronic check,0
CUST-000425,14,44.67,617.06,Month-to-month,Fiber optic,No,Bank transfer,1
CUST-000426,62,32.79,2063.89,One year,Fiber optic,No,Bank transfer,0
CUST-000427,57,15.0,806.48,Two year,Fiber optic,No,Bank transfer,0
CUST-000428,1,68.51,140.5,One year,DSL,No,Credit card,0
CUST-000429,51,15.0,736.48,Month-to-month,No,Yes,Bank transfer,0
CUST-000430,6,25.33,178.78,Month-to-month,Fiber optic,No,Credit card,1
CUST-000431,53,48.88,2681.88,One year,No,No,Bank transfer,0
CUST-000432,59,40.06,2412.8,Two year,Fiber optic,No,Mailed check,0
CUST-000433,9,76.89,744.63,Month-to-month,DSL,No,Credit card,1
CUST-000434,31,74.17,2348.39,Month-to-month,Fiber optic,Yes,Bank transfer,0
CUST-000435,8,91.81,875.12,Month-to-month,No,No,Bank transfer,1
CUST-000436,40,87.57,3514.21,Month-to-month,DSL,No,Bank transfer,1
CUST-000437,66,99.22,6655.16,Two year,Fiber optic,Yes,Mailed check,0
CUST-000438,5,64.94,378.81,Month-to-month,Fiber optic,No,Bank transfer,1
CUST-000439,28,74.1,2258.66,Month-to-month,DSL,No,Mailed check,0
CUST-000440,70,80.35,5726.72,Month-to-month,Fiber optic,No,Electronic check,0
CUST-000441,21,69.25,1465.3,Month-to-month,DSL,No,Mailed check,1
CUST-000442,9,53.08,531.03,Two year,DSL,No,Credit card,0
CUST-000443,35,55.03,1957.09,Month-to-month,No,No,Mailed check,0
CUST-000444,36,40.47,1601.78,Month-to-month,Fiber optic,No,Bank transfer,0
CUST-000445,47,77.65,3718.8,Month-to-month,Fiber optic,No,Mailed check,1
CUST-000446,22,62.18,1331.25,Two year,Fiber optic,Yes,Mailed check,0
CUST-000447,68,45.1,3189.82,Two year,No,No,Mailed check,0
CUST-000448,37,45.13,1868.2,Month-to-month,Fiber optic,No,Credit card,0
CUST-000449,20,28.69,638.5,One year,Fiber optic,No,Electronic check,0
CUST-000450,69,94.37,6241.29,Month-to-month,DSL,No,Bank transfer,0
CUST-000451,66,67.36,4452.38,One year,Fiber optic,No,Credit card,0
CUST-000452,35,39.12,1406.02,Month-to-month,Fiber optic,No,Electronic check,0
CUST-000453,1,89.26,178.35,Two year,Fiber optic,Yes,Credit card,0
CUST-000454,42,48.19,2111.49,Two year,Fiber optic,Yes,Bank transfer,0
CUST-000455,39,22.8,896.5,Month-to-month,DSL,No,Mailed check,0
CUST-000456,10,95.64,1003.84,Month-to-month,No,No,Electronic check,1
CUST-000457,45,48.89,2355.83,Month-to-month,No,No,Credit card,0
CUST-000458,60,52.73,3036.01,Month-to-month,Fiber optic,No,Electronic check,0
CUST-000459,7,66.24,508.63,Month-to-month,Fiber optic,No,Credit card,1
CUST-000460,52,99.28,4964.49,Month-to-month,Fiber optic,No,Bank transfer,0
CUST-000461,10,65.6,743.7,Two year,Fiber optic,No,Credit card,0
CUST-000462,53,29.03,1575.77,Month-to-month,Fiber optic,No,Mailed check,0
CUST-000463,30,81.32,2632.16,Two year,Fiber optic,Yes,Electronic check,0
CUST-000464,0,50.45,48.47,Month-to-month,DSL,Yes,Bank transfer,0
CUST-000465,69,121.64,7981.19,Month-to-month,DSL,No,Mailed check,0
CUST-000466,11,64.97,762.29,Month-to-month,Fiber optic,No,Bank transfer,1
CUST-000467,42,15.0,639.11,Two year,Fiber optic,No,Mailed check,0
CUST-000468,13,75.72,1071.18,Month-to-month,DSL,No,Mailed check,1
CUST-000469,67,123.34,7681.47,Month-to-month,DSL,No,Bank transfer,0
CUST-000470,53,112.28,6208.12,One year,Fiber optic,Yes,Bank transfer,0
CUST-000471,57,119.93,6644.85,One year,Fiber optic,No,Bank transfer,0
CUST-000472,31,34.41,1065.39,One year,Fiber optic,Yes,Bank transfer,0
CUST-000473,33,92.36,3324.69,Month-to-month,Fiber optic,No,Bank transfer,1
CUST-000474,45,43.34,1776.02,Month-to-month,No,Yes,Mailed check,0
CUST-000475,56,71.73,4154.46,Two year,DSL,No,Credit card,0
CUST-000476,60,26.81,1661.56,One year,No,No,Electronic check,0
CUST-000477,1,45.67,87.59,One year,DSL,No,Credit card,0
CUST-000478,47,44.71,2098.24,Month-to-month,Fiber optic,No,Credit card,0
CUST-000479,7,91.96,780.57,Month-to-month,DSL,No,Bank transfer,1
CUST-000480,20,89.02,2052.93,Two year,DSL,No,Electronic check,0
CUST-000481,59,73.3,4632.42,One year,DSL,No,Credit card,0
CUST-000482,18,24.49,509.13,Month-to-month,DSL,Yes,Bank transfer,1
CUST-000483,57,55.65,3116.18,Two year,No,Yes,Credit card,0
CUST-000484,33,42.62,1334.49,One year,Fiber optic,Yes,Electronic check,0
CUST-000485,16,91.09,1544.46,Month-to-month,No,Yes,Mailed check,0
CUST-000486,24,100.35,2609.59,Month-to-month,Fiber optic,No,Mailed check,1
CUST-000487,38,96.69,3421.26,One year,Fiber optic,No,Credit card,0
CUST-000488,55,42.34,2261.39,Month-to-month,DSL,No,Mailed check,0
CUST-000489,43,15.0,633.09,One year,Fiber optic,No,Electronic check,0
CUST-000490,67,15.0,1038.18,One year,Fiber optic,No,Bank transfer,0
CUST-000491,62,107.65,6859.06,Month-to-month,No,Yes,Electronic check,0
CUST-000492,54,52.96,2800.03,Two year,No,No,Mailed check,0
CUST-000493,43,42.48,1885.85,Month-to-month,DSL,No,Credit card,0
CUST-000494,20,114.28,2262.51,Month-to-month,Fiber optic,No,Mailed check,0
CUST-000495,29,102.95,3022.79,One year,Fiber optic,Yes,Mailed check,0
CUST-000496,8,65.73,554.19,One year,Fiber optic,No,Electronic check,1
CUST-000497,26,56.2,1505.95,Month-to-month,DSL,No,Mailed check,0
CUST-000498,66,61.04,3925.8,One year,Fiber optic,No,Credit card,0
CUST-000499,30,71.81,2303.11,Two year,Fiber optic,Yes,Credit card,0
CUST-000500,8,113.0,1015.68,Two year,DSL,Yes,Credit card,0
CUST-000501,46,77.67,3609.29,Two year,Fiber optic,No,Mailed check,0
CUST-000502,69,86.78,6611.7,Month-to-month,DSL,No,Electronic check,0
CUST-000503,62,100.08,6425.75,Month-to-month,No,Yes,Electronic check,0
CUST-000504,19,29.91,587.18,One year,DSL,No,Electronic check,0
CUST-000505,32,87.65,2807.9,Month-to-month,DSL,No,Electronic check,0
CUST-000506,38,56.16,2061.0,One year,DSL,No,Bank transfer,0
CUST-000507,17,15.0,269.11,Month-to-month,No,No,Bank transfer,0
CUST-000508,19,15.0,304.61,Month-to-month,Fiber optic,No,Bank transfer,1
CUST-000509,17,34.46,560.85,Month-to-month,DSL,No,Electronic check,0
CUST-000510,71,80.94,5430.02,Month-to-month,DSL,No,Bank transfer,0
CUST-000511,53,68.41,3599.02,Month-to-month,Fiber optic,Yes,Electronic check,0
CUST-000512,60,70.53,4066.15,One year,Fiber optic,No,Bank transfer,1
CUST-000513,58,123.53,7303.93,One year,DSL,Yes,Credit card,0
CUST-000514,69,26.93,1902.08,Month-to-month,No,No,Mailed check,0
CUST-000515,7,64.18,510.28,Month-to-month,DSL,No,Mailed check,0
CUST-000516,63,74.13,4875.03,Two year,Fiber optic,No,Mailed check,0
CUST-000517,4,42.91,208.28,Month-to-month,DSL,No,Bank transfer,1
CUST-000518,34,65.85,2299.45,Month-to-month,Fiber optic,No,Bank transfer,0
CUST-000519,42,17.0,694.39,Month-to-month,Fiber optic,Yes,Electronic check,0
CUST-000520,25,107.3,2829.43,One year,Fiber optic,Yes,Mailed check,1
CUST-000521,10,44.55,491.93,Two year,Fiber optic,No,Bank transfer,1
CUST-000522,13,125.94,1657.53,One year,No,No,Bank transfer,0
CUST-000523,59,64.03,3811.76,Two year,No,No,Bank transfer,0
CUST-000524,22,95.84,2200.19,Two year,Fiber optic,No,Bank transfer,0
CUST-000525,22,63.4,1478.71,Month-to-month,Fiber optic,No,Mailed check,0
CUST-000526,66,64.08,4361.49,Month-to-month,No,No,Bank transfer,0
CUST-000527,10,47.48,503.44,Month-to-month,DSL,No,Mailed check,0
CUST-000528,65,68.57,4698.67,Month-to-month,DSL,No,Mailed check,0
CUST-000529,66,74.54,5124.79,One year,DSL,No,Mailed check,0
CUST-000530,43,41.47,1758.67,Month-to-month,No,No,Mailed check,0
CUST-000531,11,61.25,692.99,Month-to-month,DSL,No,Electronic check,1
CUST-000532,11,46.7,542.2,Month-to-month,DSL,Yes,Electronic check,0
CUST-000533,20,133.99,2606.74,One year,Fiber optic,Yes,Electronic check,1
CUST-000534,41,62.31,2644.16,One year,DSL,No,Mailed check,0
CUST-000535,11,111.36,1415.36,Two year,DSL,No,Mailed check,0
CUST-000536,32,59.13,2090.03,Month-to-month,Fiber optic,No,Electronic check,0
CUST-000537,8,72.78,619.33,Month-to-month,DSL,No,Electronic check,1
CUST-000538,38,25.36,1027.91,Two year,No,No,Bank transfer,0
CUST-000539,1,51.59,103.61,One year,DSL,No,Electronic check,0
CUST-000540,51,71.32,3264.17,One year,No,No,Credit card,0
CUST-000541,3,112.58,442.84,Month-to-month,Fiber optic,No,Electronic check,1
CUST-000542,14,71.66,1051.05,Month-to-month,DSL,No,Mailed check,1
CUST-000543,12,106.51,1468.48,Two year,DSL,Yes,Credit card,0
CUST-000544,59,84.22,4833.25,One year,Fiber optic,Yes,Electronic check,0
CUST-000545,3,113.82,468.11,One year,Fiber optic,No,Mailed check,1
CUST-000546,30,63.23,1949.6,Month-to-month,DSL,No,Mailed check,0
CUST-000547,42,136.71,5453.44,Month-to-month,No,No,Bank transfer,0
CUST-000548,37,50.44,1863.73,Month-to-month,Fiber optic,No,Credit card,0
CUST-000549,49,42.01,2261.15,One year,No,No,Bank transfer,1
CUST-000550,57,28.7,1650.08,Month-to-month,DSL,No,Mailed check,0
CUST-000551,28,134.93,4090.22,Month-to-month,DSL,No,Mailed check,0
CUST-000552,59,89.58,5603.73,Month-to-month,Fiber optic,No,Bank transfer,0
CUST-000553,22,54.98,1236.12,Two year,DSL,Yes,Mailed check,0
CUST-000554,70,102.47,6808.55,Month-to-month,DSL,No,Bank transfer,0
CUST-000555,36,85.63,2985.87,Month-to-month,DSL,No,Mailed check,0
CUST-000556,52,123.98,7048.1,One year,DSL,No,Electronic check,0
CUST-000557,63,18.57,1197.18,Two year,Fiber optic,No,Bank transfer,0
CUST-000558,57,57.04,3021.48,One year,DSL,No,Mailed check,0
CUST-000559,61,51.12,3301.88,Two year,No,Yes,Mailed check,0
CUST-000560,38,15.0,532.73,Month-to-month,DSL,Yes,Mailed check,1
CUST-000561,3,96.81,371.24,Two year,Fiber optic,No,Electronic check,1
CUST-000562,35,56.89,2056.3,Two year,Fiber optic,Yes,Mailed check,0
CUST-000563,13,87.19,1374.47,Month-to-month,Fiber optic,No,Credit card,1
CUST-000564,64,135.79,9186.68,One year,No,Yes,Mailed check,0
CUST-000565,17,54.4,955.63,Month-to-month,No,Yes,Bank transfer,0
CUST-000566,16,52.37,891.47,Month-to-month,DSL,No,Mailed check,0
CUST-000567,17,68.56,1290.83,Month-to-month,Fiber optic,Yes,Electronic check,0
CUST-000568,46,94.62,4763.17,Month-to-month,No,No,Credit card,0
CUST-000569,41,48.0,1990.98,Two year,DSL,No,Credit card,0
CUST-000570,68,46.07,3144.16,Month-to-month,Fiber optic,No,Electronic check,0
CUST-000571,29,96.72,2781.05,One year,DSL,Yes,Electronic check,0
CUST-000572,20,76.36,1656.87,Month-to-month,Fiber optic,Yes,Credit card,1
CUST-000573,3,15.0,63.08,Month-to-month,Fiber optic,No,Electronic check,1
CUST-000574,0,28.24,25.5,Month-to-month,Fiber optic,No,Credit card,0
CUST-000575,26,110.04,2912.06,Month-to-month,No,No,Electronic check,1
CUST-000576,66,77.06,4849.63,One year,Fiber optic,Yes,Credit card,0
CUST-000577,37,42.13,1613.18,Two year,No,Yes,Credit card,0
CUST-000578,64,59.89,3651.75,Month-to-month,Fiber optic,Yes,Electronic check,0
CUST-000579,7,65.4,488.64,Two year,Fiber optic,No,Electronic check,1
CUST-000580,6,87.07,643.74,One year,Fiber optic,Yes,Electronic check,0
CUST-000581,60,24.25,1467.13,One year,Fiber optic,Yes,Credit card,0
CUST-000582,7,39.77,317.22,Month-to-month,No,No,Mailed check,1
CUST-000583,3,73.19,299.07,Month-to-month,DSL,No,Bank transfer,0
CUST-000584,29,62.0,1950.44,Two year,No,No,Bank transfer,0
CUST-000585,66,82.16,5389.23,One year,Fiber optic,Yes,Bank transfer,0
CUST-000586,49,28.11,1377.88,Month-to-month,Fiber optic,No,Electronic check,0
CUST-000587,7,75.71,593.84,Two year,Fiber optic,Yes,Mailed check,0
CUST-000588,60,97.75,6285.03,Month-to-month,Fiber optic,No,Bank transfer,0
CUST-000589,60,79.6,4839.34,One year,Fiber optic,No,Electronic check,0
CUST-000590,57,69.17,3953.66,Month-to-month,Fiber optic,Yes,Mailed check,0
CUST-000591,64,62.12,4116.95,Two year,DSL,No,Bank transfer,1
CUST-000592,17,39.95,785.03,Month-to-month,Fiber optic,No,Mailed check,1
CUST-000593,70,62.84,4478.21,Month-to-month,Fiber optic,No,Mailed check,0
CUST-000594,23,102.79,2433.75,One year,Fiber optic,Yes,Credit card,1
CUST-000595,57,61.43,3909.02,Month-to-month,Fiber optic,No,Bank transfer,0
CUST-000596,41,38.31,1715.82,Two year,DSL,Yes,Bank transfer,0
CUST-000597,56,50.23,3032.88,One year,Fiber optic,No,Electronic check,1
CUST-000598,45,71.03,3185.38,Month-to-month,Fiber optic,Yes,Credit card,1
CUST-000599,46,53.79,2452.52,Month-to-month,Fiber optic,No,Credit card,1
CUST-000600,44,79.56,3251.83,Two year,Fiber optic,No,Credit card,0
CUST-000601,56,80.69,4820.95,One year,Fiber optic,No,Bank transfer,0
CUST-000602,53,91.67,4969.21,Two year,Fiber optic,No,Bank transfer,0
CUST-000603,9,107.71,980.08,Month-to-month,DSL,No,Bank transfer,1
CUST-000604,59,94.88,6034.62,Two year,DSL,No,Bank transfer,0
CUST-000605,38,36.97,1417.62,Month-to-month,Fiber optic,No,Mailed check,0
CUST-000606,23,37.89,899.72,One year,DSL,No,Bank transfer,0
CUST-000607,37,62.73,2203.3,Month-to-month,DSL,Yes,Mailed check,0
CUST-000608,69,51.46,3691.19,Month-to-month,DSL,No,Credit card,0
CUST-000609,61,30.85,1960.7,Two year,DSL,Yes,Mailed check,0
CUST-000610,60,51.75,3149.13,Two year,No,No,Mailed check,0
CUST-000611,33,50.76,1689.9,Month-to-month,DSL,No,Electronic check,1
CUST-000612,56,44.84,2891.82,Two year,DSL,Yes,Credit card,0
CUST-000613,27,55.53,1461.19,Month-to-month,No,No,Bank transfer,0
CUST-000614,49,100.35,4836.68,Month-to-month,No,No,Electronic check,0
CUST-000615,46,70.98,3454.06,Month-to-month,DSL,No,Electronic check,0
CUST-000616,17,139.15,2377.73,Month-to-month,No,No,Credit card,1
CUST-000617,19,70.12,1326.01,Month-to-month,DSL,Yes,Electronic check,0
CUST-000618,4,56.3,297.42,Month-to-month,Fiber optic,Yes,Mailed check,1
CUST-000619,10,65.12,738.04,Month-to-month,DSL,Yes,Electronic check,1
CUST-000620,31,72.69,2382.54,One year,Fiber optic,No,Bank transfer,0
CUST-000621,34,78.06,2756.85,Two year,DSL,Yes,Electronic check,0
CUST-000622,11,127.3,1474.75,One year,Fiber optic,No,Mailed check,0
CUST-000623,30,39.64,1213.33,Month-to-month,DSL,No,Bank transfer,1
CUST-000624,43,90.77,3978.15,One year,Fiber optic,No,Mailed check,0
CUST-000625,16,71.23,1262.19,Month-to-month,Fiber optic,No,Bank transfer,0
CUST-000626,24,17.87,456.19,One year,DSL,No,Bank transfer,0
CUST-000627,26,88.12,2268.89,One year,No,No,Mailed check,0
CUST-000628,36,103.03,3962.55,Month-to-month,Fiber optic,No,Mailed check,0
CUST-000629,26,39.28,971.67,Month-to-month,DSL,No,Mailed check,0
CUST-000630,53,64.73,3439.52,Two year,DSL,No,Mailed check,0
CUST-000631,23,15.0,339.44,Two year,DSL,No,Bank transfer,0
CUST-000632,31,27.24,834.2,One year,DSL,No,Credit card,0
CUST-000633,27,96.44,2960.47,Two year,Fiber optic,No,Bank transfer,1
CUST-000634,13,51.01,661.59,Two year,Fiber optic,No,Electronic check,1
CUST-000635,49,31.74,1521.8,Month-to-month,Fiber optic,No,Credit card,1
CUST-000636,16,71.88,1253.21,One year,Fiber optic,Yes,Credit card,0
CUST-000637,21,49.33,1059.71,Month-to-month,Fiber optic,No,Credit card,1
CUST-000638,57,50.88,2973.72,Month-to-month,DSL,Yes,Electronic check,0
CUST-000639,68,87.18,6445.37,Month-to-month,Fiber optic,No,Credit card,0
CUST-000640,48,30.15,1525.6,Two year,No,Yes,Mailed check,0
CUST-000641,65,37.84,2438.85,One year,DSL,No,Credit card,0
CUST-000642,61,69.62,4287.73,Month-to-month,Fiber optic,Yes,Credit card,0
CUST-000643,34,94.08,3380.24,Month-to-month,No,Yes,Credit card,0
CUST-000644,55,102.14,5901.72,Month-to-month,Fiber optic,No,Electronic check,0
CUST-000645,23,45.05,1082.28,One year,No,No,Bank transfer,0
CUST-000646,33,93.12,3223.21,Two year,DSL,Yes,Bank transfer,0
CUST-000647,38,41.48,1646.8,Month-to-month,Fiber optic,Yes,Bank transfer,1
CUST-000648,69,119.79,8346.37,Month-to-month,DSL,Yes,Credit card,0
CUST-000649,61,30.99,1863.05,One year,DSL,No,Bank transfer,0
CUST-000650,35,104.85,3914.91,Month-to-month,No,No,Electronic check,1
CUST-000651,46,45.31,2160.42,Month-to-month,DSL,No,Electronic check,1
CUST-000652,14,125.4,1685.25,Month-to-month,No,No,Bank transfer,0
CUST-000653,57,82.74,4600.74,Month-to-month,Fiber optic,No,Mailed check,0
CUST-000654,39,34.52,1347.6,Month-to-month,No,No,Mailed check,1
CUST-000655,38,49.33,1904.63,Two year,No,No,Credit card,0
CUST-000656,55,88.44,5250.5,Month-to-month,Fiber optic,Yes,Electronic check,0
CUST-000657,45,96.58,5153.99,Month-to-month,No,No,Bank transfer,0
CUST-000658,5,62.88,330.89,One year,Fiber optic,No,Mailed check,1
CUST-000659,20,66.34,1414.34,Two year,Fiber optic,No,Electronic check,1
CUST-000660,12,87.75,1144.73,Month-to-month,Fiber optic,No,Mailed check,1
CUST-000661,52,68.95,3621.58,Month-to-month,DSL,No,Mailed check,0
CUST-000662,2,26.19,80.72,One year,DSL,No,Mailed check,0
CUST-000663,14,40.61,613.72,Month-to-month,DSL,No,Electronic check,1
CUST-000664,43,72.05,3113.06,One year,Fiber optic,Yes,Bank transfer,0
CUST-000665,50,101.46,5182.25,Month-to-month,DSL,No,Mailed check,0
CUST-000666,36,113.48,4315.58,Month-to-month,Fiber optic,No,Bank transfer,1
CUST-000667,61,88.39,5606.37,Month-to-month,Fiber optic,Yes,Bank transfer,1
CUST-000668,66,73.62,4978.98,One year,Fiber optic,No,Bank transfer,0
CUST-000669,9,87.46,849.13,Month-to-month,No,Yes,Bank transfer,1
CUST-000670,68,45.0,3542.47,Month-to-month,No,Yes,Mailed check,0
CUST-000671,44,60.4,2767.0,Month-to-month,No,No,Mailed check,0
CUST-000672,45,40.28,1923.33,One year,Fiber optic,No,Bank transfer,0
CUST-000673,6,27.54,187.87,Month-to-month,DSL,No,Electronic check,1
CUST-000674,44,75.01,3407.28,One year,No,No,Bank transfer,0
CUST-000675,52,70.57,3773.93,One year,DSL,Yes,Mailed check,0
CUST-000676,41,85.63,3252.63,Month-to-month,DSL,No,Mailed check,0
CUST-000677,6,81.38,549.27,Two year,DSL,Yes,Electronic check,0
CUST-000678,37,72.28,2645.66,Two year,Fiber optic,Yes,Mailed check,0
CUST-000679,67,81.7,5388.71,Month-to-month,Fiber optic,No,Mailed check,0
CUST-000680,52,63.72,3196.48,Month-to-month,DSL,No,Credit card,0
CUST-000681,9,77.39,775.56,Month-to-month,Fiber optic,Yes,Bank transfer,1
CUST-000682,69,43.22,3236.45,Month-to-month,DSL,Yes,Mailed check,0
CUST-000683,69,76.09,5361.13,Month-to-month,DSL,No,Electronic check,0
CUST-000684,12,85.05,1040.38,Two year,DSL,Yes,Mailed check,0
CUST-000685,57,44.91,2470.49,Two year,DSL,No,Credit card,0
CUST-000686,29,66.55,1959.01,Month-to-month,Fiber optic,No,Electronic check,1
CUST-000687,42,46.29,1849.66,Month-to-month,DSL,Yes,Bank transfer,1
CUST-000688,32,49.2,1648.48,Month-to-month,DSL,No,Bank transfer,1
CUST-000689,56,31.25,1901.89,Month-to-month,DSL,No,Electronic check,1
CUST-000690,71,102.97,7200.58,Month-to-month,Fiber optic,No,Credit card,0
CUST-000691,57,96.97,5645.7,Two year,No,No,Mailed check,0
CUST-000692,67,81.12,5398.05,Two year,Fiber optic,No,Bank transfer,0
CUST-000693,68,124.17,8297.73,Month-to-month,Fiber optic,No,Electronic check,0
CUST-000694,6,59.32,419.19,One year,No,No,Credit card,0
CUST-000695,18,150.0,2755.48,One year,DSL,No,Electronic check,0
CUST-000696,51,58.17,2902.78,Two year,DSL,Yes,Mailed check,0
CUST-000697,42,72.66,2871.25,Month-to-month,Fiber optic,No,Credit card,0
CUST-000698,3,53.07,212.95,Month-to-month,DSL,Yes,Bank transfer,1
CUST-000699,6,76.17,561.63,One year,Fiber optic,No,Bank transfer,0
CUST-000700,37,90.07,3543.64,Month-to-month,Fiber optic,No,Mailed check,1
CUST-000701,44,61.58,2977.94,One year,DSL,No,Credit card,0
CUST-000702,12,118.3,1486.05,Month-to-month,Fiber optic,Yes,Credit card,1
CUST-000703,12,72.17,978.18,One year,Fiber optic,No,Bank transfer,0
CUST-000704,9,73.11,690.84,Two year,DSL,No,Electronic check,0
CUST-000705,40,37.73,1601.79,Month-to-month,No,No,Credit card,1
CUST-000706,0,77.55,83.93,Month-to-month,Fiber optic,No,Electronic check,0
CUST-000707,41,60.98,2624.95,One year,DSL,No,Credit card,0
CUST-000708,34,46.75,1772.31,Month-to-month,DSL,No,Electronic check,0
CUST-000709,33,41.71,1375.55,One year,DSL,No,Electronic check,1
CUST-000710,48,145.15,7064.76,One year,DSL,Yes,Electronic check,0
CUST-000711,37,57.1,2070.3,Month-to-month,DSL,No,Electronic check,0
CUST-000712,52,21.29,1130.36,Two year,DSL,No,Bank transfer,0
CUST-000713,55,44.05,2500.25,Month-to-month,No,Yes,Mailed check,0
CUST-000714,66,63.45,4256.88,One year,No,No,Electronic check,0
CUST-000715,57,81.4,4609.28,Month-to-month,Fiber optic,No,Mailed check,0
CUST-000716,37,81.64,3026.35,Month-to-month,Fiber optic,Yes,Credit card,1
CUST-000717,35,85.3,3123.74,Month-to-month,Fiber optic,No,Bank transfer,1
CUST-000718,16,45.65,769.94,Two year,Fiber optic,No,Bank transfer,0
CUST-000719,43,75.21,3118.79,Two year,No,No,Mailed check,0
CUST-000720,10,38.72,385.5,Two year,Fiber optic,No,Bank transfer,0
CUST-000721,67,46.41,3061.96,Month-to-month,Fiber optic,No,Credit card,0
CUST-000722,60,37.47,2127.63,Month-to-month,No,No,Bank transfer,0
CUST-000723,8,29.35,253.1,One year,Fiber optic,Yes,Electronic check,0
CUST-000724,56,96.93,5407.86,One year,DSL,Yes,Bank transfer,0
CUST-000725,8,85.66,765.29,Month-to-month,DSL,Yes,Credit card,1
CUST-000726,51,94.3,4740.31,Two year,Fiber optic,Yes,Electronic check,0
CUST-000727,6,66.18,514.01,Month-to-month,DSL,Yes,Mailed check,0
CUST-000728,35,88.3,2978.5,Month-to-month,DSL,No,Bank transfer,0
CUST-000729,47,15.0,763.53,Two year,DSL,No,Electronic check,0
CUST-000730,52,90.89,4778.15,Month-to-month,DSL,Yes,Bank transfer,0
CUST-000731,30,70.31,2108.06,Month-to-month,No,No,Credit card,0
CUST-000732,66,83.81,5780.47,One year,Fiber optic,Yes,Bank transfer,0
CUST-000733,55,76.4,4181.56,Two year,DSL,No,Mailed check,0
CUST-000734,14,35.39,509.41,Month-to-month,Fiber optic,No,Electronic check,0
CUST-000735,48,20.06,1070.84,One year,DSL,No,Bank transfer,0
CUST-000736,52,43.64,2059.06,Month-to-month,Fiber optic,Yes,Credit card,0
CUST-000737,24,81.95,2023.6,Month-to-month,Fiber optic,No,Credit card,1
CUST-000738,53,85.7,4671.93,Month-to-month,DSL,No,Bank transfer,0
CUST-000739,64,23.96,1667.16,Month-to-month,Fiber optic,Yes,Electronic check,0
CUST-000740,58,35.57,2056.65,Month-to-month,DSL,No,Mailed check,1
CUST-000741,54,43.3,2698.54,Month-to-month,Fiber optic,No,Mailed check,0
CUST-000742,45,54.28,2591.69,One year,No,Yes,Electronic check,0
CUST-000743,19,24.14,425.63,One year,No,No,Electronic check,0
CUST-000744,57,22.34,1201.46,One year,DSL,No,Bank transfer,0
CUST-000745,26,40.34,1102.22,Two year,Fiber optic,No,Electronic check,0
CUST-000746,38,67.59,2485.16,Month-to-month,Fiber optic,No,Electronic check,0
CUST-000747,22,29.58,699.03,Month-to-month,No,No,Credit card,1
CUST-000748,22,61.53,1382.99,Month-to-month,DSL,Yes,Bank transfer,0
CUST-000749,11,96.76,1091.64,One year,Fiber optic,Yes,Credit card,0
CUST-000750,69,25.95,1728.67,Month-to-month,DSL,No,Electronic check,0
CUST-000751,10,58.81,674.43,Month-to-month,DSL,No,Mailed check,1
CUST-000752,6,95.74,602.41,Month-to-month,Fiber optic,No,Bank transfer,1
CUST-000753,67,52.45,3753.14,Month-to-month,Fiber optic,Yes,Bank transfer,0
CUST-000754,39,47.79,2014.3,Two year,DSL,No,Mailed check,0
CUST-000755,31,99.9,3143.98,One year,No,No,Credit card,0
CUST-000756,53,55.81,2802.31,Month-to-month,Fiber optic,No,Bank transfer,0
CUST-000757,27,98.13,2824.15,One year,No,No,Electronic check,0
CUST-000758,9,77.87,759.75,One year,Fiber optic,Yes,Electronic check,1
CUST-000759,52,54.71,2680.19,Month-to-month,No,Yes,Electronic check,0
CUST-000760,12,79.39,1130.6,Month-to-month,Fiber optic,Yes,Credit card,0
CUST-000761,39,74.61,2852.56,One year,DSL,No,Credit card,0
CUST-000762,68,95.63,6112.55,Month-to-month,DSL,No,Mailed check,0
CUST-000763,67,48.55,3348.43,Month-to-month,No,No,Bank transfer,0
CUST-000764,25,66.24,1716.3,Month-to-month,DSL,No,Credit card,1
CUST-000765,56,63.15,3867.31,One year,Fiber optic,No,Electronic check,0
CUST-000766,44,86.12,3801.86,Two year,Fiber optic,No,Credit card,0
CUST-000767,34,34.24,1176.39,One year,DSL,No,Mailed check,0
CUST-000768,10,95.51,1068.21,Month-to-month,DSL,No,Mailed check,1
CUST-000769,27,78.99,2233.78,Month-to-month,Fiber optic,No,Electronic check,1
CUST-000770,46,25.49,1211.92,One year,Fiber optic,Yes,Bank transfer,0
CUST-000771,71,101.25,7388.97,Two year,Fiber optic,Yes,Bank transfer,0
CUST-000772,0,132.02,133.11,Two year,DSL,Yes,Electronic check,0
CUST-000773,51,95.06,4839.93,Two year,Fiber optic,No,Bank transfer,0
CUST-000774,60,107.81,6850.18,Month-to-month,DSL,No,Electronic check,0
CUST-000775,68,67.56,4577.83,One year,Fiber optic,No,Mailed check,0
CUST-000776,30,15.15,488.69,Two year,DSL,Yes,Bank transfer,0
CUST-000777,8,15.0,144.37,One year,DSL,No,Credit card,0
CUST-000778,19,72.65,1403.82,One year,No,No,Electronic check,0
CUST-000779,61,47.24,3281.05,Month-to-month,DSL,No,Mailed check,0
CUST-000780,63,37.56,2318.36,One year,Fiber optic,No,Mailed check,0
CUST-000781,45,63.12,2801.01,Month-to-month,DSL,Yes,Bank transfer,0
CUST-000782,8,83.47,771.49,Month-to-month,DSL,Yes,Credit card,0
CUST-000783,8,21.42,197.01,Two year,DSL,No,Bank transfer,1
CUST-000784,34,51.53,1810.16,Two year,No,Yes,Credit card,0
CUST-000785,42,110.3,4936.77,Two year,Fiber optic,No,Mailed check,0
CUST-000786,2,32.74,99.46,Month-to-month,DSL,No,Bank transfer,0
CUST-000787,49,91.09,5025.08,Month-to-month,Fiber optic,Yes,Mailed check,0
CUST-000788,39,50.46,2012.95,Month-to-month,Fiber optic,No,Credit card,0
CUST-000789,0,81.37,77.9,Two year,Fiber optic,Yes,Electronic check,0
CUST-000790,6,97.92,666.53,One year,No,No,Credit card,1
CUST-000791,32,87.24,2946.71,Two year,Fiber optic,No,Bank transfer,0
CUST-000792,52,92.27,5009.39,Month-to-month,Fiber optic,No,Credit card,0
CUST-000793,59,30.45,1845.99,One year,DSL,Yes,Bank transfer,0
CUST-000794,31,98.41,3015.35,One year,No,No,Mailed check,0
CUST-000795,21,39.42,915.29,Month-to-month,Fiber optic,No,Mailed check,0
CUST-000796,69,72.79,5588.49,Two year,DSL,No,Electronic check,0
CUST-000797,33,72.75,2477.03,One year,No,No,Credit card,0
CUST-000798,22,79.55,1995.38,Month-to-month,No,No,Electronic check,1
CUST-000799,31,75.11,2507.58,Month-to-month,Fiber optic,No,Credit card,1
CUST-000800,0,39.69,44.09,Two year,DSL,No,Bank transfer,0
CUST-000801,21,24.5,551.83,One year,Fiber optic,No,Electronic check,0
CUST-000802,37,91.17,3488.14,One year,No,No,Credit card,1
CUST-000803,66,70.58,4927.69,One year,Fiber optic,No,Electronic check,0
CUST-000804,53,99.48,5255.53,Month-to-month,DSL,Yes,Electronic check,1
CUST-000805,56,63.66,3702.37,One year,DSL,No,Bank transfer,0
CUST-000806,39,22.85,974.6,Two year,DSL,Yes,Electronic check,0
CUST-000807,7,93.98,782.68,Month-to-month,DSL,Yes,Electronic check,0
CUST-000808,28,53.89,1560.36,One year,Fiber optic,No,Bank transfer,0
CUST-000809,71,75.26,5473.03,Month-to-month,DSL,Yes,Credit card,0
CUST-000810,3,45.58,189.21,Month-to-month,Fiber optic,Yes,Electronic check,1
CUST-000811,63,114.33,7582.1,Month-to-month,No,No,Bank transfer,0
CUST-000812,49,38.7,2007.73,Two year,Fiber optic,No,Bank transfer,0
CUST-000813,20,54.88,1171.98,Month-to-month,DSL,Yes,Electronic check,0
CUST-000814,56,68.22,3728.42,Month-to-month,No,No,Electronic check,0
CUST-000815,60,32.23,1900.91,One year,DSL,Yes,Mailed check,0
CUST-000816,3,74.92,306.57,Month-to-month,No,No,Bank transfer,1
CUST-000817,7,113.36,944.56,One year,DSL,No,Electronic check,0
CUST-000818,47,50.29,2498.45,Two year,Fiber optic,Yes,Mailed check,0
CUST-000819,71,76.85,5346.69,Month-to-month,Fiber optic,No,Mailed check,0
CUST-000820,1,15.0,29.77,Month-to-month,Fiber optic,No,Bank transfer,0
CUST-000821,47,63.83,2884.05,Two year,Fiber optic,No,Electronic check,0
CUST-000822,9,55.61,517.4,Month-to-month,DSL,No,Bank transfer,1
CUST-000823,46,40.45,1908.66,Month-to-month,Fiber optic,No,Credit card,0
CUST-000824,44,97.44,4682.73,Two year,DSL,No,Bank transfer,0
CUST-000825,6,55.21,388.42,Two year,Fiber optic,No,Bank transfer,1
CUST-000826,49,59.68,3268.46,One year,Fiber optic,No,Electronic check,0
CUST-000827,64,53.68,3460.84,One year,Fiber optic,No,Credit card,0
CUST-000828,62,15.0,946.48,Two year,DSL,Yes,Mailed check,0
CUST-000829,2,31.04,88.51,One year,Fiber optic,No,Electronic check,1
CUST-000830,17,93.83,1659.67,One year,Fiber optic,No,Bank transfer,0
CUST-000831,17,15.0,253.94,Two year,DSL,No,Mailed check,0
CUST-000832,32,42.01,1279.23,One year,Fiber optic,No,Mailed check,0
CUST-000833,10,53.01,548.9,Month-to-month,DSL,No,Credit card,0
CUST-000834,61,117.31,7304.15,Month-to-month,DSL,Yes,Bank transfer,0
CUST-000835,55,88.06,4749.61,Month-to-month,Fiber optic,Yes,Mailed check,0
CUST-000836,58,48.28,2777.61,Month-to-month,DSL,No,Credit card,0
CUST-000837,14,104.14,1594.04,Month-to-month,DSL,No,Mailed check,0
CUST-000838,1,42.78,78.94,Month-to-month,Fiber optic,No,Credit card,1
CUST-000839,65,95.27,6313.5,Two year,Fiber optic,No,Credit card,0
CUST-000840,20,24.23,530.49,Month-to-month,DSL,No,Mailed check,1
CUST-000841,47,97.2,4883.5,Month-to-month,DSL,No,Credit card,1
CUST-000842,65,52.82,3575.89,Month-to-month,Fiber optic,No,Bank transfer,1
CUST-000843,2,34.14,102.17,Month-to-month,Fiber optic,Yes,Credit card,1
CUST-000844,0,58.49,56.66,One year,Fiber optic,No,Mailed check,0
CUST-000845,0,73.32,73.02,Month-to-month,Fiber optic,No,Mailed check,1
CUST-000846,11,50.16,651.65,Month-to-month,Fiber optic,No,Mailed check,1
CUST-000847,3,81.62,330.93,Two year,No,Yes,Bank transfer,0
CUST-000848,59,47.51,2835.38,Month-to-month,DSL,No,Bank transfer,0
CUST-000849,43,83.61,3782.58,Month-to-month,DSL,No,Mailed check,1
CUST-000850,70,78.27,5570.75,Two year,DSL,No,Mailed check,0
CUST-000851,57,63.17,3705.36,One year,DSL,No,Mailed check,1
CUST-000852,69,51.76,3578.4,One year,Fiber optic,No,Bank transfer,0
CUST-000853,17,69.55,1225.86,Two year,No,No,Electronic check,0
CUST-000854,20,81.51,1796.9,Two year,DSL,No,Bank transfer,0
CUST-000855,61,126.85,7097.98,Month-to-month,DSL,Yes,Credit card,1
CUST-000856,17,93.18,1717.42,One year,Fiber optic,No,Mailed check,0
CUST-000857,4,94.28,460.16,One year,No,Yes,Mailed check,0
CUST-000858,48,150.0,6649.83,Month-to-month,DSL,Yes,Electronic check,0
CUST-000859,57,80.48,4440.31,Two year,Fiber optic,No,Bank transfer,0
CUST-000860,69,79.54,5557.72,Month-to-month,No,Yes,Mailed check,0
CUST-000861,66,86.12,5799.35,Two year,Fiber optic,No,Credit card,0
CUST-000862,8,34.73,324.14,One year,Fiber optic,No,Credit card,0
CUST-000863,55,51.68,3011.18,Month-to-month,Fiber optic,No,Credit card,1
CUST-000864,60,49.81,2803.71,Month-to-month,DSL,Yes,Electronic check,0
CUST-000865,50,84.43,4387.12,Two year,Fiber optic,No,Electronic check,1
CUST-000866,59,59.77,3717.13,One year,DSL,No,Mailed check,0
CUST-000867,60,69.15,4264.12,Month-to-month,Fiber optic,No,Bank transfer,0
CUST-000868,32,97.62,3302.51,Month-to-month,No,No,Electronic check,1
CUST-000869,2,90.89,246.34,One year,DSL,No,Mailed check,0
CUST-000870,32,60.15,1886.62,Month-to-month,Fiber optic,No,Electronic check,0
CUST-000871,14,44.9,719.5,One year,DSL,Yes,Mailed check,0
CUST-000872,8,99.06,879.06,One year,DSL,No,Mailed check,0
CUST-000873,8,88.22,882.2,Month-to-month,Fiber optic,No,Electronic check,0
CUST-000874,50,16.81,802.62,One year,DSL,No,Mailed check,0
CUST-000875,36,55.61,2218.26,Month-to-month,Fiber optic,No,Bank transfer,1
CUST-000876,38,69.97,2645.33,Two year,DSL,No,Credit card,0
CUST-000877,53,88.36,4977.47,Two year,No,No,Credit card,0
CUST-000878,39,92.3,3637.59,Month-to-month,Fiber optic,No,Mailed check,1
CUST-000879,45,73.52,3401.35,Month-to-month,Fiber optic,No,Credit card,0
CUST-000880,6,82.56,595.11,Month-to-month,Fiber optic,No,Mailed check,1
CUST-000881,61,66.92,4022.05,Two year,Fiber optic,Yes,Mailed check,0
CUST-000882,32,44.78,1537.08,Month-to-month,DSL,No,Credit card,0
CUST-000883,11,57.16,676.83,One year,No,No,Mailed check,0
CUST-000884,58,65.57,3903.05,Two year,DSL,No,Bank transfer,0
CUST-000885,52,63.96,2941.52,Month-to-month,DSL,No,Electronic check,0
CUST-000886,3,15.0,58.99,One year,Fiber optic,No,Mailed check,0
CUST-000887,13,53.08,790.0,Month-to-month,Fiber optic,No,Credit card,1
CUST-000888,1,66.69,138.0,One year,Fiber optic,No,Electronic check,1
CUST-000889,19,56.56,1181.32,Month-to-month,No,Yes,Credit card,0
CUST-000890,7,57.6,461.99,Two year,Fiber optic,No,Mailed check,0
CUST-000891,51,79.64,4488.36,Month-to-month,DSL,Yes,Credit card,0
CUST-000892,37,32.63,1257.87,Month-to-month,DSL,No,Mailed check,0
CUST-000893,70,16.16,1109.4,Two year,DSL,No,Mailed check,0
CUST-000894,53,54.55,3071.93,Two year,Fiber optic,Yes,Mailed check,0
CUST-000895,44,87.92,4139.07,One year,DSL,Yes,Electronic check,0
CUST-000896,36,115.63,4412.86,One year,Fiber optic,No,Credit card,0
CUST-000897,3,88.46,346.73,Month-to-month,Fiber optic,Yes,Bank transfer,0
CUST-000898,5,20.95,127.48,One year,Fiber optic,No,Bank transfer,1
CUST-000899,44,58.03,2793.22,Month-to-month,DSL,No,Mailed check,1
CUST-000900,0,72.7,74.43,Month-to-month,DSL,Yes,Credit card,0
CUST-000901,3,70.33,260.53,Two year,No,No,Mailed check,0
CUST-000902,15,81.18,1258.03,One year,Fiber optic,No,Electronic check,1
CUST-000903,63,37.49,2318.26,Month-to-month,Fiber optic,Yes,Electronic check,0
CUST-000904,33,66.95,2190.39,Month-to-month,Fiber optic,No,Credit card,0
CUST-000905,51,77.61,3609.68,Two year,No,No,Electronic check,0
CUST-000906,29,89.77,2947.68,Month-to-month,DSL,No,Credit card,0
CUST-000907,12,40.83,507.51,Month-to-month,No,Yes,Mailed check,1
CUST-000908,26,54.65,1416.11,Month-to-month,DSL,No,Electronic check,1
CUST-000909,6,15.0,94.81,Month-to-month,No,No,Credit card,0
CUST-000910,55,46.36,2708.4,Month-to-month,DSL,No,Bank transfer,0
CUST-000911,13,49.27,686.61,Two year,DSL,No,Bank transfer,1
CUST-000912,27,34.41,946.64,Month-to-month,DSL,No,Bank transfer,0
CUST-000913,70,69.97,4893.73,Month-to-month,No,No,Credit card,0
CUST-000914,42,63.32,2802.85,One year,No,Yes,Electronic check,0
CUST-000915,33,15.0,497.76,One year,DSL,No,Electronic check,0
CUST-000916,39,71.47,2574.33,One year,DSL,No,Bank transfer,0
CUST-000917,56,37.15,1980.82,One year,DSL,No,Bank transfer,0
CUST-000918,18,79.57,1410.29,One year,DSL,No,Bank transfer,0
CUST-000919,45,26.54,1237.85,One year,Fiber optic,No,Mailed check,0
CUST-000920,62,65.9,4344.77,One year,DSL,Yes,Bank transfer,0
CUST-000921,41,56.51,2547.15,One year,No,No,Electronic check,0
CUST-000922,32,74.09,2245.2,One year,No,No,Bank transfer,0
CUST-000923,10,68.74,779.6,Month-to-month,DSL,No,Mailed check,0
CUST-000924,17,57.35,1000.47,One year,Fiber optic,No,Mailed check,0
CUST-000925,68,18.91,1495.66,One year,No,Yes,Electronic check,0
CUST-000926,38,20.68,862.47,Month-to-month,No,No,Credit card,1
CUST-000927,21,47.48,1133.53,Two year,Fiber optic,No,Credit card,0
CUST-000928,30,64.75,2087.84,Month-to-month,DSL,No,Credit card,1
CUST-000929,41,46.75,2001.1,Month-to-month,DSL,No,Credit card,1
CUST-000930,38,83.76,3200.75,Two year,Fiber optic,No,Bank transfer,0
CUST-000931,50,56.62,2801.26,Month-to-month,Fiber optic,Yes,Mailed check,1
CUST-000932,18,36.05,657.54,Month-to-month,Fiber optic,No,Electronic check,1
CUST-000933,46,56.66,2745.11,Month-to-month,Fiber optic,No,Bank transfer,0
CUST-000934,31,71.78,2476.02,Two year,Fiber optic,No,Credit card,0
CUST-000935,67,74.75,4992.09,Month-to-month,DSL,Yes,Mailed check,0
CUST-000936,11,121.35,1403.62,One year,Fiber optic,No,Credit card,1
CUST-000937,10,44.93,457.6,One year,No,No,Electronic check,0
CUST-000938,33,62.8,2161.17,One year,DSL,No,Mailed check,1
CUST-000939,36,77.78,3054.89,Two year,DSL,No,Bank transfer,0
CUST-000940,49,64.3,3420.51,Two year,No,No,Mailed check,0
CUST-000941,29,49.98,1602.79,Month-to-month,Fiber optic,No,Credit card,1
CUST-000942,65,18.52,1247.86,Two year,Fiber optic,No,Mailed check,0
CUST-000943,34,49.67,1746.46,Month-to-month,No,No,Credit card,0
CUST-000944,9,32.79,348.91,Month-to-month,Fiber optic,No,Mailed check,1
CUST-000945,8,15.0,127.51,Month-to-month,No,Yes,Electronic check,0
CUST-000946,70,41.13,2855.84,One year,No,No,Bank transfer,0
CUST-000947,9,33.59,364.6,Month-to-month,DSL,No,Bank transfer,0
CUST-000948,68,82.51,5387.53,One year,Fiber optic,Yes,Bank transfer,0
CUST-000949,20,83.03,1740.68,Month-to-month,DSL,No,Electronic check,0
CUST-000950,6,37.88,273.56,Month-to-month,Fiber optic,Yes,Mailed check,1
CUST-000951,21,57.19,1263.45,Month-to-month,Fiber optic,No,Electronic check,0
CUST-000952,44,15.0,713.79,Two year,Fiber optic,No,Credit card,0
CUST-000953,30,50.17,1673.91,Month-to-month,No,Yes,Electronic check,1
CUST-000954,56,76.97,4492.48,Month-to-month,Fiber optic,Yes,Credit card,0
CUST-000955,43,89.75,4223.38,Month-to-month,Fiber optic,Yes,Electronic check,1
CUST-000956,28,43.61,1205.93,Month-to-month,Fiber optic,Yes,Bank transfer,1
CUST-000957,45,96.56,4406.57,One year,Fiber optic,Yes,Mailed check,0
CUST-000958,69,19.53,1531.45,Month-to-month,DSL,No,Electronic check,0
CUST-000959,29,27.57,907.49,Month-to-month,Fiber optic,No,Mailed check,1
CUST-000960,11,86.29,969.37,Two year,Fiber optic,No,Electronic check,0
CUST-000961,29,115.13,3451.81,Month-to-month,DSL,Yes,Bank transfer,1
CUST-000962,60,79.8,4901.1,Month-to-month,Fiber optic,Yes,Credit card,0
CUST-000963,15,63.79,1041.89,One year,Fiber optic,Yes,Mailed check,1
CUST-000964,68,15.0,1100.93,One year,DSL,Yes,Mailed check,0
CUST-000965,42,15.0,704.31,One year,No,No,Electronic check,0
CUST-000966,43,68.88,3036.49,Month-to-month,DSL,Yes,Mailed check,0
CUST-000967,22,54.26,1317.95,Month-to-month,Fiber optic,No,Credit card,1
CUST-000968,66,31.82,2201.38,Month-to-month,Fiber optic,No,Bank transfer,0
CUST-000969,2,66.97,200.69,Month-to-month,DSL,Yes,Credit card,1
CUST-000970,21,68.45,1378.12,Month-to-month,Fiber optic,Yes,Credit card,1
CUST-000971,30,93.33,3040.64,Two year,DSL,No,Electronic check,0
CUST-000972,34,69.1,2491.61,One year,DSL,No,Electronic check,0
CUST-000973,34,101.85,3634.25,Month-to-month,Fiber optic,Yes,Mailed check,1
CUST-000974,10,65.24,682.43,Month-to-month,DSL,No,Credit card,0
CUST-000975,16,61.54,1148.66,One year,No,No,Electronic check,0
CUST-000976,6,96.93,683.68,Month-to-month,Fiber optic,No,Electronic check,1
CUST-000977,41,35.65,1411.72,Month-to-month,DSL,No,Credit card,1
CUST-000978,25,149.43,3632.28,Month-to-month,No,No,Electronic check,1
CUST-000979,40,76.26,3232.47,One year,Fiber optic,No,Mailed check,0
CUST-000980,42,76.42,3402.48,One year,Fiber optic,No,Credit card,0
CUST-000981,50,80.75,4023.05,Month-to-month,Fiber optic,No,Electronic check,1
CUST-000982,39,121.31,4964.81,Month-to-month,No,No,Electronic check,0
CUST-000983,46,88.78,4311.71,One year,DSL,No,Bank transfer,0
CUST-000984,42,16.85,729.55,One year,DSL,Yes,Electronic check,0
CUST-000985,46,107.1,4857.37,One year,No,No,Bank transfer,0
CUST-000986,44,54.77,2583.27,Month-to-month,DSL,No,Bank transfer,0
CUST-000987,22,68.21,1634.65,One year,Fiber optic,No,Electronic check,1
CUST-000988,17,26.62,492.8,Two year,Fiber optic,Yes,Bank transfer,0
CUST-000989,56,80.79,4412.85,One year,Fiber optic,No,Mailed check,0
CUST-000990,24,45.46,1060.84,Month-to-month,Fiber optic,Yes,Credit card,1
CUST-000991,39,68.01,2730.61,One year,No,No,Mailed check,0
CUST-000992,14,56.48,886.53,Month-to-month,DSL,No,Bank transfer,1
CUST-000993,31,122.75,4132.34,Month-to-month,Fiber optic,No,Mailed check,1
CUST-000994,38,124.47,4996.08,Month-to-month,Fiber optic,No,Credit card,0
CUST-000995,45,66.4,2985.4,Two year,DSL,Yes,Mailed check,0
CUST-000996,37,66.92,2440.68,Month-to-month,No,Yes,Bank transfer,0
CUST-000997,25,53.8,1397.53,Two year,Fiber optic,No,Credit card,1
CUST-000998,69,98.18,6870.08,Month-to-month,DSL,Yes,Credit card,0
CUST-000999,36,55.13,2152.84,Month-to-month,No,No,Credit card,0
CUST-001000,58,52.36,3015.14,Month-to-month,No,No,Bank transfer,1
CUST-001001,53,94.36,4994.27,One year,DSL,Yes,Bank transfer,0
CUST-001002,40,48.85,2208.69,Month-to-month,Fiber optic,No,Mailed check,1
CUST-001003,63,63.87,4404.54,Month-to-month,DSL,No,Bank transfer,0
CUST-001004,9,17.56,167.86,Month-to-month,DSL,No,Bank transfer,0
CUST-001005,66,86.13,6194.19,Month-to-month,DSL,No,Bank transfer,0
CUST-001006,61,123.23,7211.45,Month-to-month,No,No,Mailed check,1
CUST-001007,36,86.64,3135.99,Month-to-month,DSL,No,Mailed check,0
CUST-001008,52,108.85,5676.88,Month-to-month,DSL,Yes,Electronic check,0
CUST-001009,37,39.62,1499.6,Two year,Fiber optic,Yes,Bank transfer,0
CUST-001010,19,72.09,1486.47,Month-to-month,Fiber optic,No,Electronic check,0
CUST-001011,57,36.71,2140.24,Month-to-month,DSL,Yes,Electronic check,0
CUST-001012,17,58.17,1079.19,Month-to-month,DSL,No,Mailed check,0
CUST-001013,22,88.17,1987.08,Month-to-month,Fiber optic,No,Electronic check,1
CUST-001014,37,68.05,2634.46,One year,Fiber optic,No,Bank transfer,0
CUST-001015,60,22.62,1385.32,Month-to-month,Fiber optic,No,Electronic check,0
CUST-001016,27,25.55,665.72,Month-to-month,DSL,Yes,Mailed check,0
CUST-001017,35,23.57,868.83,One year,Fiber optic,Yes,Bank transfer,0
CUST-001018,2,79.74,240.38,Month-to-month,Fiber optic,No,Bank transfer,1
CUST-001019,8,126.92,1101.48,Two year,DSL,No,Bank transfer,1
CUST-001020,4,105.87,518.12,Two year,DSL,No,Mailed check,0
CUST-001021,5,15.0,88.2,Month-to-month,Fiber optic,Yes,Mailed check,0
CUST-001022,62,107.63,6697.8,Month-to-month,DSL,No,Credit card,0
CUST-001023,60,93.09,6178.03,Month-to-month,DSL,No,Mailed check,0
CUST-001024,59,18.64,1235.35,Month-to-month,No,No,Bank transfer,0
CUST-001025,4,55.9,241.42,Month-to-month,Fiber optic,Yes,Credit card,0
CUST-001026,5,97.87,601.53,One year,Fiber optic,No,Electronic check,0
CUST-001027,20,81.51,1793.51,Month-to-month,DSL,No,Electronic check,1
CUST-001028,40,25.73,1043.42,Month-to-month,Fiber optic,No,Mailed check,0
CUST-001029,24,83.32,2179.72,Month-to-month,Fiber optic,Yes,Mailed check,1
CUST-001030,35,15.0,584.66,Two year,No,No,Electronic check,0
CUST-001031,12,58.32,706.1,Two year,Fiber optic,No,Credit card,0
CUST-001032,52,99.14,5289.49,Month-to-month,Fiber optic,No,Bank transfer,0
CUST-001033,22,65.55,1655.2,One year,DSL,No,Bank transfer,0
CUST-001034,4,50.03,234.68,Month-to-month,Fiber optic,Yes,Bank transfer,0
CUST-001035,53,91.68,4922.22,One year,No,No,Mailed check,0
CUST-001036,65,94.24,6080.56,One year,Fiber optic,No,Bank transfer,0
CUST-001037,1,104.3,219.57,Two year,Fiber optic,No,Electronic check,0
CUST-001038,31,91.23,3093.25,Month-to-month,No,No,Bank transfer,0
CUST-001039,59,97.44,5893.93,Month-to-month,No,No,Credit card,0
CUST-001040,50,86.99,4443.49,Two year,DSL,Yes,Credit card,0
CUST-001041,61,72.97,4135.02,Month-to-month,DSL,No,Mailed check,0
CUST-001042,29,67.69,2175.03,Month-to-month,Fiber optic,No,Electronic check,1
CUST-001043,26,57.88,1535.22,One year,No,Yes,Credit card,0
CUST-001044,51,28.63,1478.11,One year,Fiber optic,No,Bank transfer,0
CUST-001045,11,36.34,457.27,One year,DSL,Yes,Credit card,0
CUST-001046,17,56.54,1027.77,One year,Fiber optic,No,Mailed check,1
CUST-001047,43,72.24,3338.26,One year,DSL,No,Credit card,0
CUST-001048,48,108.22,5462.99,Month-to-month,DSL,No,Credit card,0
CUST-001049,8,63.75,579.56,One year,DSL,No,Electronic check,0
CUST-001050,36,95.1,3573.48,One year,DSL,Yes,Bank transfer,0
CUST-001051,26,97.38,2481.64,Two year,Fiber optic,No,Mailed check,0
CUST-001052,36,58.06,2132.09,Month-to-month,DSL,No,Bank transfer,0
CUST-001053,69,82.84,6113.16,Month-to-month,DSL,Yes,Mailed check,0
CUST-001054,5,57.69,330.61,One year,Fiber optic,Yes,Electronic check,0
CUST-001055,71,104.66,7266.3,Month-to-month,DSL,No,Mailed check,0
CUST-001056,32,84.08,2652.46,Month-to-month,Fiber optic,No,Bank transfer,1
CUST-001057,55,29.29,1652.56,Two year,DSL,Yes,Mailed check,0
CUST-001058,30,69.85,2317.06,Month-to-month,DSL,Yes,Mailed check,0
CUST-001059,22,114.44,2704.21,Month-to-month,Fiber optic,No,Mailed check,1
CUST-001060,55,59.56,2972.47,Month-to-month,DSL,No,Bank transfer,0
CUST-001061,49,78.43,4048.75,Month-to-month,DSL,No,Mailed check,0
CUST-001062,10,81.38,875.35,One year,DSL,No,Electronic check,1
CUST-001063,50,33.9,1773.0,Month-to-month,DSL,No,Bank transfer,0
CUST-001064,54,80.32,4384.65,Month-to-month,DSL,Yes,Electronic check,0
CUST-001065,27,23.18,621.25,Month-to-month,DSL,No,Mailed check,0
CUST-001066,66,46.23,3086.43,Month-to-month,DSL,No,Bank transfer,0
CUST-001067,46,97.27,4470.85,Month-to-month,DSL,No,Mailed check,1
CUST-001068,24,75.7,1921.69,Month-to-month,No,No,Electronic check,1
CUST-001069,0,55.87,53.39,Month-to-month,DSL,No,Mailed check,1
CUST-001070,48,78.39,3625.27,Month-to-month,DSL,No,Mailed check,1
CUST-001071,15,63.2,1048.17,Month-to-month,Fiber optic,Yes,Bank transfer,1
CUST-001072,54,65.38,3795.11,Month-to-month,DSL,Yes,Bank transfer,0
CUST-001073,37,84.7,3312.13,Month-to-month,Fiber optic,No,Electronic check,0
CUST-001074,33,43.18,1420.46,Month-to-month,DSL,No,Credit card,0
CUST-001075,11,66.21,765.12,Month-to-month,Fiber optic,Yes,Bank transfer,1
CUST-001076,51,55.63,2794.14,Month-to-month,No,No,Electronic check,0
CUST-001077,11,17.43,218.5,Month-to-month,DSL,No,Mailed check,1
CUST-001078,30,37.39,1111.17,One year,DSL,No,Credit card,1
CUST-001079,60,112.05,7136.93,Month-to-month,Fiber optic,No,Bank transfer,0
CUST-001080,66,76.54,5291.61,One year,No,Yes,Mailed check,0
CUST-001081,71,25.29,1933.75,One year,Fiber optic,No,Credit card,0
CUST-001082,68,18.79,1365.38,Month-to-month,Fiber optic,No,Bank transfer,0
CUST-001083,40,61.64,2595.6,Month-to-month,DSL,No,Bank transfer,1
CUST-001084,14,111.84,1554.35,Month-to-month,Fiber optic,No,Electronic check,0
CUST-001085,60,59.4,3733.76,Month-to-month,DSL,Yes,Bank transfer,0
CUST-001086,57,104.21,6079.08,Month-to-month,Fiber optic,Yes,Electronic check,1
CUST-001087,71,75.56,5338.64,Month-to-month,DSL,Yes,Credit card,0
CUST-001088,46,79.14,3972.8,Two year,Fiber optic,No,Electronic check,0
CUST-001089,10,24.93,272.14,Month-to-month,DSL,No,Electronic check,0
CUST-001090,36,93.13,3354.44,One year,Fiber optic,No,Mailed check,0
CUST-001091,32,54.95,1915.34,One year,Fiber optic,No,Mailed check,0
CUST-001092,60,90.89,5432.16,Month-to-month,No,Yes,Mailed check,0
CUST-001093,28,40.57,1142.58,Two year,No,No,Credit card,0
CUST-001094,23,70.31,1592.37,Two year,Fiber optic,No,Mailed check,0
CUST-001095,5,75.56,434.77,Month-to-month,Fiber optic,Yes,Credit card,1
CUST-001096,60,60.38,3547.88,Month-to-month,DSL,No,Electronic check,0
CUST-001097,54,77.14,4374.24,Month-to-month,No,No,Bank transfer,0
CUST-001098,2,57.01,162.31,Month-to-month,Fiber optic,No,Electronic check,1
CUST-001099,31,45.53,1321.57,Month-to-month,Fiber optic,Yes,Electronic check,1
CUST-001100,34,113.16,4020.81,Month-to-month,Fiber optic,No,Electronic check,1
CUST-001101,33,96.47,3175.97,Month-to-month,Fiber optic,No,Mailed check,0
CUST-001102,66,42.17,2823.36,One year,No,No,Mailed check,0
CUST-001103,10,82.05,960.46,Month-to-month,No,Yes,Credit card,0
CUST-001104,22,42.72,986.07,Month-to-month,Fiber optic,Yes,Credit card,0
CUST-001105,13,29.46,443.56,Month-to-month,Fiber optic,No,Bank transfer,0
CUST-001106,17,96.01,1722.37,One year,No,No,Mailed check,0
CUST-001107,65,15.0,1039.84,One year,Fiber optic,Yes,Mailed check,0
CUST-001108,67,92.81,6138.05,Month-to-month,Fiber optic,No,Mailed check,1
CUST-001109,3,57.42,230.91,One year,Fiber optic,Yes,Electronic check,1
CUST-001110,45,58.65,2572.21,Month-to-month,Fiber optic,No,Bank transfer,1
CUST-001111,16,77.29,1260.48,One year,Fiber optic,No,Credit card,1
CUST-001112,13,82.44,1141.14,One year,Fiber optic,No,Bank transfer,0
CUST-001113,21,40.21,825.85,Month-to-month,No,No,Bank transfer,0
CUST-001114,13,86.53,1221.1,One year,No,No,Mailed check,0
CUST-001115,35,68.4,2425.16,Two year,Fiber optic,No,Credit card,0
CUST-001116,71,27.32,1989.99,One year,DSL,Yes,Credit card,0
CUST-001117,42,59.9,2406.73,Month-to-month,Fiber optic,No,Mailed check,0
CUST-001118,52,106.44,5839.17,One year,Fiber optic,No,Credit card,0
CUST-001119,35,115.3,4503.04,Month-to-month,Fiber optic,No,Mailed check,1
CUST-001120,1,86.52,185.9,One year,No,No,Electronic check,0
CUST-001121,6,29.29,224.55,Two year,DSL,Yes,Mailed check,0
CUST-001122,19,79.72,1597.75,Month-to-month,DSL,Yes,Credit card,0
CUST-001123,17,90.53,1600.76,Month-to-month,No,No,Mailed check,1
CUST-001124,60,86.77,5422.09,Month-to-month,No,No,Credit card,0
CUST-001125,60,88.55,5337.13,Month-to-month,Fiber optic,Yes,Mailed check,0
CUST-001126,61,75.9,4296.17,Month-to-month,DSL,Yes,Mailed check,0
CUST-001127,45,62.83,3008.46,Month-to-month,Fiber optic,Yes,Electronic check,0
CUST-001128,40,46.75,1894.24,One year,Fiber optic,No,Credit card,0
CUST-001129,46,15.0,653.28,Month-to-month,Fiber optic,Yes,Mailed check,0
CUST-001130,29,75.19,2198.35,Month-to-month,DSL,No,Electronic check,0
CUST-001131,48,70.58,3421.9,One year,DSL,No,Electronic check,0
CUST-001132,57,81.73,4742.99,Month-to-month,Fiber optic,No,Bank transfer,0
CUST-001133,54,24.87,1369.68,Month-to-month,Fiber optic,No,Credit card,0
CUST-001134,44,84.35,4055.6,One year,Fiber optic,Yes,Credit card,1
CUST-001135,4,126.64,592.39,Two year,Fiber optic,No,Electronic check,1
CUST-001136,52,67.35,3542.58,One year,DSL,No,Bank transfer,0
CUST-001137,26,63.15,1630.12,Month-to-month,Fiber optic,No,Mailed check,1
CUST-001138,53,74.27,4262.48,Month-to-month,No,No,Bank transfer,0
CUST-001139,38,125.97,4774.92,Two year,Fiber optic,No,Bank transfer,0
CUST-001140,63,34.29,2156.87,One year,Fiber optic,Yes,Electronic check,0
CUST-001141,24,71.1,1870.69,One year,Fiber optic,No,Electronic check,0
CUST-001142,67,41.01,2973.42,One year,No,No,Bank transfer,0
CUST-001143,60,48.59,3182.22,Month-to-month,Fiber optic,No,Bank transfer,1
CUST-001144,23,63.51,1399.07,Month-to-month,Fiber optic,Yes,Credit card,0
CUST-001145,34,105.42,3778.78,One year,No,Yes,Credit card,0
CUST-001146,38,119.03,4704.86,Two year,DSL,Yes,Electronic check,0
CUST-001147,55,78.44,4381.63,Month-to-month,Fiber optic,No,Bank transfer,0
CUST-001148,49,53.7,2694.05,One year,Fiber optic,No,Mailed check,0
CUST-001149,61,139.78,9223.65,Month-to-month,No,No,Mailed check,0
CUST-001150,26,52.17,1481.83,Two year,Fiber optic,Yes,Electronic check,0
CUST-001151,36,47.87,1850.46,Month-to-month,DSL,Yes,Credit card,1
CUST-001152,31,15.0,484.97,One year,No,Yes,Electronic check,1
CUST-001153,65,106.88,7855.13,Month-to-month,Fiber optic,Yes,Credit card,0
CUST-001154,21,94.05,2027.6,One year,Fiber optic,No,Credit card,1
CUST-001155,42,137.53,5436.13,One year,DSL,Yes,Credit card,0
CUST-001156,8,23.31,207.05,Month-to-month,DSL,No,Electronic check,1
CUST-001157,61,108.75,6761.66,Two year,Fiber optic,No,Mailed check,0
CUST-001158,27,67.1,2001.34,Two year,Fiber optic,No,Electronic check,0
CUST-001159,24,89.18,2172.61,Two year,No,No,Bank transfer,0
CUST-001160,41,15.57,669.86,Month-to-month,DSL,No,Credit card,0
CUST-001161,35,109.04,3635.58,One year,Fiber optic,No,Bank transfer,0
CUST-001162,61,88.6,5789.93,One year,DSL,Yes,Electronic check,0
CUST-001163,38,63.83,2497.98,One year,Fiber optic,No,Mailed check,0
CUST-001164,37,84.35,3160.46,Month-to-month,DSL,Yes,Electronic check,1
CUST-001165,7,42.04,372.12,One year,Fiber optic,No,Mailed check,0
CUST-001166,1,47.62,100.33,Month-to-month,DSL,No,Mailed check,0
CUST-001167,28,51.1,1404.76,Month-to-month,Fiber optic,No,Credit card,1
CUST-001168,71,15.0,1074.09,Month-to-month,DSL,Yes,Electronic check,0
CUST-001169,66,90.85,6919.95,Month-to-month,Fiber optic,Yes,Mailed check,0
CUST-001170,45,100.75,5092.93,Month-to-month,DSL,Yes,Electronic check,0
CUST-001171,45,43.96,2115.46,Month-to-month,Fiber optic,No,Credit card,0
CUST-001172,28,75.45,1985.88,One year,Fiber optic,No,Mailed check,0
CUST-001173,12,57.03,790.82,Month-to-month,DSL,No,Credit card,1
CUST-001174,0,74.85,72.47,Month-to-month,DSL,No,Bank transfer,1
CUST-001175,24,46.17,1230.71,One year,DSL,Yes,Mailed check,0
CUST-001176,22,38.5,853.44,Two year,Fiber optic,No,Bank transfer,0
CUST-001177,13,96.56,1384.91,Two year,No,No,Electronic check,1
CUST-001178,18,63.08,1160.22,Two year,DSL,No,Credit card,0
CUST-001179,1,125.66,246.76,Two year,Fiber optic,No,Credit card,1
CUST-001180,43,66.39,3012.0,One year,Fiber optic,No,Mailed check,0
CUST-001181,66,37.22,2329.14,Two year,Fiber optic,Yes,Electronic check,0
CUST-001182,49,101.81,5694.24,Two year,Fiber optic,No,Mailed check,0
CUST-001183,32,83.92,2627.25,Month-to-month,No,No,Credit card,0
CUST-001184,30,86.81,2545.25,Two year,Fiber optic,No,Bank transfer,0
CUST-001185,22,100.72,2388.92,One year,No,Yes,Electronic check,0
CUST-001186,10,45.42,531.85,One year,DSL,No,Electronic check,1
CUST-001187,43,61.18,2648.45,Two year,No,No,Electronic check,0
CUST-001188,40,59.86,2322.64,Month-to-month,No,Yes,Credit card,0
CUST-001189,0,26.28,25.07,Month-to-month,No,No,Mailed check,1
CUST-001190,29,57.09,1624.56,One year,DSL,No,Credit card,0
CUST-001191,20,105.09,2240.93,One year,No,No,Mailed check,1
CUST-001192,12,72.12,934.28,Two year,DSL,Yes,Credit card,0
CUST-001193,50,24.62,1282.26,Two year,Fiber optic,No,Credit card,0
CUST-001194,37,18.32,709.05,One year,DSL,No,Bank transfer,0
CUST-001195,45,114.94,5505.31,Two year,Fiber optic,No,Electronic check,0
CUST-001196,51,62.29,3172.71,Month-to-month,Fiber optic,No,Electronic check,0
CUST-001197,70,45.58,3116.57,Two year,DSL,No,Electronic check,0
CUST-001198,57,56.78,3318.99,Month-to-month,DSL,No,Bank transfer,0
CUST-001199,44,20.68,928.08,One year,DSL,No,Bank transfer,0
CUST-001200,63,107.69,6979.51,Month-to-month,Fiber optic,No,Credit card,1
CUST-001201,34,53.21,1796.02,One year,No,No,Credit card,0
CUST-001202,70,106.02,7769.28,Month-to-month,Fiber optic,Yes,Mailed check,1
CUST-001203,54,66.55,3444.57,Month-to-month,Fiber optic,No,Mailed check,1
CUST-001204,46,107.89,4958.99,One year,No,Yes,Credit card,0
CUST-001205,65,72.7,5069.13,One year,Fiber optic,No,Credit card,0
CUST-001206,37,90.6,3247.95,Month-to-month,Fiber optic,Yes,Mailed check,1
CUST-001207,51,86.57,4738.18,One year,Fiber optic,No,Electronic check,0
CUST-001208,20,83.7,1633.84,Month-to-month,DSL,No,Electronic check,1
CUST-001209,69,75.44,4862.11,Month-to-month,Fiber optic,No,Credit card,0
CUST-001210,44,58.01,2415.65,Month-to-month,Fiber optic,No,Mailed check,1
CUST-001211,56,122.46,7021.16,One year,Fiber optic,Yes,Bank transfer,0
CUST-001212,33,37.79,1331.8,One year,Fiber optic,No,Credit card,0
CUST-001213,62,65.13,4368.33,One year,DSL,No,Credit card,0
CUST-001214,5,65.45,416.49,Two year,Fiber optic,No,Mailed check,0
CUST-001215,8,77.07,723.58,One year,DSL,No,Bank transfer,0
CUST-001216,36,52.12,1848.09,One year,No,No,Electronic check,0
CUST-001217,52,74.44,3779.64,Two year,DSL,Yes,Credit card,0
CUST-001218,58,59.93,3675.44,Month-to-month,Fiber optic,Yes,Credit card,0
CUST-001219,31,17.54,601.22,Month-to-month,Fiber optic,No,Mailed check,1
CUST-001220,46,65.29,2910.27,Month-to-month,DSL,No,Mailed check,0
CUST-001221,39,31.98,1362.09,One year,Fiber optic,No,Bank transfer,0
CUST-001222,69,15.0,949.18,Month-to-month,DSL,No,Mailed check,0
CUST-001223,47,69.11,3381.77,Month-to-month,Fiber optic,No,Bank transfer,1
CUST-001224,30,79.64,2455.92,Two year,No,No,Electronic check,0
CUST-001225,69,80.8,5598.32,Two year,DSL,No,Mailed check,1
CUST-001226,7,82.02,657.15,Month-to-month,Fiber optic,Yes,Credit card,1
CUST-001227,70,15.0,1019.54,Month-to-month,No,No,Credit card,0
CUST-001228,11,24.17,296.5,Month-to-month,Fiber optic,No,Electronic check,1
CUST-001229,20,124.21,2616.23,Month-to-month,No,Yes,Credit card,1
CUST-001230,59,33.58,2109.26,Two year,Fiber optic,No,Electronic check,0
CUST-001231,52,83.33,4767.41,One year,Fiber optic,No,Credit card,0
CUST-001232,69,44.39,3127.15,Month-to-month,DSL,No,Mailed check,0
CUST-001233,53,67.39,3490.1,Month-to-month,DSL,Yes,Mailed check,1
CUST-001234,45,46.0,1995.71,Month-to-month,Fiber optic,Yes,Bank transfer,0
CUST-001235,24,81.85,2219.9,Month-to-month,No,No,Credit card,0
CUST-001236,0,69.1,74.53,Month-to-month,DSL,Yes,Mailed check,1
CUST-001237,8,51.55,484.55,One year,No,Yes,Mailed check,1
CUST-001238,21,33.49,739.09,Month-to-month,Fiber optic,No,Credit card,1
CUST-001239,2,73.03,228.03,Two year,Fiber optic,Yes,Credit card,0
CUST-001240,36,28.62,1127.95,Month-to-month,No,No,Bank transfer,0
CUST-001241,55,77.82,4223.51,One year,No,No,Electronic check,0
CUST-001242,69,143.79,10080.61,Month-to-month,Fiber optic,Yes,Credit card,0
CUST-001243,35,105.51,3588.1,Month-to-month,DSL,No,Bank transfer,0
CUST-001244,63,86.55,5503.48,Two year,DSL,Yes,Bank transfer,0
CUST-001245,70,62.43,4774.92,One year,DSL,Yes,Electronic check,0
CUST-001246,61,15.0,980.15,Month-to-month,Fiber optic,No,Credit card,1
CUST-001247,33,25.33,867.08,Month-to-month,DSL,No,Bank transfer,0
CUST-001248,23,103.48,2149.16,One year,Fiber optic,No,Electronic check,0
CUST-001249,70,41.31,2836.65,Two year,DSL,No,Mailed check,0
CUST-001250,17,44.02,796.46,One year,Fiber optic,No,Mailed check,1
CUST-001251,29,60.03,1781.47,Month-to-month,Fiber optic,No,Credit card,1
CUST-001252,5,33.14,199.16,Month-to-month,Fiber optic,No,Mailed check,1
CUST-001253,57,28.2,1655.26,Month-to-month,Fiber optic,No,Credit card,0
CUST-001254,46,63.49,2904.21,Month-to-month,No,No,Bank transfer,0
CUST-001255,6,38.25,267.68,One year,No,Yes,Mailed check,0
CUST-001256,15,42.77,679.2,One year,Fiber optic,No,Mailed check,0
CUST-001257,39,41.56,1604.11,Month-to-month,DSL,No,Credit card,0
CUST-001258,38,80.67,3436.61,One year,No,Yes,Mailed check,0
CUST-001259,57,58.04,3285.91,One year,No,No,Bank transfer,0
CUST-001260,19,59.64,1058.41,One year,No,No,Electronic check,1
CUST-001261,66,82.91,6050.15,Month-to-month,Fiber optic,Yes,Mailed check,0
CUST-001262,32,60.74,1919.57,Month-to-month,DSL,No,Bank transfer,0
CUST-001263,59,56.65,3552.09,Month-to-month,Fiber optic,No,Mailed check,0
CUST-001264,17,79.11,1375.56,Month-to-month,Fiber optic,No,Credit card,1
CUST-001265,2,85.05,262.4,Month-to-month,DSL,No,Electronic check,0
CUST-001266,3,60.59,241.77,Month-to-month,Fiber optic,No,Credit card,0
CUST-001267,26,67.42,1911.34,Month-to-month,Fiber optic,No,Electronic check,0
CUST-001268,68,41.55,2836.06,Month-to-month,DSL,No,Mailed check,0
CUST-001269,3,39.18,151.58,Two year,Fiber optic,Yes,Bank transfer,1
CUST-001270,26,88.07,2408.57,One year,Fiber optic,Yes,Mailed check,0
CUST-001271,7,78.35,614.8,Month-to-month,Fiber optic,No,Bank transfer,1
CUST-001272,67,78.66,4832.87,Two year,DSL,No,Credit card,0
CUST-001273,48,73.43,3489.65,Month-to-month,No,No,Mailed check,0
CUST-001274,54,66.39,4174.96,Month-to-month,Fiber optic,Yes,Bank transfer,0
CUST-001275,51,85.89,4059.65,Two year,Fiber optic,Yes,Credit card,0
CUST-001276,47,93.05,4520.39,Month-to-month,Fiber optic,Yes,Credit card,1
CUST-001277,55,92.34,5108.06,Month-to-month,Fiber optic,No,Electronic check,0
CUST-001278,0,61.98,67.67,Month-to-month,Fiber optic,Yes,Bank transfer,1
CUST-001279,62,106.61,6343.31,Month-to-month,DSL,No,Credit card,0
CUST-001280,53,71.85,3899.76,One year,No,No,Credit card,0
CUST-001281,53,83.97,4690.03,Month-to-month,DSL,No,Credit card,0
CUST-001282,28,73.46,2111.32,Month-to-month,No,No,Electronic check,0
CUST-001283,57,72.41,4038.61,Month-to-month,Fiber optic,Yes,Credit card,0
CUST-001284,27,42.93,1200.63,Month-to-month,DSL,No,Credit card,0
CUST-001285,3,86.04,338.84,Month-to-month,Fiber optic,No,Bank transfer,1
CUST-001286,65,150.0,9745.41,Two year,DSL,Yes,Electronic check,0
CUST-001287,16,53.76,956.38,One year,No,No,Electronic check,0
CUST-001288,7,67.13,547.86,Month-to-month,Fiber optic,No,Mailed check,0
CUST-001289,44,51.61,2386.7,One year,Fiber optic,Yes,Credit card,0
CUST-001290,16,50.36,870.25,Month-to-month,Fiber optic,No,Electronic check,1
CUST-001291,61,111.33,7233.96,Month-to-month,No,Yes,Bank transfer,0
CUST-001292,31,44.81,1527.46,Month-to-month,Fiber optic,Yes,Electronic check,0
CUST-001293,0,50.78,50.05,Month-to-month,Fiber optic,Yes,Credit card,0
CUST-001294,68,17.38,1248.01,One year,Fiber optic,No,Electronic check,0
CUST-001295,37,42.27,1502.22,Two year,DSL,No,Electronic check,0
CUST-001296,18,15.0,252.89,Month-to-month,Fiber optic,No,Electronic check,0
CUST-001297,48,83.95,4489.42,Month-to-month,Fiber optic,No,Bank transfer,0
CUST-001298,38,148.99,5713.79,One year,No,No,Credit card,1
CUST-001299,2,54.0,164.04,Month-to-month,Fiber optic,No,Mailed check,1
CUST-001300,54,15.0,774.46,Month-to-month,Fiber optic,No,Bank transfer,0
CUST-001301,28,92.0,2498.4,Two year,Fiber optic,No,Bank transfer,0
CUST-001302,50,43.19,2124.28,Two year,Fiber optic,No,Mailed check,0
CUST-001303,64,103.98,6975.99,Two year,Fiber optic,No,Credit card,0
CUST-001304,43,56.54,2423.47,Month-to-month,No,Yes,Mailed check,0
CUST-001305,48,46.05,2218.35,Month-to-month,DSL,No,Electronic check,0
CUST-001306,18,59.66,1091.37,Month-to-month,Fiber optic,Yes,Electronic check,1
CUST-001307,17,87.73,1671.25,Two year,No,No,Electronic check,1
CUST-001308,29,58.18,1821.11,Month-to-month,Fiber optic,No,Electronic check,1
CUST-001309,61,50.1,3030.9,Month-to-month,DSL,Yes,Electronic check,0
CUST-001310,37,59.04,2320.07,Month-to-month,Fiber optic,No,Electronic check,0
CUST-001311,25,26.84,689.39,One year,DSL,No,Electronic check,0
CUST-001312,56,76.91,4309.93,One year,DSL,No,Bank transfer,0
CUST-001313,61,15.0,927.69,One year,Fiber optic,No,Electronic check,0
CUST-001314,64,51.68,3466.99,Month-to-month,No,No,Bank transfer,0
CUST-001315,21,87.78,1845.04,One year,DSL,Yes,Electronic check,0
CUST-001316,51,74.09,3949.54,Month-to-month,No,No,Credit card,0
CUST-001317,42,82.71,4000.69,Month-to-month,Fiber optic,No,Mailed check,0
CUST-001318,32,63.05,2099.65,Month-to-month,No,No,Mailed check,0
CUST-001319,28,100.09,2907.86,Month-to-month,Fiber optic,No,Bank transfer,1
CUST-001320,8,92.74,831.16,Month-to-month,No,No,Credit card,1
CUST-001321,19,78.38,1605.17,Two year,No,Yes,Credit card,0
CUST-001322,39,92.83,3414.08,Month-to-month,No,No,Mailed check,0
CUST-001323,63,87.51,6077.19,Month-to-month,Fiber optic,No,Mailed check,0
CUST-001324,62,51.82,3424.56,One year,DSL,No,Mailed check,0
CUST-001325,13,24.68,334.43,One year,Fiber optic,Yes,Electronic check,0
CUST-001326,48,77.61,3808.93,Month-to-month,Fiber optic,No,Mailed check,0
CUST-001327,6,81.38,553.8,One year,DSL,No,Credit card,0
CUST-001328,48,97.71,4859.63,Month-to-month,No,Yes,Mailed check,0
CUST-001329,24,36.91,925.59,Month-to-month,DSL,Yes,Mailed check,0
CUST-001330,32,37.81,1261.9,One year,No,No,Electronic check,0
CUST-001331,51,78.8,3886.77,One year,Fiber optic,Yes,Mailed check,0
CUST-001332,30,62.86,1901.89,Month-to-month,No,No,Electronic check,0
CUST-001333,58,15.0,935.71,Month-to-month,No,No,Mailed check,1
CUST-001334,38,76.25,2894.51,Month-to-month,Fiber optic,No,Mailed check,0
CUST-001335,71,15.0,937.25,Month-to-month,Fiber optic,No,Credit card,0
CUST-001336,45,36.64,1672.85,Two year,DSL,No,Bank transfer,0
CUST-001337,21,105.55,2602.1,Month-to-month,No,Yes,Mailed check,0
CUST-001338,55,119.75,6990.42,Two year,No,No,Bank transfer,0
CUST-001339,29,28.53,830.91,Month-to-month,DSL,Yes,Credit card,0
CUST-001340,38,55.12,2144.17,Two year,DSL,Yes,Electronic check,0
CUST-001341,9,66.28,685.32,Month-to-month,Fiber optic,Yes,Mailed check,1
CUST-001342,8,118.44,972.33,Month-to-month,DSL,No,Bank transfer,1
CUST-001343,41,50.21,2018.71,Month-to-month,No,Yes,Electronic check,0
CUST-001344,13,50.69,723.84,Month-to-month,DSL,Yes,Bank transfer,0
CUST-001345,71,111.46,8665.05,Two year,No,No,Electronic check,0
CUST-001346,61,53.76,3259.68,One year,No,Yes,Credit card,0
CUST-001347,50,86.67,4766.28,One year,No,No,Credit card,0
CUST-001348,52,20.69,1054.99,Month-to-month,Fiber optic,No,Electronic check,0
CUST-001349,42,59.86,2138.38,One year,DSL,No,Bank transfer,0
CUST-001350,4,15.21,78.89,One year,No,Yes,Electronic check,1
CUST-001351,28,33.34,992.89,Two year,Fiber optic,Yes,Bank transfer,0
CUST-001352,35,90.18,3365.83,One year,No,No,Bank transfer,0
CUST-001353,65,63.5,4337.27,One year,Fiber optic,No,Credit card,0
CUST-001354,15,55.43,895.33,Month-to-month,DSL,Yes,Electronic check,1
CUST-001355,35,42.54,1511.53,Two year,No,No,Bank transfer,0
CUST-001356,24,58.38,1443.4,Month-to-month,No,No,Credit card,1
CUST-001357,9,74.03,723.29,Month-to-month,DSL,Yes,Electronic check,0
CUST-001358,7,94.49,740.77,Two year,Fiber optic,No,Mailed check,0
CUST-001359,26,15.0,368.33,Month-to-month,DSL,No,Bank transfer,1
CUST-001360,5,40.05,225.69,Month-to-month,Fiber optic,No,Electronic check,1
CUST-001361,4,69.77,346.01,Month-to-month,Fiber optic,No,Electronic check,0
CUST-001362,25,62.03,1432.17,Month-to-month,Fiber optic,No,Credit card,1
CUST-001363,14,77.1,1040.41,Two year,DSL,No,Bank transfer,0
CUST-001364,39,73.03,2872.23,Two year,DSL,No,Electronic check,0
CUST-001365,1,55.85,110.99,Month-to-month,Fiber optic,No,Credit card,1
CUST-001366,21,49.19,1065.32,Two year,DSL,No,Bank transfer,0
CUST-001367,32,57.63,1675.63,One year,Fiber optic,No,Mailed check,0
CUST-001368,69,99.46,7502.78,Two year,Fiber optic,Yes,Credit card,0
CUST-001369,45,43.04,1837.65,Month-to-month,Fiber optic,No,Mailed check,0
CUST-001370,63,63.12,3874.17,Month-to-month,Fiber optic,No,Mailed check,0
CUST-001371,24,70.5,1651.31,Month-to-month,DSL,Yes,Bank transfer,0
CUST-001372,32,111.81,3929.4,Month-to-month,DSL,No,Electronic check,0
CUST-001373,30,55.99,1772.29,One year,No,No,Electronic check,0
CUST-001374,63,93.76,5858.91,Month-to-month,No,No,Electronic check,0
CUST-001375,69,101.96,6943.15,Month-to-month,No,No,Mailed check,0
CUST-001376,69,63.09,4455.77,One year,No,Yes,Electronic check,0
CUST-001377,54,58.68,3026.16,Month-to-month,Fiber optic,No,Bank transfer,1
CUST-001378,36,55.13,2078.58,Month-to-month,No,Yes,Credit card,0
CUST-001379,38,57.33,2174.36,One year,Fiber optic,No,Mailed check,1
CUST-001380,70,90.63,6601.71,Two year,Fiber optic,No,Electronic check,0
CUST-001381,20,71.93,1547.22,Month-to-month,No,No,Electronic check,0
CUST-001382,24,72.06,1748.0,Two year,Fiber optic,Yes,Electronic check,0
CUST-001383,64,31.24,1822.38,Two year,Fiber optic,No,Bank transfer,0
CUST-001384,27,35.98,994.88,One year,Fiber optic,No,Mailed check,0
CUST-001385,16,129.3,2038.85,Month-to-month,DSL,No,Mailed check,1
CUST-001386,40,59.67,2455.89,One year,Fiber optic,Yes,Credit card,0
CUST-001387,23,41.76,989.31,Two year,No,Yes,Mailed check,0
CUST-001388,64,107.93,6809.39,Month-to-month,Fiber optic,No,Bank transfer,0
CUST-001389,65,73.45,4533.94,Two year,DSL,No,Credit card,0
CUST-001390,22,82.34,2006.31,Two year,Fiber optic,No,Electronic check,0
CUST-001391,38,60.86,2319.64,Month-to-month,Fiber optic,No,Electronic check,0
CUST-001392,70,55.44,4399.39,One year,Fiber optic,No,Electronic check,0
CUST-001393,53,59.91,3240.92,Month-to-month,Fiber optic,No,Electronic check,0
CUST-001394,15,23.52,382.9,One year,Fiber optic,Yes,Credit card,0
CUST-001395,42,62.36,2686.83,Two year,Fiber optic,Yes,Credit card,0
CUST-001396,44,73.88,3381.42,Month-to-month,Fiber optic,Yes,Bank transfer,0
CUST-001397,47,120.51,6100.71,Month-to-month,Fiber optic,No,Electronic check,0
CUST-001398,1,67.58,142.62,Month-to-month,Fiber optic,No,Credit card,1
CUST-001399,21,15.0,300.85,Two year,Fiber optic,No,Credit card,0
CUST-001400,61,62.18,4020.09,Month-to-month,DSL,No,Mailed check,0
CUST-001401,17,147.19,2715.19,Two year,Fiber optic,No,Bank transfer,1
CUST-001402,21,90.99,2005.39,Month-to-month,Fiber optic,No,Bank transfer,0
CUST-001403,23,40.67,1059.75,Month-to-month,Fiber optic,No,Bank transfer,1
CUST-001404,12,82.73,1169.79,Two year,No,Yes,Mailed check,0
CUST-001405,11,42.74,536.07,One year,DSL,Yes,Mailed check,0
CUST-001406,24,24.39,593.08,Month-to-month,No,No,Mailed check,0
CUST-001407,62,54.55,3231.68,Month-to-month,DSL,No,Mailed check,0
CUST-001408,0,67.75,70.3,Month-to-month,Fiber optic,No,Credit card,1
CUST-001409,20,15.0,336.41,Month-to-month,No,No,Credit card,1
CUST-001410,4,30.53,137.14,Month-to-month,Fiber optic,No,Electronic check,1
CUST-001411,40,65.31,2823.15,One year,No,No,Electronic check,0
CUST-001412,18,52.75,989.57,Month-to-month,No,Yes,Mailed check,0
CUST-001413,57,76.84,4053.84,Month-to-month,DSL,No,Credit card,0
CUST-001414,42,28.56,1256.9,Month-to-month,No,No,Bank transfer,1
CUST-001415,56,86.42,5150.12,Month-to-month,No,Yes,Credit card,0
CUST-001416,45,29.49,1332.58,Two year,Fiber optic,No,Bank transfer,0
CUST-001417,31,114.28,3463.69,Month-to-month,DSL,No,Bank transfer,0
CUST-001418,61,15.0,1009.61,Month-to-month,DSL,No,Bank transfer,0
CUST-001419,34,32.22,1090.11,One year,No,Yes,Electronic check,0
CUST-001420,68,77.52,5659.06,Two year,No,No,Electronic check,0
CUST-001421,71,114.93,7648.74,One year,No,No,Bank transfer,0
CUST-001422,42,74.45,3268.0,Two year,Fiber optic,Yes,Mailed check,0
CUST-001423,48,81.89,4090.14,Two year,DSL,No,Bank transfer,0
CUST-001424,18,65.53,1299.37,One year,Fiber optic,No,Mailed check,0
CUST-001425,58,34.21,2168.94,Two year,Fiber optic,No,Electronic check,0
CUST-001426,48,50.3,2364.24,Month-to-month,DSL,No,Bank transfer,0
CUST-001427,64,28.64,1910.25,Two year,DSL,No,Credit card,0
CUST-001428,19,26.64,496.37,Two year,DSL,No,Mailed check,1
CUST-001429,56,77.05,4089.4,Two year,DSL,No,Electronic check,1
CUST-001430,33,31.3,1033.58,Month-to-month,Fiber optic,No,Mailed check,0
CUST-001431,13,74.59,1065.58,One year,Fiber optic,No,Credit card,1
CUST-001432,12,25.95,365.57,Month-to-month,Fiber optic,No,Mailed check,1
CUST-001433,40,73.89,3311.14,One year,Fiber optic,No,Electronic check,0
CUST-001434,23,50.34,1186.71,Month-to-month,No,No,Credit card,1
CUST-001435,7,107.2,870.69,One year,Fiber optic,No,Electronic check,1
CUST-001436,30,74.71,2425.26,One year,Fiber optic,No,Electronic check,0
CUST-001437,47,102.07,5087.03,Month-to-month,Fiber optic,No,Bank transfer,0
CUST-001438,22,42.33,965.35,Month-to-month,Fiber optic,No,Mailed check,0
CUST-001439,68,66.68,4618.73,Month-to-month,Fiber optic,No,Electronic check,1
CUST-001440,56,35.57,2016.17,One year,Fiber optic,No,Electronic check,0
CUST-001441,36,52.59,1925.62,One year,Fiber optic,No,Electronic check,0
CUST-001442,67,57.14,3818.98,One year,Fiber optic,Yes,Electronic check,0
CUST-001443,31,43.22,1374.9,Month-to-month,Fiber optic,Yes,Electronic check,1
CUST-001444,10,28.53,307.52,Two year,DSL,No,Mailed check,0
CUST-001445,2,22.59,63.94,One year,Fiber optic,No,Credit card,0
CUST-001446,67,15.0,1063.99,Month-to-month,Fiber optic,Yes,Mailed check,0
CUST-001447,69,33.31,2391.86,Month-to-month,Fiber optic,No,Electronic check,1
CUST-001448,53,83.82,4951.26,Month-to-month,Fiber optic,No,Credit card,1
CUST-001449,7,17.05,138.88,Month-to-month,DSL,Yes,Bank transfer,0
CUST-001450,21,23.96,516.05,Month-to-month,DSL,No,Credit card,0
CUST-001451,2,118.73,345.02,Month-to-month,Fiber optic,Yes,Bank transfer,0
CUST-001452,3,45.91,184.06,Month-to-month,Fiber optic,No,Mailed check,1
CUST-001453,17,74.63,1380.5,Month-to-month,DSL,No,Bank transfer,1
CUST-001454,41,84.27,3496.01,Month-to-month,DSL,No,Electronic check,0
CUST-001455,4,84.88,393.18,Two year,DSL,No,Mailed check,0
CUST-001456,70,19.33,1321.76,Month-to-month,Fiber optic,Yes,Mailed check,0
CUST-001457,32,58.07,1917.98,Month-to-month,DSL,No,Mailed check,0
CUST-001458,18,16.45,324.18,One year,Fiber optic,No,Credit card,1
CUST-001459,37,138.39,4868.12,Month-to-month,Fiber optic,No,Credit card,0
CUST-001460,56,17.15,990.72,Month-to-month,No,Yes,Mailed check,0
CUST-001461,22,33.56,780.53,Month-to-month,Fiber optic,No,Credit card,0
CUST-001462,3,33.78,132.08,Month-to-month,DSL,Yes,Electronic check,1
CUST-001463,3,20.1,78.04,One year,Fiber optic,No,Credit card,1
CUST-001464,61,105.58,6304.83,Month-to-month,Fiber optic,No,Bank transfer,0
CUST-001465,8,137.67,1247.78,Month-to-month,DSL,No,Bank transfer,1
CUST-001466,45,50.73,2464.94,One year,No,Yes,Bank transfer,0
CUST-001467,27,25.39,753.42,Two year,Fiber optic,Yes,Credit card,0
CUST-001468,55,15.0,792.79,Month-to-month,DSL,Yes,Bank transfer,0
CUST-001469,4,57.68,285.69,Month-to-month,DSL,No,Credit card,0
CUST-001470,64,55.51,3212.37,Month-to-month,No,No,Bank transfer,0
CUST-001471,50,45.46,2331.17,One year,No,No,Mailed check,0
CUST-001472,32,71.64,2434.81,One year,No,Yes,Electronic check,0
CUST-001473,14,76.86,1243.38,One year,DSL,Yes,Credit card,0
CUST-001474,70,74.69,4829.47,Month-to-month,Fiber optic,No,Electronic check,1
CUST-001475,21,55.52,1154.91,Month-to-month,DSL,No,Electronic check,1
CUST-001476,35,31.95,1158.54,Two year,Fiber optic,No,Electronic check,0
CUST-001477,28,84.97,2264.87,Month-to-month,Fiber optic,Yes,Electronic check,0
CUST-001478,16,65.38,1120.95,Two year,No,Yes,Electronic check,1
CUST-001479,29,91.65,2835.17,Month-to-month,Fiber optic,No,Mailed check,1
CUST-001480,10,88.7,913.22,Month-to-month,Fiber optic,No,Mailed check,1
CUST-001481,0,22.35,22.5,Month-to-month,DSL,No,Mailed check,0
CUST-001482,20,21.97,433.47,Month-to-month,Fiber optic,Yes,Mailed check,0
CUST-001483,8,42.33,407.21,Two year,DSL,Yes,Mailed check,0
CUST-001484,29,33.31,1009.69,Month-to-month,No,No,Electronic check,0
CUST-001485,62,87.66,5345.69,One year,DSL,Yes,Bank transfer,0
CUST-001486,11,75.54,850.35,One year,Fiber optic,No,Mailed check,1
CUST-001487,0,97.98,99.88,Two year,DSL,Yes,Bank transfer,1
CUST-001488,7,76.89,656.92,One year,Fiber optic,No,Electronic check,1
CUST-001489,36,71.26,2534.89,Two year,DSL,Yes,Credit card,0
CUST-001490,19,100.99,1975.44,Two year,Fiber optic,No,Bank transfer,0
CUST-001491,35,79.09,2740.23,Month-to-month,Fiber optic,Yes,Mailed check,0
CUST-001492,2,67.04,216.77,Two year,Fiber optic,Yes,Mailed check,0
CUST-001493,23,109.41,2375.33,Two year,No,No,Mailed check,0
CUST-001494,29,68.46,2185.67,Month-to-month,DSL,Yes,Credit card,0
CUST-001495,31,55.87,1754.11,One year,Fiber optic,Yes,Bank transfer,0
CUST-001496,39,39.87,1588.9,Month-to-month,No,Yes,Mailed check,0
CUST-001497,56,86.09,4823.6,One year,DSL,No,Bank transfer,0
CUST-001498,33,102.11,3513.38,Month-to-month,No,No,Electronic check,0
CUST-001499,60,63.48,3731.12,One year,No,No,Credit card,0
CUST-001500,38,104.24,4280.39,Month-to-month,No,No,Bank transfer,1
CUST-001501,18,15.0,300.66,One year,Fiber optic,No,Mailed check,0
CUST-001502,16,63.34,1023.78,Month-to-month,Fiber optic,Yes,Bank transfer,0
CUST-001503,23,63.8,1582.23,One year,Fiber optic,No,Electronic check,0
CUST-001504,43,43.19,1866.49,Month-to-month,Fiber optic,No,Mailed check,0
CUST-001505,17,136.52,2463.63,One year,No,No,Credit card,0
CUST-001506,65,63.01,4476.09,Month-to-month,DSL,Yes,Credit card,0
CUST-001507,34,52.77,1784.64,Month-to-month,Fiber optic,No,Electronic check,0
CUST-001508,62,65.78,4336.05,Month-to-month,Fiber optic,No,Bank transfer,0
CUST-001509,49,15.0,767.14,Two year,DSL,No,Bank transfer,0
CUST-001510,24,42.2,1044.86,Month-to-month,Fiber optic,Yes,Bank transfer,1
CUST-001511,16,94.5,1635.96,One year,Fiber optic,No,Mailed check,0
CUST-001512,53,46.13,2522.05,Month-to-month,Fiber optic,No,Bank transfer,1
CUST-001513,23,40.13,907.42,One year,No,No,Mailed check,0
CUST-001514,17,104.29,1820.2,Month-to-month,Fiber optic,No,Credit card,0
CUST-001515,66,105.21,6680.52,Month-to-month,No,No,Credit card,0
CUST-001516,34,80.51,2778.87,Month-to-month,Fiber optic,No,Credit card,1
CUST-001517,3,51.35,219.2,Month-to-month,No,Yes,Mailed check,0
CUST-001518,35,57.82,2141.84,Month-to-month,DSL,No,Bank transfer,1
CUST-001519,33,40.88,1290.22,Month-to-month,Fiber optic,No,Electronic check,1
CUST-001520,62,35.16,2184.6,Month-to-month,No,Yes,Credit card,1
CUST-001521,51,33.67,1771.16,Two year,DSL,No,Credit card,0
CUST-001522,13,46.46,674.62,Month-to-month,Fiber optic,No,Credit card,1
CUST-001523,10,33.96,361.39,Two year,Fiber optic,No,Electronic check,0
CUST-001524,43,18.09,746.67,Month-to-month,Fiber optic,No,Mailed check,0
CUST-001525,3,71.58,285.52,Month-to-month,No,No,Mailed check,1
CUST-001526,22,72.04,1704.01,Month-to-month,Fiber optic,Yes,Credit card,1
CUST-001527,9,116.02,1173.86,Month-to-month,No,No,Bank transfer,1
CUST-001528,1,44.95,85.92,Month-to-month,Fiber optic,No,Bank transfer,0
CUST-001529,66,73.88,5384.44,Two year,Fiber optic,No,Mailed check,0
CUST-001530,6,74.38,518.1,One year,No,Yes,Electronic check,0
CUST-001531,0,57.38,57.94,One year,Fiber optic,Yes,Bank transfer,1
CUST-001532,67,87.33,5741.89,Month-to-month,DSL,No,Bank transfer,0
CUST-001533,13,88.26,1303.96,Month-to-month,Fiber optic,No,Mailed check,1
CUST-001534,58,74.82,4540.74,One year,Fiber optic,No,Bank transfer,0
CUST-001535,2,57.33,174.7,Month-to-month,Fiber optic,No,Mailed check,1
CUST-001536,11,54.27,613.79,Month-to-month,Fiber optic,No,Bank transfer,1
CUST-001537,7,23.97,202.23,Month-to-month,Fiber optic,No,Mailed check,0
CUST-001538,50,40.82,2160.74,Month-to-month,No,No,Credit card,0
CUST-001539,44,46.34,2191.11,One year,DSL,No,Credit card,0
CUST-001540,34,31.28,1096.86,Month-to-month,Fiber optic,Yes,Mailed check,1
CUST-001541,17,78.2,1402.29,Month-to-month,Fiber optic,No,Electronic check,0
CUST-001542,6,100.9,699.86,Two year,DSL,No,Bank transfer,0
CUST-001543,40,37.76,1724.49,Two year,Fiber optic,Yes,Credit card,0
CUST-001544,16,73.5,1215.66,Month-to-month,Fiber optic,No,Bank transfer,1
CUST-001545,42,33.98,1374.34,Month-to-month,No,Yes,Mailed check,0
CUST-001546,49,55.85,2740.5,One year,Fiber optic,No,Bank transfer,0
CUST-001547,61,44.29,2672.79,Month-to-month,DSL,Yes,Mailed check,0
CUST-001548,35,83.06,3178.4,Month-to-month,Fiber optic,No,Credit card,0
CUST-001549,0,44.64,41.61,Month-to-month,No,No,Bank transfer,0
CUST-001550,20,95.35,1946.15,Month-to-month,Fiber optic,Yes,Bank transfer,1
CUST-001551,61,57.63,3607.0,Two year,DSL,No,Mailed check,0
CUST-001552,38,45.51,1887.52,One year,No,No,Electronic check,0
CUST-001553,44,27.4,1277.0,Two year,DSL,No,Bank transfer,0
CUST-001554,32,72.6,2589.6,One year,DSL,No,Mailed check,0
CUST-001555,11,91.86,1121.34,One year,Fiber optic,No,Credit card,1
CUST-001556,64,73.2,4709.54,One year,Fiber optic,No,Electronic check,0
CUST-001557,55,132.16,7717.85,One year,No,No,Credit card,0
CUST-001558,71,107.89,7237.31,Month-to-month,DSL,No,Credit card,0
CUST-001559,61,55.77,3162.36,Month-to-month,Fiber optic,No,Bank transfer,0
CUST-001560,20,55.46,1221.49,Month-to-month,Fiber optic,No,Credit card,1
CUST-001561,18,79.09,1518.55,Month-to-month,No,No,Bank transfer,1
CUST-001562,17,39.86,752.05,Month-to-month,No,No,Electronic check,0
CUST-001563,66,99.99,6413.73,Month-to-month,Fiber optic,No,Mailed check,0
CUST-001564,40,75.85,3309.54,One year,DSL,Yes,Credit card,0
CUST-001565,32,72.69,2479.3,Month-to-month,DSL,No,Credit card,0
CUST-001566,69,85.61,5983.28,Month-to-month,No,No,Electronic check,0
CUST-001567,43,116.68,5187.36,Month-to-month,Fiber optic,No,Electronic check,0
CUST-001568,65,70.13,4708.78,Month-to-month,Fiber optic,No,Credit card,0
CUST-001569,70,61.61,4186.85,Two year,No,No,Electronic check,0
CUST-001570,5,110.26,648.83,Month-to-month,No,No,Credit card,0
CUST-001571,26,94.03,2580.75,Month-to-month,Fiber optic,No,Bank transfer,0
CUST-001572,52,55.37,2872.26,Month-to-month,No,No,Credit card,0
CUST-001573,58,65.16,3561.74,Two year,DSL,No,Electronic check,0
CUST-001574,10,70.86,790.97,One year,Fiber optic,Yes,Mailed check,1
CUST-001575,22,75.85,1817.58,Month-to-month,No,No,Bank transfer,0
CUST-001576,39,24.3,1024.02,Month-to-month,DSL,No,Electronic check,0
CUST-001577,57,18.73,1114.98,One year,DSL,No,Electronic check,0
CUST-001578,8,38.38,359.54,Two year,Fiber optic,No,Bank transfer,0
CUST-001579,43,36.06,1664.88,Month-to-month,Fiber optic,Yes,Electronic check,0
CUST-001580,21,45.69,1009.08,Month-to-month,DSL,No,Credit card,1
CUST-001581,15,84.04,1202.2,Month-to-month,DSL,No,Bank transfer,1
CUST-001582,37,59.93,2409.49,Month-to-month,DSL,No,Bank transfer,1
CUST-001583,29,70.89,2031.76,One year,DSL,No,Bank transfer,0
CUST-001584,45,28.27,1226.93,Two year,No,No,Bank transfer,0
CUST-001585,22,51.15,1111.56,Two year,Fiber optic,No,Credit card,0
CUST-001586,59,82.62,5572.87,One year,Fiber optic,No,Electronic check,0
CUST-001587,5,82.85,508.04,Month-to-month,DSL,No,Electronic check,0
CUST-001588,62,43.26,2583.61,Two year,Fiber optic,Yes,Bank transfer,0
CUST-001589,2,69.85,202.39,Month-to-month,DSL,Yes,Electronic check,1
CUST-001590,52,130.97,6940.92,Month-to-month,No,No,Electronic check,0
CUST-001591,24,64.47,1655.51,One year,No,No,Electronic check,0
CUST-001592,27,44.2,1255.01,Month-to-month,Fiber optic,No,Electronic check,0
CUST-001593,1,59.79,114.02,Two year,No,No,Mailed check,1
CUST-001594,50,67.77,3510.83,Two year,DSL,Yes,Bank transfer,0
CUST-001595,11,60.46,703.41,One year,DSL,No,Electronic check,0
CUST-001596,47,64.06,3235.8,One year,Fiber optic,No,Credit card,0
CUST-001597,52,21.7,1153.16,Month-to-month,Fiber optic,Yes,Credit card,0
CUST-001598,60,36.12,2119.73,Month-to-month,No,No,Bank transfer,0
CUST-001599,50,60.52,3192.84,One year,DSL,No,Electronic check,0
CUST-001600,21,60.04,1346.23,One year,Fiber optic,No,Bank transfer,0
CUST-001601,53,48.01,2531.21,Two year,DSL,No,Credit card,0
CUST-001602,59,59.69,3712.11,Month-to-month,DSL,No,Electronic check,0
CUST-001603,22,66.83,1585.45,Month-to-month,Fiber optic,Yes,Bank transfer,0
CUST-001604,8,91.68,874.73,Month-to-month,No,No,Bank transfer,1
CUST-001605,64,62.02,4174.68,One year,Fiber optic,Yes,Bank transfer,0
CUST-001606,10,76.97,837.65,One year,Fiber optic,No,Credit card,0
CUST-001607,42,48.75,1919.14,Two year,DSL,No,Electronic check,0
CUST-001608,17,82.16,1492.73,Month-to-month,DSL,No,Electronic check,1
CUST-001609,9,76.27,775.75,Month-to-month,DSL,No,Electronic check,1
CUST-001610,55,90.97,5107.61,Month-to-month,No,No,Mailed check,0
CUST-001611,10,86.4,807.36,Month-to-month,DSL,No,Mailed check,1
CUST-001612,48,82.66,4187.92,Month-to-month,DSL,No,Credit card,0
CUST-001613,49,62.05,2960.9,One year,Fiber optic,Yes,Bank transfer,0
CUST-001614,4,72.35,374.14,Month-to-month,Fiber optic,Yes,Bank transfer,1
CUST-001615,12,96.91,1366.89,Month-to-month,Fiber optic,No,Bank transfer,1
CUST-001616,57,45.44,2602.08,One year,DSL,No,Credit card,0
CUST-001617,36,46.15,1744.9,Two year,Fiber optic,Yes,Mailed check,0
CUST-001618,8,70.44,635.03,Month-to-month,Fiber optic,No,Bank transfer,1
CUST-001619,71,77.46,5723.56,Month-to-month,DSL,Yes,Mailed check,0
CUST-001620,19,40.28,809.7,One year,Fiber optic,No,Electronic check,1
CUST-001621,0,62.76,61.13,One year,DSL,No,Credit card,1
CUST-001622,66,62.18,3977.56,Two year,No,Yes,Electronic check,0
CUST-001623,1,15.0,32.39,Month-to-month,No,Yes,Mailed check,1
CUST-001624,39,58.41,2387.72,Month-to-month,DSL,No,Mailed check,0
CUST-001625,71,60.28,4520.42,Two year,Fiber optic,No,Electronic check,0
CUST-001626,41,60.19,2578.47,Month-to-month,Fiber optic,No,Credit card,1
CUST-001627,42,107.48,4847.01,Month-to-month,No,Yes,Mailed check,0
CUST-001628,27,28.53,762.95,Two year,Fiber optic,No,Mailed check,0
CUST-001629,9,40.26,404.29,Month-to-month,Fiber optic,No,Mailed check,1
CUST-001630,41,15.0,645.92,One year,DSL,No,Credit card,0
CUST-001631,64,50.57,3499.68,Two year,DSL,No,Mailed check,0
CUST-001632,6,53.13,421.62,Month-to-month,Fiber optic,Yes,Credit card,1
CUST-001633,63,49.7,3245.66,One year,Fiber optic,No,Bank transfer,0
CUST-001634,29,98.23,2849.5,Month-to-month,No,No,Credit card,1
CUST-001635,38,90.82,3330.18,Two year,No,No,Bank transfer,0
CUST-001636,11,67.34,771.47,Two year,Fiber optic,No,Credit card,0
CUST-001637,44,53.88,2330.82,Two year,Fiber optic,Yes,Bank transfer,0
CUST-001638,13,95.79,1146.48,Month-to-month,No,Yes,Electronic check,1
CUST-001639,19,64.41,1244.63,One year,No,Yes,Electronic check,0
CUST-001640,51,40.45,2178.88,Two year,No,No,Credit card,0
CUST-001641,3,15.0,60.23,One year,No,Yes,Electronic check,0
CUST-001642,32,51.76,1686.01,One year,Fiber optic,Yes,Electronic check,0
CUST-001643,42,87.64,3462.87,Month-to-month,Fiber optic,Yes,Credit card,0
CUST-001644,9,133.3,1402.97,Two year,Fiber optic,Yes,Mailed check,0
CUST-001645,21,66.85,1508.3,Month-to-month,DSL,No,Electronic check,0
CUST-001646,24,42.04,1050.3,Month-to-month,Fiber optic,No,Electronic check,0
CUST-001647,47,29.45,1257.97,Two year,Fiber optic,No,Mailed check,0
CUST-001648,70,81.56,5648.57,Two year,Fiber optic,No,Credit card,0
CUST-001649,60,15.0,934.84,Two year,DSL,No,Mailed check,0
CUST-001650,13,81.51,1139.51,Month-to-month,Fiber optic,No,Credit card,1
CUST-001651,1,89.53,180.78,Month-to-month,Fiber optic,Yes,Bank transfer,1
CUST-001652,3,78.09,323.06,Month-to-month,Fiber optic,Yes,Mailed check,1
CUST-001653,42,58.41,2531.07,Month-to-month,DSL,No,Electronic check,1
CUST-001654,11,81.95,1015.32,Two year,Fiber optic,No,Credit card,0
CUST-001655,16,70.13,1141.9,One year,DSL,No,Credit card,0
CUST-001656,61,41.66,2424.79,Month-to-month,DSL,Yes,Electronic check,1
CUST-001657,62,120.51,7773.49,Month-to-month,Fiber optic,Yes,Mailed check,0
CUST-001658,60,54.45,3434.76,Month-to-month,No,Yes,Bank transfer,0
CUST-001659,18,88.27,1720.7,Two year,Fiber optic,No,Credit card,0
CUST-001660,44,15.0,679.44,One year,Fiber optic,No,Credit card,0
CUST-001661,43,103.29,4471.3,Month-to-month,No,Yes,Mailed check,0
CUST-001662,13,109.06,1542.99,Month-to-month,Fiber optic,Yes,Credit card,0
CUST-001663,39,65.9,2685.79,Month-to-month,No,Yes,Bank transfer,0
CUST-001664,37,81.76,3175.24,Month-to-month,DSL,Yes,Mailed check,0
CUST-001665,28,81.76,2679.97,Two year,Fiber optic,No,Mailed check,0
CUST-001666,54,45.72,2398.64,One year,DSL,No,Credit card,0
CUST-001667,48,81.41,4632.74,Month-to-month,Fiber optic,No,Credit card,1
CUST-001668,38,40.74,1489.05,One year,No,No,Credit card,0
CUST-001669,52,46.74,2524.84,Month-to-month,Fiber optic,No,Mailed check,0
CUST-001670,54,98.81,5109.79,Month-to-month,Fiber optic,No,Mailed check,0
CUST-001671,40,94.24,3922.99,One year,DSL,No,Credit card,1
CUST-001672,19,43.81,919.2,Month-to-month,No,No,Mailed check,1
CUST-001673,54,42.99,2368.45,Month-to-month,Fiber optic,No,Credit card,0
CUST-001674,51,45.63,2488.32,Two year,DSL,Yes,Bank transfer,0
CUST-001675,70,86.98,6044.7,Two year,No,Yes,Bank transfer,0
CUST-001676,10,35.0,345.54,Month-to-month,Fiber optic,No,Electronic check,1
CUST-001677,30,75.7,2420.28,One year,Fiber optic,No,Electronic check,1
CUST-001678,66,87.41,5865.13,Month-to-month,DSL,Yes,Bank transfer,0
CUST-001679,37,62.35,2312.58,One year,DSL,No,Mailed check,0
CUST-001680,67,95.3,6347.5,Month-to-month,No,No,Bank transfer,0
CUST-001681,0,55.87,57.01,One year,Fiber optic,No,Credit card,0
CUST-001682,2,58.58,168.6,Month-to-month,No,No,Electronic check,0
CUST-001683,57,35.68,2108.42,Two year,DSL,Yes,Credit card,0
CUST-001684,25,95.52,2630.99,Two year,Fiber optic,No,Electronic check,1
CUST-001685,37,42.0,1760.58,Month-to-month,Fiber optic,Yes,Electronic check,0
CUST-001686,30,75.49,2504.64,One year,Fiber optic,No,Credit card,0
CUST-001687,29,62.86,1901.07,Month-to-month,Fiber optic,No,Electronic check,0
CUST-001688,67,33.42,2301.6,One year,Fiber optic,Yes,Bank transfer,0
CUST-001689,6,46.73,320.54,Month-to-month,Fiber optic,No,Electronic check,1
CUST-001690,55,106.49,5824.39,Month-to-month,No,No,Electronic check,0
CUST-001691,64,71.05,4819.59,One year,DSL,No,Electronic check,0
CUST-001692,47,34.73,1641.2,Month-to-month,Fiber optic,No,Bank transfer,0
CUST-001693,28,74.16,2190.0,Month-to-month,Fiber optic,Yes,Mailed check,1
CUST-001694,11,60.62,692.39,Month-to-month,DSL,No,Electronic check,1
CUST-001695,49,150.0,8013.87,Month-to-month,DSL,Yes,Credit card,1
CUST-001696,33,73.55,2460.51,Month-to-month,No,Yes,Electronic check,0
CUST-001697,10,53.58,621.46,One year,DSL,No,Electronic check,0
CUST-001698,25,107.6,2699.17,One year,DSL,No,Electronic check,0
CUST-001699,69,15.0,1010.27,Month-to-month,Fiber optic,No,Credit card,0
CUST-001700,19,67.83,1446.67,Month-to-month,DSL,No,Mailed check,0
CUST-001701,12,124.83,1572.03,One year,DSL,No,Credit card,0
CUST-001702,49,61.51,2834.58,One year,DSL,No,Credit card,0
CUST-001703,14,15.0,213.3,Two year,DSL,Yes,Mailed check,1
CUST-001704,66,53.12,3711.66,Month-to-month,Fiber optic,No,Credit card,0
CUST-001705,61,108.64,6991.56,Month-to-month,No,No,Mailed check,0
CUST-001706,70,76.28,5209.54,One year,DSL,No,Bank transfer,0
CUST-001707,65,39.83,2546.02,Month-to-month,Fiber optic,No,Bank transfer,0
CUST-001708,17,44.44,826.89,Month-to-month,Fiber optic,No,Credit card,1
CUST-001709,15,48.21,822.1,Month-to-month,DSL,No,Electronic check,1
CUST-001710,24,75.84,1889.38,Two year,Fiber optic,No,Electronic check,1
CUST-001711,33,105.15,3674.03,Month-to-month,Fiber optic,No,Bank transfer,0
CUST-001712,63,96.57,6450.57,One year,DSL,No,Credit card,0
CUST-001713,52,78.68,4618.97,One year,Fiber optic,No,Bank transfer,0
CUST-001714,46,25.05,1109.34,Month-to-month,DSL,No,Electronic check,1
CUST-001715,63,25.16,1556.52,Two year,No,Yes,Electronic check,0
CUST-001716,46,81.0,3710.48,One year,No,No,Bank transfer,0
CUST-001717,27,24.64,718.35,Month-to-month,No,No,Credit card,1
CUST-001718,29,58.23,1724.98,One year,DSL,Yes,Bank transfer,0
CUST-001719,37,74.12,2860.71,Month-to-month,Fiber optic,Yes,Mailed check,0
CUST-001720,6,30.87,217.42,Month-to-month,Fiber optic,No,Bank transfer,1
CUST-001721,53,34.27,1850.86,One year,DSL,Yes,Electronic check,0
CUST-001722,46,62.18,2937.98,One year,No,No,Mailed check,1
CUST-001723,52,80.11,4464.44,Month-to-month,Fiber optic,Yes,Credit card,1
CUST-001724,38,96.85,3593.68,Two year,DSL,Yes,Bank transfer,0
CUST-001725,56,83.21,4707.85,One year,No,Yes,Electronic check,0
CUST-001726,68,67.21,4355.68,One year,DSL,No,Electronic check,0
CUST-001727,41,42.61,1810.07,Month-to-month,Fiber optic,No,Electronic check,1
CUST-001728,31,32.87,1041.65,Month-to-month,DSL,No,Mailed check,1
CUST-001729,7,49.67,418.63,Month-to-month,DSL,No,Electronic check,1
CUST-001730,56,77.3,4404.93,One year,No,No,Credit card,0
CUST-001731,65,75.1,4846.52,Month-to-month,Fiber optic,Yes,Mailed check,0
CUST-001732,50,15.0,755.56,One year,DSL,Yes,Electronic check,0
CUST-001733,62,41.43,2834.98,Month-to-month,Fiber optic,No,Mailed check,0
CUST-001734,62,101.14,5871.33,One year,No,Yes,Bank transfer,0
CUST-001735,57,67.38,3785.22,Two year,No,No,Bank transfer,0
CUST-001736,36,22.49,833.62,One year,No,No,Credit card,0
CUST-001737,7,135.67,1050.86,One year,No,No,Mailed check,1
CUST-001738,0,64.13,65.71,Two year,Fiber optic,No,Bank transfer,0
CUST-001739,14,76.53,1144.71,Month-to-month,DSL,No,Bank transfer,0
CUST-001740,31,76.99,2495.08,One year,No,No,Electronic check,0
CUST-001741,53,53.97,2931.67,Two year,DSL,No,Electronic check,0
CUST-001742,32,43.17,1417.36,One year,DSL,No,Credit card,0
CUST-001743,1,128.65,240.69,Month-to-month,Fiber optic,No,Mailed check,1
CUST-001744,15,95.1,1534.94,Two year,DSL,No,Bank transfer,0
CUST-001745,70,89.66,5804.46,Month-to-month,Fiber optic,No,Credit card,0
CUST-001746,71,82.29,5725.72,Month-to-month,No,No,Electronic check,0
CUST-001747,27,34.9,1001.12,Month-to-month,Fiber optic,No,Credit card,0
CUST-001748,57,103.33,6349.39,Month-to-month,Fiber optic,Yes,Electronic check,0
CUST-001749,51,39.71,2307.26,Month-to-month,Fiber optic,No,Bank transfer,0
CUST-001750,67,73.5,4890.89,Month-to-month,Fiber optic,No,Electronic check,0
CUST-001751,63,15.82,968.58,Two year,DSL,No,Mailed check,0
CUST-001752,45,15.0,708.02,Month-to-month,DSL,Yes,Mailed check,1
CUST-001753,28,74.55,2364.05,Month-to-month,Fiber optic,No,Mailed check,0
CUST-001754,45,40.73,2017.02,Two year,Fiber optic,No,Electronic check,0
CUST-001755,22,15.0,327.14,Two year,Fiber optic,No,Credit card,0
CUST-001756,25,81.22,2096.84,Month-to-month,DSL,No,Electronic check,0
CUST-001757,43,128.6,5899.1,Month-to-month,DSL,No,Credit card,1
CUST-001758,41,106.69,4686.9,One year,Fiber optic,No,Electronic check,1
CUST-001759,41,57.28,2476.97,Two year,Fiber optic,Yes,Bank transfer,0
CUST-001760,27,65.27,1786.43,One year,Fiber optic,No,Bank transfer,0
CUST-001761,29,91.63,2829.06,Month-to-month,No,No,Mailed check,1
CUST-001762,0,98.66,103.25,One year,Fiber optic,No,Bank transfer,0
CUST-001763,43,54.69,2294.39,One year,DSL,No,Electronic check,0
CUST-001764,41,66.03,2957.51,One year,Fiber optic,No,Credit card,0
CUST-001765,67,74.02,5282.89,Two year,DSL,Yes,Electronic check,0
CUST-001766,36,81.62,2907.77,One year,DSL,No,Bank transfer,0
CUST-001767,33,61.01,2170.19,One year,Fiber optic,No,Electronic check,1
CUST-001768,4,61.4,319.47,One year,DSL,No,Bank transfer,1
CUST-001769,14,106.39,1663.84,One year,DSL,No,Mailed check,0
CUST-001770,24,101.29,2731.67,Month-to-month,No,No,Mailed check,0
CUST-001771,27,79.32,2219.86,Month-to-month,Fiber optic,No,Electronic check,1
CUST-001772,26,116.57,3199.65,One year,No,No,Electronic check,0
CUST-001773,28,53.41,1344.45,One year,No,No,Mailed check,0
CUST-001774,55,113.69,6721.79,Month-to-month,DSL,No,Bank transfer,0
CUST-001775,9,81.28,854.19,Month-to-month,Fiber optic,Yes,Bank transfer,1
CUST-001776,23,150.0,3844.09,One year,Fiber optic,No,Mailed check,1
CUST-001777,11,29.23,334.28,One year,Fiber optic,No,Bank transfer,0
CUST-001778,22,44.32,1068.38,Month-to-month,DSL,No,Electronic check,1
CUST-001779,49,77.56,4075.74,Month-to-month,DSL,Yes,Bank transfer,0
CUST-001780,3,76.92,297.65,Month-to-month,DSL,No,Bank transfer,1
CUST-001781,24,123.5,3250.62,Two year,Fiber optic,No,Electronic check,0
CUST-001782,1,44.95,91.98,Two year,DSL,Yes,Electronic check,1
CUST-001783,68,92.15,5818.37,One year,Fiber optic,No,Bank transfer,0
CUST-001784,52,99.87,5448.01,Month-to-month,No,No,Bank transfer,1
CUST-001785,17,86.14,1491.03,One year,Fiber optic,Yes,Credit card,0
CUST-001786,14,36.17,497.09,Month-to-month,Fiber optic,No,Mailed check,1
CUST-001787,7,107.23,873.58,Two year,DSL,No,Mailed check,0
CUST-001788,34,101.88,3554.14,Month-to-month,No,No,Mailed check,0
CUST-001789,54,82.99,4884.69,Month-to-month,Fiber optic,No,Credit card,0
CUST-001790,42,71.13,3086.4,One year,Fiber optic,No,Mailed check,0
CUST-001791,63,71.78,4772.96,Month-to-month,No,No,Mailed check,1
CUST-001792,24,62.64,1605.79,One year,DSL,No,Mailed check,0
CUST-001793,20,84.22,1858.98,One year,Fiber optic,Yes,Bank transfer,0
CUST-001794,34,65.93,2205.41,Month-to-month,DSL,No,Bank transfer,0
CUST-001795,14,39.54,599.05,Month-to-month,DSL,No,Mailed check,1
CUST-001796,70,33.54,2364.74,One year,Fiber optic,No,Mailed check,0
CUST-001797,13,42.44,613.56,Two year,Fiber optic,No,Bank transfer,0
CUST-001798,34,71.66,2540.32,Month-to-month,DSL,No,Mailed check,0
CUST-001799,37,64.19,2364.38,Month-to-month,Fiber optic,No,Credit card,1
CUST-001800,4,71.46,351.26,One year,No,No,Bank transfer,0
CUST-001801,33,80.02,2945.09,Month-to-month,No,Yes,Mailed check,0
CUST-001802,32,46.18,1394.85,One year,DSL,No,Electronic check,0
CUST-001803,18,108.97,2143.86,One year,Fiber optic,No,Credit card,0
CUST-001804,9,56.97,605.05,Month-to-month,DSL,No,Bank transfer,1
CUST-001805,3,52.0,214.01,One year,Fiber optic,No,Credit card,1
CUST-001806,0,79.47,87.3,Month-to-month,Fiber optic,Yes,Bank transfer,1
CUST-001807,34,15.0,549.64,Month-to-month,Fiber optic,Yes,Credit card,1
CUST-001808,6,41.28,294.54,One year,DSL,Yes,Electronic check,0
CUST-001809,69,94.43,6455.99,Two year,Fiber optic,Yes,Electronic check,0
CUST-001810,17,15.0,275.44,One year,DSL,No,Bank transfer,0
CUST-001811,46,98.53,4788.62,Month-to-month,DSL,No,Electronic check,1
CUST-001812,48,110.33,5407.32,One year,Fiber optic,Yes,Credit card,1
CUST-001813,35,53.92,1868.9,Month-to-month,DSL,No,Credit card,1
CUST-001814,63,73.75,4436.07,Month-to-month,Fiber optic,Yes,Bank transfer,1
CUST-001815,7,98.57,795.89,Month-to-month,Fiber optic,Yes,Bank transfer,0
CUST-001816,16,51.0,802.77,Month-to-month,Fiber optic,No,Mailed check,0
CUST-001817,18,91.03,1688.85,Month-to-month,Fiber optic,No,Credit card,0
CUST-001818,9,44.87,394.1,Two year,Fiber optic,No,Electronic check,0
CUST-001819,21,50.67,1161.21,Month-to-month,No,Yes,Mailed check,0
CUST-001820,22,41.02,997.9,Two year,DSL,No,Bank transfer,0
CUST-001821,55,75.28,4232.29,One year,Fiber optic,Yes,Credit card,0
CUST-001822,21,99.74,2395.19,Month-to-month,Fiber optic,No,Electronic check,1
CUST-001823,63,59.48,4062.94,Month-to-month,DSL,No,Credit card,0
CUST-001824,55,26.86,1540.39,Month-to-month,DSL,No,Mailed check,0
CUST-001825,64,32.52,2101.76,Month-to-month,DSL,No,Credit card,0
CUST-001826,7,76.84,603.97,One year,Fiber optic,No,Mailed check,1
CUST-001827,70,120.32,8783.24,Two year,Fiber optic,No,Bank transfer,0
CUST-001828,44,76.81,3432.12,Two year,Fiber optic,Yes,Electronic check,0
CUST-001829,70,53.39,3894.82,Month-to-month,Fiber optic,No,Electronic check,0
CUST-001830,25,87.99,2358.82,Month-to-month,Fiber optic,No,Bank transfer,0
CUST-001831,68,57.82,3943.45,Month-to-month,DSL,Yes,Bank transfer,0
CUST-001832,42,53.65,2433.41,Two year,Fiber optic,Yes,Mailed check,0
CUST-001833,5,36.25,214.99,Month-to-month,Fiber optic,No,Bank transfer,1
CUST-001834,29,107.25,3221.04,Month-to-month,DSL,Yes,Credit card,1
CUST-001835,9,15.0,142.67,One year,DSL,No,Mailed check,0
CUST-001836,67,88.94,5965.8,One year,DSL,No,Bank transfer,0
CUST-001837,21,51.09,1245.21,Month-to-month,No,No,Electronic check,1
CUST-001838,16,52.69,855.4,One year,DSL,No,Bank transfer,0
CUST-001839,39,115.77,4732.13,Month-to-month,DSL,No,Credit card,0
CUST-001840,30,43.58,1320.16,Month-to-month,DSL,No,Bank transfer,0
CUST-001841,6,44.6,277.63,Month-to-month,DSL,Yes,Electronic check,1
CUST-001842,58,61.09,3704.93,Month-to-month,Fiber optic,Yes,Bank transfer,0
CUST-001843,60,77.42,4591.03,Two year,Fiber optic,No,Mailed check,0
CUST-001844,53,51.74,2838.77,Month-to-month,Fiber optic,No,Electronic check,1
CUST-001845,44,17.78,839.89,One year,No,No,Bank transfer,0
CUST-001846,28,39.03,1145.12,Month-to-month,DSL,Yes,Mailed check,0
CUST-001847,39,103.44,4205.52,One year,Fiber optic,No,Credit card,0
CUST-001848,37,67.24,2444.36,Two year,Fiber optic,No,Credit card,0
CUST-001849,11,78.53,975.7,Month-to-month,Fiber optic,Yes,Bank transfer,1
CUST-001850,5,57.16,339.69,Two year,No,No,Bank transfer,0
CUST-001851,18,45.22,773.25,One year,DSL,No,Mailed check,0
CUST-001852,32,115.33,3963.21,One year,Fiber optic,No,Electronic check,1
CUST-001853,11,59.35,752.6,Month-to-month,Fiber optic,No,Electronic check,1
CUST-001854,7,51.7,444.22,One year,DSL,No,Mailed check,0
CUST-001855,61,97.88,6727.54,Month-to-month,No,No,Mailed check,0
CUST-001856,26,43.33,1215.14,Two year,DSL,Yes,Credit card,0
CUST-001857,42,47.16,2079.91,Two year,DSL,No,Mailed check,0
CUST-001858,37,65.31,2617.12,Month-to-month,Fiber optic,No,Electronic check,0
CUST-001859,52,65.01,3292.63,Two year,Fiber optic,No,Credit card,0
CUST-001860,53,72.79,3601.98,Two year,No,Yes,Credit card,0
CUST-001861,21,127.75,2743.47,One year,No,No,Mailed check,0
CUST-001862,61,75.09,4952.73,Month-to-month,DSL,No,Electronic check,0
CUST-001863,26,15.0,391.61,Month-to-month,Fiber optic,No,Electronic check,0
CUST-001864,60,74.79,4668.34,Month-to-month,No,Yes,Bank transfer,0
CUST-001865,29,66.14,2040.97,Month-to-month,DSL,No,Credit card,1
CUST-001866,7,66.3,536.91,Two year,Fiber optic,Yes,Mailed check,0
CUST-001867,54,72.38,3726.51,Month-to-month,No,No,Electronic check,0
CUST-001868,2,64.14,195.72,One year,DSL,No,Mailed check,0
CUST-001869,55,63.42,3476.75,One year,No,Yes,Electronic check,1
CUST-001870,3,83.39,361.97,One year,Fiber optic,No,Mailed check,0
CUST-001871,14,48.74,772.62,Month-to-month,No,No,Mailed check,0
CUST-001872,43,36.57,1577.98,One year,Fiber optic,No,Bank transfer,0
CUST-001873,67,150.0,11100.53,One year,Fiber optic,No,Electronic check,0
CUST-001874,29,43.52,1328.17,One year,Fiber optic,No,Mailed check,0
CUST-001875,8,68.0,560.88,Month-to-month,DSL,No,Electronic check,1
CUST-001876,16,20.13,340.87,One year,Fiber optic,Yes,Mailed check,0
CUST-001877,64,68.49,4816.14,Month-to-month,No,No,Credit card,0
CUST-001878,52,37.0,1880.78,One year,No,No,Bank transfer,0
CUST-001879,7,51.73,412.39,Month-to-month,No,No,Credit card,0
CUST-001880,27,96.35,2514.42,Month-to-month,Fiber optic,No,Electronic check,1
CUST-001881,19,79.16,1488.12,Two year,Fiber optic,No,Credit card,0
CUST-001882,12,82.05,1022.19,Month-to-month,Fiber optic,Yes,Credit card,1
CUST-001883,60,15.0,858.85,Two year,Fiber optic,Yes,Bank transfer,0
CUST-001884,44,120.11,5237.73,Two year,Fiber optic,Yes,Credit card,0
CUST-001885,12,29.24,413.21,Month-to-month,DSL,Yes,Electronic check,0
CUST-001886,46,110.86,5200.87,Month-to-month,DSL,No,Bank transfer,1
CUST-001887,29,95.65,2982.09,Month-to-month,Fiber optic,No,Credit card,1
CUST-001888,4,82.32,434.06,Two year,DSL,Yes,Electronic check,0
CUST-001889,32,39.35,1226.6,One year,DSL,No,Mailed check,0
CUST-001890,13,69.55,933.19,Month-to-month,DSL,Yes,Mailed check,0
CUST-001891,17,50.87,950.77,Month-to-month,No,No,Electronic check,1
CUST-001892,63,65.87,4082.06,Month-to-month,No,No,Electronic check,0
CUST-001893,51,57.5,3094.79,One year,Fiber optic,No,Mailed check,0
CUST-001894,9,15.0,162.58,Month-to-month,No,Yes,Electronic check,1
CUST-001895,61,98.65,5671.42,Month-to-month,No,No,Bank transfer,0
CUST-001896,41,62.57,2580.91,Two year,DSL,No,Electronic check,0
CUST-001897,62,50.46,3147.21,Month-to-month,DSL,No,Electronic check,0
CUST-001898,53,48.19,2533.78,Month-to-month,DSL,Yes,Bank transfer,0
CUST-001899,24,75.75,1836.27,One year,DSL,No,Mailed check,0
CUST-001900,38,38.19,1452.66,Two year,Fiber optic,No,Mailed check,0
CUST-001901,38,15.0,584.55,Month-to-month,DSL,No,Mailed check,0
CUST-001902,51,77.21,4048.22,Two year,No,No,Mailed check,0
CUST-001903,17,80.57,1519.45,Month-to-month,Fiber optic,No,Mailed check,1
CUST-001904,23,59.01,1414.49,Two year,Fiber optic,No,Electronic check,0
CUST-001905,17,30.56,580.89,Month-to-month,No,Yes,Electronic check,1
CUST-001906,21,67.67,1444.65,One year,No,Yes,Mailed check,0
CUST-001907,11,21.06,237.59,Month-to-month,Fiber optic,No,Bank transfer,0
CUST-001908,2,34.18,100.99,Two year,Fiber optic,Yes,Credit card,0
CUST-001909,67,42.48,2955.37,Two year,No,No,Electronic check,0
CUST-001910,5,90.32,565.22,Month-to-month,Fiber optic,No,Electronic check,1
CUST-001911,63,54.12,3716.68,Month-to-month,No,No,Bank transfer,0
CUST-001912,0,51.56,52.31,One year,DSL,Yes,Credit card,0
CUST-001913,55,123.64,7184.58,Month-to-month,Fiber optic,No,Electronic check,0
CUST-001914,23,75.57,1937.91,One year,Fiber optic,No,Electronic check,1
CUST-001915,37,75.17,2745.16,One year,DSL,No,Mailed check,0
CUST-001916,20,53.91,1120.19,Month-to-month,DSL,No,Bank transfer,0
CUST-001917,35,47.11,1930.88,Month-to-month,DSL,Yes,Bank transfer,1
CUST-001918,32,15.0,516.2,Two year,DSL,No,Electronic check,0
CUST-001919,38,94.06,3762.1,Month-to-month,DSL,Yes,Bank transfer,1
CUST-001920,28,78.45,2376.69,One year,Fiber optic,No,Mailed check,1
CUST-001921,38,59.63,2170.08,Month-to-month,No,Yes,Electronic check,0
CUST-001922,59,60.88,3534.85,Month-to-month,Fiber optic,Yes,Credit card,0
CUST-001923,31,87.08,2645.65,Month-to-month,Fiber optic,Yes,Bank transfer,1
CUST-001924,26,18.36,506.06,Month-to-month,DSL,Yes,Mailed check,1
CUST-001925,9,47.3,464.31,One year,No,No,Credit card,1
CUST-001926,25,30.91,807.52,Month-to-month,DSL,No,Credit card,0
CUST-001927,9,118.15,1163.08,One year,DSL,Yes,Electronic check,0
CUST-001928,13,91.27,1173.87,One year,Fiber optic,Yes,Credit card,1
CUST-001929,68,15.0,1080.8,Month-to-month,No,No,Bank transfer,0
CUST-001930,6,19.59,125.03,Month-to-month,No,Yes,Mailed check,1
CUST-001931,34,61.03,2058.32,One year,Fiber optic,No,Mailed check,0
CUST-001932,60,50.83,2896.51,One year,Fiber optic,Yes,Electronic check,0
CUST-001933,68,25.27,1666.84,One year,Fiber optic,No,Credit card,0
CUST-001934,10,123.34,1370.47,Month-to-month,Fiber optic,No,Mailed check,1
CUST-001935,11,74.38,947.63,Two year,DSL,Yes,Mailed check,1
CUST-001936,26,79.24,1972.61,Month-to-month,DSL,No,Electronic check,1
CUST-001937,39,44.24,1720.28,One year,No,No,Credit card,0
CUST-001938,69,86.67,5536.22,Month-to-month,No,No,Mailed check,0
CUST-001939,14,53.59,779.47,One year,DSL,No,Bank transfer,0
CUST-001940,11,56.5,680.43,Month-to-month,DSL,No,Mailed check,1
CUST-001941,18,83.33,1644.0,One year,DSL,No,Bank transfer,0
CUST-001942,62,16.13,908.55,Month-to-month,Fiber optic,No,Bank transfer,0
CUST-001943,2,112.91,348.06,One year,DSL,Yes,Mailed check,1
CUST-001944,27,70.47,1877.25,Month-to-month,Fiber optic,No,Mailed check,1
CUST-001945,8,103.43,874.25,One year,DSL,No,Bank transfer,1
CUST-001946,11,32.74,394.17,Month-to-month,DSL,Yes,Electronic check,0
CUST-001947,66,37.31,2577.81,Month-to-month,DSL,Yes,Electronic check,0
CUST-001948,0,30.14,29.99,One year,Fiber optic,Yes,Electronic check,1
CUST-001949,23,72.51,1645.1,Month-to-month,DSL,No,Mailed check,0
CUST-001950,65,66.98,4398.33,Month-to-month,Fiber optic,Yes,Electronic check,0
CUST-001951,43,51.07,2165.5,Two year,Fiber optic,Yes,Mailed check,0
CUST-001952,5,34.58,213.73,Two year,Fiber optic,Yes,Bank transfer,1
CUST-001953,33,27.0,967.43,Two year,DSL,No,Bank transfer,0
CUST-001954,69,63.55,4673.14,Month-to-month,Fiber optic,Yes,Credit card,0
CUST-001955,28,51.03,1478.48,Month-to-month,DSL,Yes,Credit card,0
CUST-001956,38,44.43,1830.11,One year,Fiber optic,No,Mailed check,0
CUST-001957,38,111.41,4123.28,Month-to-month,Fiber optic,No,Credit card,0
CUST-001958,47,62.53,3269.01,One year,No,Yes,Credit card,0
CUST-001959,13,103.1,1369.33,Month-to-month,No,No,Electronic check,1
CUST-001960,60,49.0,2685.73,Two year,Fiber optic,No,Electronic check,0
CUST-001961,71,72.34,5564.33,One year,No,Yes,Credit card,0
CUST-001962,10,63.34,671.96,Month-to-month,DSL,No,Credit card,1
CUST-001963,58,15.0,890.17,Month-to-month,Fiber optic,No,Credit card,0
CUST-001964,58,107.85,6035.2,Month-to-month,DSL,No,Mailed check,0
CUST-001965,53,60.95,3679.99,Month-to-month,DSL,Yes,Credit card,0
CUST-001966,26,87.39,2574.54,One year,Fiber optic,No,Credit card,0
CUST-001967,33,42.44,1554.51,Month-to-month,Fiber optic,No,Bank transfer,0
CUST-001968,60,60.05,3679.52,Month-to-month,Fiber optic,No,Bank transfer,0
CUST-001969,11,38.99,490.88,Month-to-month,No,No,Mailed check,0
CUST-001970,59,102.08,6108.55,One year,Fiber optic,No,Bank transfer,0
CUST-001971,66,74.34,5260.41,Month-to-month,No,No,Credit card,0
CUST-001972,49,76.01,3722.55,Month-to-month,No,Yes,Credit card,1
CUST-001973,24,105.75,2853.11,Two year,No,No,Bank transfer,0
CUST-001974,40,99.69,3993.11,Month-to-month,DSL,No,Electronic check,0
CUST-001975,3,87.96,345.73,Month-to-month,Fiber optic,No,Bank transfer,0
CUST-001976,67,22.35,1484.23,Two year,Fiber optic,Yes,Mailed check,0
CUST-001977,24,44.13,1113.86,Month-to-month,No,Yes,Electronic check,1
CUST-001978,4,34.88,171.03,Two year,DSL,Yes,Electronic check,0
CUST-001979,57,86.83,5158.6,One year,DSL,No,Electronic check,0
CUST-001980,47,70.12,3284.79,One year,DSL,No,Mailed check,0
CUST-001981,44,23.28,1089.24,Month-to-month,DSL,No,Mailed check,0
CUST-001982,3,59.34,255.37,Month-to-month,No,No,Mailed check,1
CUST-001983,54,20.18,1114.02,Month-to-month,DSL,Yes,Bank transfer,0
CUST-001984,45,63.41,3240.15,Month-to-month,Fiber optic,No,Bank transfer,0
CUST-001985,57,15.34,939.81,Month-to-month,Fiber optic,No,Mailed check,0
CUST-001986,59,80.86,5370.61,One year,Fiber optic,Yes,Mailed check,0
CUST-001987,15,76.34,1217.68,One year,DSL,No,Credit card,1
CUST-001988,15,122.24,1793.34,Month-to-month,Fiber optic,No,Mailed check,1
CUST-001989,66,90.44,5845.29,One year,Fiber optic,No,Electronic check,0
CUST-001990,38,52.31,1978.56,Two year,No,No,Credit card,0
CUST-001991,31,89.54,2728.81,One year,Fiber optic,Yes,Electronic check,0
CUST-001992,20,23.07,431.28,One year,No,Yes,Credit card,0
CUST-001993,46,36.13,1784.9,One year,DSL,Yes,Mailed check,0
CUST-001994,54,74.99,3741.09,Month-to-month,Fiber optic,No,Credit card,1
CUST-001995,0,15.0,15.7,Month-to-month,Fiber optic,No,Electronic check,1
CUST-001996,39,63.89,2834.66,Two year,Fiber optic,No,Electronic check,0
CUST-001997,71,34.39,2379.86,One year,Fiber optic,No,Mailed check,0
CUST-001998,20,68.04,1456.51,One year,DSL,No,Mailed check,0
CUST-001999,20,32.67,672.35,Two year,DSL,No,Bank transfer,0
CUST-002000,63,77.73,5180.27,Month-to-month,No,No,Bank transfer,0
CUST-002001,4,65.58,308.32,Month-to-month,No,Yes,Credit card,0
CUST-002002,28,107.01,3082.87,One year,DSL,No,Bank transfer,1
CUST-002003,32,65.2,2272.29,Month-to-month,Fiber optic,No,Electronic check,0
CUST-002004,57,41.94,2426.62,One year,Fiber optic,No,Electronic check,1
CUST-002005,9,57.59,529.04,Two year,Fiber optic,No,Mailed check,1
CUST-002006,31,24.67,838.55,One year,DSL,No,Credit card,1
CUST-002007,10,77.18,794.01,Month-to-month,No,No,Credit card,1
CUST-002008,56,82.7,4732.2,One year,Fiber optic,Yes,Bank transfer,0
CUST-002009,45,139.08,6583.86,Month-to-month,Fiber optic,No,Mailed check,1
CUST-002010,35,46.34,1678.42,Two year,Fiber optic,Yes,Mailed check,1
CUST-002011,28,56.97,1861.61,Month-to-month,Fiber optic,Yes,Bank transfer,0
CUST-002012,11,47.73,593.74,Two year,DSL,Yes,Credit card,0
CUST-002013,66,71.36,4732.97,Month-to-month,No,No,Bank transfer,0
CUST-002014,46,76.45,3701.46,Month-to-month,DSL,No,Electronic check,0
CUST-002015,22,63.4,1473.48,Month-to-month,No,No,Credit card,0
CUST-002016,29,97.59,2934.19,Month-to-month,No,No,Credit card,1
CUST-002017,52,46.49,2494.04,Month-to-month,Fiber optic,Yes,Electronic check,0
CUST-002018,51,94.59,4811.68,Two year,Fiber optic,No,Mailed check,0
CUST-002019,33,81.15,2788.64,Two year,DSL,Yes,Credit card,0
CUST-002020,21,64.64,1386.12,Month-to-month,Fiber optic,No,Credit card,0
CUST-002021,47,55.55,2413.68,One year,Fiber optic,No,Credit card,0
CUST-002022,47,137.8,6991.49,Two year,DSL,No,Credit card,0
CUST-002023,43,40.49,1731.18,Two year,DSL,No,Electronic check,0
CUST-002024,5,73.94,446.76,Month-to-month,No,No,Electronic check,0
CUST-002025,34,42.49,1430.72,Month-to-month,DSL,Yes,Mailed check,0
CUST-002026,44,118.57,5140.78,Two year,DSL,No,Bank transfer,0
CUST-002027,68,91.6,5992.37,Month-to-month,DSL,Yes,Mailed check,0
CUST-002028,37,44.65,1777.13,Month-to-month,Fiber optic,No,Mailed check,0
CUST-002029,24,80.38,2128.98,One year,Fiber optic,No,Mailed check,0
CUST-002030,40,72.73,2985.83,Month-to-month,Fiber optic,No,Bank transfer,0
CUST-002031,12,49.5,626.25,Two year,Fiber optic,No,Credit card,1
CUST-002032,6,87.74,562.22,Month-to-month,DSL,Yes,Credit card,1
CUST-002033,48,76.68,3906.71,One year,Fiber optic,No,Electronic check,1
CUST-002034,71,71.47,4971.83,Two year,DSL,No,Electronic check,0
CUST-002035,60,63.74,3671.08,Two year,No,No,Mailed check,0
CUST-002036,42,77.93,3355.96,Two year,DSL,No,Bank transfer,0
CUST-002037,2,71.88,212.04,Two year,DSL,Yes,Electronic check,0
CUST-002038,71,66.77,4442.73,Month-to-month,Fiber optic,Yes,Bank transfer,0
CUST-002039,32,45.77,1406.12,Two year,DSL,No,Bank transfer,0
CUST-002040,20,115.81,2473.0,Two year,Fiber optic,No,Bank transfer,1
CUST-002041,64,33.49,2105.32,Month-to-month,Fiber optic,Yes,Credit card,0
CUST-002042,53,77.83,4310.0,Month-to-month,No,No,Bank transfer,0
CUST-002043,53,55.39,3013.13,Month-to-month,DSL,Yes,Bank transfer,0
CUST-002044,19,117.79,2479.11,One year,Fiber optic,No,Mailed check,0
CUST-002045,71,37.9,2614.95,One year,Fiber optic,No,Bank transfer,0
CUST-002046,32,42.94,1433.58,Month-to-month,DSL,No,Mailed check,0
CUST-002047,38,35.91,1445.0,Month-to-month,Fiber optic,Yes,Electronic check,0
CUST-002048,54,74.7,3980.07,One year,No,Yes,Electronic check,0
CUST-002049,47,23.81,1207.22,Month-to-month,Fiber optic,No,Bank transfer,0
CUST-002050,12,50.64,603.52,Two year,No,No,Bank transfer,0
CUST-002051,21,15.0,316.26,Month-to-month,Fiber optic,Yes,Mailed check,0
CUST-002052,26,72.21,1783.65,Month-to-month,Fiber optic,No,Bank transfer,1
CUST-002053,68,49.99,3322.63,Month-to-month,No,Yes,Mailed check,0
CUST-002054,51,20.36,1050.45,Two year,DSL,No,Mailed check,0
CUST-002055,26,97.57,2743.87,Two year,Fiber optic,No,Bank transfer,1
CUST-002056,52,25.77,1355.2,Month-to-month,Fiber optic,Yes,Mailed check,0
CUST-002057,53,88.91,4658.13,Month-to-month,No,No,Credit card,0
CUST-002058,28,43.97,1176.32,Month-to-month,No,No,Bank transfer,1
CUST-002059,29,113.05,3185.53,Month-to-month,DSL,No,Bank transfer,0
CUST-002060,64,87.49,5774.82,One year,Fiber optic,No,Bank transfer,0
CUST-002061,40,34.76,1487.91,Month-to-month,DSL,No,Bank transfer,1
CUST-002062,10,37.49,403.72,Month-to-month,Fiber optic,No,Credit card,0
CUST-002063,51,83.17,4586.48,Month-to-month,Fiber optic,Yes,Mailed check,0
CUST-002064,42,57.13,2339.86,Month-to-month,DSL,No,Credit card,0
CUST-002065,36,59.92,2173.74,Month-to-month,No,Yes,Electronic check,0
CUST-002066,52,103.17,5384.16,Month-to-month,Fiber optic,Yes,Bank transfer,0
CUST-002067,65,42.54,3022.29,Month-to-month,Fiber optic,No,Bank transfer,0
CUST-002068,23,67.74,1636.6,Month-to-month,No,Yes,Electronic check,0
CUST-002069,30,93.64,2641.78,Month-to-month,Fiber optic,No,Bank transfer,1
CUST-002070,13,89.27,1309.3,Two year,Fiber optic,No,Electronic check,0
CUST-002071,46,60.21,3091.14,Month-to-month,DSL,Yes,Bank transfer,0
CUST-002072,28,56.33,1613.25,Month-to-month,DSL,No,Bank transfer,1
CUST-002073,24,15.0,358.18,Month-to-month,DSL,No,Bank transfer,1
CUST-002074,50,33.31,1772.36,One year,DSL,No,Bank transfer,0
CUST-002075,29,74.55,2456.18,Two year,DSL,No,Mailed check,0
CUST-002076,33,60.86,2157.18,One year,Fiber optic,No,Bank transfer,0
CUST-002077,31,67.25,1977.3,One year,Fiber optic,No,Electronic check,0
CUST-002078,18,96.18,1896.33,Two year,DSL,No,Credit card,0
CUST-002079,9,29.38,299.74,Month-to-month,Fiber optic,Yes,Electronic check,1
CUST-002080,59,57.91,3309.01,Two year,No,No,Electronic check,0
CUST-002081,6,70.66,526.5,One year,DSL,Yes,Bank transfer,0
CUST-002082,23,43.88,1076.08,Month-to-month,Fiber optic,Yes,Electronic check,0
CUST-002083,48,107.94,5637.03,Month-to-month,DSL,Yes,Credit card,0
CUST-002084,9,92.26,873.61,Month-to-month,Fiber optic,No,Electronic check,1
CUST-002085,47,73.7,3608.33,Month-to-month,Fiber optic,No,Bank transfer,0
CUST-002086,52,118.83,6015.97,Two year,DSL,No,Credit card,0
CUST-002087,47,20.03,973.5,Month-to-month,DSL,No,Bank transfer,0
CUST-002088,21,64.77,1530.15,One year,No,No,Bank transfer,0
CUST-002089,1,75.99,141.14,Two year,DSL,No,Bank transfer,1
CUST-002090,63,37.56,2239.5,Month-to-month,Fiber optic,No,Bank transfer,0
CUST-002091,23,74.02,1861.39,Month-to-month,Fiber optic,No,Electronic check,1
CUST-002092,57,31.8,1843.24,One year,DSL,Yes,Mailed check,0
CUST-002093,14,85.72,1361.05,Two year,Fiber optic,No,Electronic check,0
CUST-002094,11,96.74,1113.96,Month-to-month,Fiber optic,No,Electronic check,1
CUST-002095,56,73.17,4181.37,Month-to-month,DSL,No,Electronic check,1
CUST-002096,67,15.0,1055.09,One year,No,Yes,Bank transfer,0
CUST-002097,61,36.0,2255.22,Two year,Fiber optic,No,Credit card,0
CUST-002098,54,81.94,4103.7,Month-to-month,Fiber optic,No,Bank transfer,1
CUST-002099,17,65.64,1348.18,Month-to-month,DSL,Yes,Electronic check,1
CUST-002100,65,15.0,1000.51,Two year,DSL,No,Bank transfer,0
CUST-002101,48,102.28,4676.05,Month-to-month,Fiber optic,No,Bank transfer,0
CUST-002102,12,69.1,912.41,Month-to-month,Fiber optic,No,Credit card,0
CUST-002103,9,40.43,412.95,One year,DSL,No,Mailed check,0
CUST-002104,62,94.85,6272.42,Month-to-month,Fiber optic,No,Mailed check,1
CUST-002105,19,44.67,934.9,Month-to-month,Fiber optic,No,Bank transfer,0
CUST-002106,55,44.35,2456.85,One year,DSL,No,Bank transfer,0
CUST-002107,9,75.75,692.28,One year,Fiber optic,Yes,Electronic check,1
CUST-002108,20,118.43,2544.43,Month-to-month,Fiber optic,No,Bank transfer,1
CUST-002109,20,113.71,2191.77,Month-to-month,Fiber optic,No,Credit card,1
CUST-002110,20,75.79,1688.33,One year,Fiber optic,Yes,Electronic check,1
CUST-002111,48,78.87,3723.11,One year,Fiber optic,Yes,Mailed check,0
CUST-002112,65,88.74,6043.12,Two year,No,Yes,Bank transfer,0
CUST-002113,65,27.29,1742.08,One year,No,No,Credit card,0
CUST-002114,53,84.32,4441.5,One year,Fiber optic,No,Credit card,0
CUST-002115,14,42.98,618.85,Two year,Fiber optic,No,Bank transfer,0
CUST-002116,69,74.55,5405.66,Two year,No,Yes,Bank transfer,1
CUST-002117,39,58.18,2254.74,Month-to-month,No,No,Mailed check,0
CUST-002118,39,80.04,3324.47,Two year,DSL,Yes,Mailed check,0
CUST-002119,50,68.54,3391.67,Two year,DSL,No,Bank transfer,0
CUST-002120,55,15.0,830.28,Month-to-month,Fiber optic,Yes,Bank transfer,0
CUST-002121,68,70.37,4863.94,Month-to-month,No,No,Bank transfer,0
CUST-002122,41,84.26,3566.33,One year,No,No,Credit card,0
CUST-002123,43,78.38,3289.26,Month-to-month,No,No,Electronic check,0
CUST-002124,53,61.92,3461.48,One year,DSL,Yes,Credit card,0
CUST-002125,18,114.26,2141.58,Month-to-month,No,Yes,Bank transfer,1
CUST-002126,22,74.34,1756.35,Month-to-month,DSL,No,Bank transfer,0
CUST-002127,45,78.13,3591.07,Month-to-month,Fiber optic,No,Bank transfer,0
CUST-002128,4,96.33,495.8,Two year,Fiber optic,No,Bank transfer,0
CUST-002129,23,75.88,1783.61,Month-to-month,Fiber optic,No,Bank transfer,0
CUST-002130,51,38.06,1900.96,One year,Fiber optic,No,Mailed check,0
CUST-002131,70,15.0,1087.73,Month-to-month,DSL,No,Bank transfer,0
CUST-002132,37,50.69,1878.53,Month-to-month,DSL,No,Mailed check,1
CUST-002133,28,87.83,2732.8,Month-to-month,No,No,Bank transfer,0
CUST-002134,31,54.41,1746.92,Month-to-month,DSL,No,Bank transfer,1
CUST-002135,49,89.04,4146.01,One year,Fiber optic,No,Mailed check,0
CUST-002136,39,69.46,2697.14,One year,DSL,No,Credit card,0
CUST-002137,1,103.64,196.93,Month-to-month,DSL,Yes,Mailed check,1
CUST-002138,38,56.14,2307.06,Month-to-month,DSL,Yes,Bank transfer,1
CUST-002139,28,79.03,2380.47,One year,Fiber optic,Yes,Mailed check,0
CUST-002140,50,80.18,4076.52,One year,Fiber optic,No,Electronic check,0
CUST-002141,63,110.05,7145.23,Month-to-month,DSL,No,Bank transfer,1
CUST-002142,69,15.0,1045.4,One year,No,Yes,Credit card,0
CUST-002143,43,51.25,2351.91,Month-to-month,DSL,Yes,Mailed check,0
CUST-002144,26,90.46,2505.78,Month-to-month,Fiber optic,No,Electronic check,1
CUST-002145,31,111.38,3688.8,One year,DSL,Yes,Electronic check,0
CUST-002146,12,72.2,929.62,One year,No,Yes,Mailed check,0
CUST-002147,67,56.22,3702.16,Two year,DSL,Yes,Credit card,0
CUST-002148,61,87.71,5619.08,Month-to-month,Fiber optic,No,Bank transfer,0
CUST-002149,61,91.06,6083.71,Month-to-month,Fiber optic,No,Electronic check,0
CUST-002150,23,54.21,1372.99,One year,Fiber optic,Yes,Credit card,0
CUST-002151,23,74.91,1940.0,Month-to-month,No,Yes,Electronic check,0
CUST-002152,61,100.42,6276.22,Month-to-month,DSL,Yes,Bank transfer,0
CUST-002153,39,121.71,4632.43,One year,Fiber optic,No,Credit card,0
CUST-002154,50,87.28,4255.07,Month-to-month,No,No,Credit card,1
CUST-002155,35,66.32,2552.37,Month-to-month,No,No,Bank transfer,0
CUST-002156,31,63.38,1839.28,Month-to-month,Fiber optic,No,Mailed check,1
CUST-002157,45,81.72,4042.04,Two year,Fiber optic,No,Credit card,0
CUST-002158,58,61.53,3487.29,Month-to-month,Fiber optic,Yes,Mailed check,0
CUST-002159,24,70.69,1937.18,Month-to-month,Fiber optic,No,Mailed check,0
CUST-002160,58,33.26,1955.63,Month-to-month,No,No,Bank transfer,0
CUST-002161,17,103.91,1937.99,Month-to-month,No,Yes,Bank transfer,0
CUST-002162,29,30.79,1034.0,Month-to-month,Fiber optic,No,Electronic check,1
CUST-002163,65,52.04,3377.73,One year,Fiber optic,Yes,Credit card,0
CUST-002164,68,67.93,4605.71,Month-to-month,Fiber optic,No,Credit card,0
CUST-002165,66,124.73,8066.55,Month-to-month,DSL,Yes,Mailed check,0
CUST-002166,22,52.32,1143.07,Month-to-month,No,No,Electronic check,0
CUST-002167,60,45.02,2700.9,Month-to-month,Fiber optic,Yes,Electronic check,0
CUST-002168,67,48.48,3204.89,Month-to-month,DSL,No,Mailed check,0
CUST-002169,70,114.77,7639.07,One year,Fiber optic,No,Electronic check,0
CUST-002170,1,15.0,29.68,One year,DSL,No,Credit card,0
CUST-002171,53,34.92,1927.97,One year,DSL,No,Credit card,0
CUST-002172,71,146.94,10105.67,Month-to-month,Fiber optic,Yes,Credit card,0
CUST-002173,55,82.73,4595.05,Two year,Fiber optic,No,Mailed check,0
CUST-002174,16,31.82,578.99,One year,Fiber optic,Yes,Bank transfer,0
CUST-002175,54,63.74,3257.0,Month-to-month,DSL,No,Mailed check,1
CUST-002176,7,67.02,587.98,Month-to-month,Fiber optic,Yes,Mailed check,1
CUST-002177,34,90.38,3056.82,One year,DSL,No,Bank transfer,0
CUST-002178,45,120.19,5584.05,Month-to-month,No,No,Electronic check,0
CUST-002179,32,76.66,2691.46,Month-to-month,DSL,No,Credit card,1
CUST-002180,50,48.81,2686.3,One year,No,No,Electronic check,0
CUST-002181,17,88.61,1632.49,Month-to-month,DSL,Yes,Mailed check,0
CUST-002182,43,44.05,1871.0,Two year,DSL,No,Electronic check,0
CUST-002183,46,34.0,1535.45,Month-to-month,Fiber optic,Yes,Bank transfer,0
CUST-002184,45,15.0,670.17,Month-to-month,Fiber optic,Yes,Bank transfer,0
CUST-002185,20,18.05,414.77,Month-to-month,No,No,Credit card,0
CUST-002186,21,38.11,822.29,Month-to-month,Fiber optic,No,Mailed check,1
CUST-002187,18,29.67,572.78,Two year,Fiber optic,No,Electronic check,0
CUST-002188,33,74.4,2397.49,Two year,DSL,No,Electronic check,0
CUST-002189,42,29.02,1175.63,Two year,Fiber optic,Yes,Bank transfer,0
CUST-002190,26,15.0,405.53,Month-to-month,Fiber optic,Yes,Credit card,0
CUST-002191,29,33.68,994.07,Month-to-month,No,No,Electronic check,0
CUST-002192,20,50.84,1054.29,Month-to-month,Fiber optic,Yes,Credit card,1
CUST-002193,15,46.84,693.96,Month-to-month,Fiber optic,No,Mailed check,1
CUST-002194,47,110.59,5288.61,Two year,No,No,Credit card,0
CUST-002195,58,46.59,2961.98,Month-to-month,DSL,Yes,Electronic check,0
CUST-002196,20,91.43,1838.09,Month-to-month,Fiber optic,No,Credit card,0
CUST-002197,61,64.43,4173.94,Month-to-month,No,No,Mailed check,1
CUST-002198,41,63.73,2213.04,One year,Fiber optic,No,Mailed check,0
CUST-002199,12,39.94,498.37,Month-to-month,Fiber optic,No,Electronic check,1
CUST-002200,26,63.24,1544.3,One year,No,No,Electronic check,1
CUST-002201,0,42.05,44.65,One year,DSL,No,Credit card,0
CUST-002202,2,70.1,219.54,Two year,No,No,Electronic check,0
CUST-002203,24,57.91,1372.94,Month-to-month,Fiber optic,No,Mailed check,1
CUST-002204,32,36.66,1227.32,Month-to-month,Fiber optic,No,Credit card,1
CUST-002205,57,94.76,5826.12,Month-to-month,DSL,No,Mailed check,1
CUST-002206,9,77.81,830.85,Two year,Fiber optic,No,Credit card,0
CUST-002207,60,51.56,3081.23,Two year,DSL,No,Bank transfer,0
CUST-002208,16,69.36,1048.97,One year,DSL,Yes,Credit card,0
CUST-002209,9,62.49,596.78,Month-to-month,Fiber optic,No,Credit card,0
CUST-002210,50,38.97,2063.72,Month-to-month,DSL,No,Electronic check,1
CUST-002211,55,67.11,4152.86,One year,Fiber optic,No,Mailed check,1
CUST-002212,43,46.37,2034.72,Month-to-month,DSL,No,Mailed check,0
CUST-002213,8,36.65,319.86,One year,DSL,No,Electronic check,0
CUST-002214,8,16.32,164.47,Two year,DSL,No,Electronic check,0
CUST-002215,28,54.24,1604.92,Month-to-month,Fiber optic,No,Electronic check,1
CUST-002216,32,82.01,2540.17,Month-to-month,DSL,No,Credit card,0
CUST-002217,71,44.16,3160.63,Month-to-month,DSL,No,Credit card,0
CUST-002218,20,140.62,3100.69,Month-to-month,Fiber optic,No,Bank transfer,0
CUST-002219,13,91.57,1277.48,One year,Fiber optic,No,Credit card,0
CUST-002220,68,104.13,7470.34,Month-to-month,Fiber optic,No,Mailed check,0
CUST-002221,11,88.86,980.72,Month-to-month,DSL,No,Mailed check,1
CUST-002222,1,120.59,223.88,Month-to-month,No,Yes,Credit card,1
CUST-002223,30,41.39,1235.94,Month-to-month,Fiber optic,Yes,Electronic check,0
CUST-002224,28,15.0,428.86,One year,Fiber optic,No,Electronic check,0
CUST-002225,44,51.62,2361.51,One year,DSL,No,Bank transfer,0
CUST-002226,63,81.75,5398.35,Month-to-month,DSL,No,Mailed check,0
CUST-002227,67,69.55,5312.22,Month-to-month,Fiber optic,Yes,Bank transfer,0
CUST-002228,20,73.26,1481.73,Month-to-month,DSL,Yes,Bank transfer,1
CUST-002229,70,104.63,7311.91,Month-to-month,Fiber optic,No,Mailed check,0
CUST-002230,45,76.46,3392.26,Month-to-month,DSL,No,Electronic check,0
CUST-002231,5,88.97,562.61,Two year,DSL,No,Electronic check,0
CUST-002232,67,36.81,2645.22,Month-to-month,DSL,No,Mailed check,1
CUST-002233,9,32.14,314.19,Month-to-month,DSL,No,Mailed check,1
CUST-002234,42,113.42,5380.96,Month-to-month,Fiber optic,No,Electronic check,0
CUST-002235,56,68.03,3740.1,One year,DSL,Yes,Bank transfer,0
CUST-002236,17,46.3,876.38,Month-to-month,Fiber optic,No,Credit card,0
CUST-002237,19,46.36,994.59,Two year,DSL,No,Credit card,0
CUST-002238,34,45.53,1484.94,Month-to-month,Fiber optic,No,Electronic check,1
CUST-002239,63,43.73,2879.63,Two year,No,No,Electronic check,0
CUST-002240,16,26.51,389.2,One year,No,No,Mailed check,0
CUST-002241,47,19.99,998.93,Month-to-month,Fiber optic,Yes,Credit card,0
CUST-002242,32,59.15,1844.43,Month-to-month,Fiber optic,Yes,Bank transfer,1
CUST-002243,8,47.21,436.97,Month-to-month,Fiber optic,No,Mailed check,1
CUST-002244,51,98.21,5299.96,Two year,No,No,Credit card,0
CUST-002245,59,73.79,4675.51,Two year,Fiber optic,No,Bank transfer,0
CUST-002246,41,72.96,3200.69,Month-to-month,DSL,Yes,Credit card,0
CUST-002247,12,42.71,556.73,Month-to-month,Fiber optic,No,Credit card,1
CUST-002248,11,61.37,722.42,Month-to-month,DSL,Yes,Credit card,0
CUST-002249,30,75.83,2341.99,Month-to-month,Fiber optic,No,Bank transfer,0
CUST-002250,36,86.49,3021.42,One year,DSL,Yes,Mailed check,0
CUST-002251,39,62.18,2461.0,Month-to-month,DSL,No,Electronic check,0
CUST-002252,17,97.37,1727.25,Month-to-month,Fiber optic,No,Bank transfer,1
CUST-002253,36,65.24,2318.74,Two year,Fiber optic,Yes,Mailed check,1
CUST-002254,21,88.79,1783.23,One year,Fiber optic,No,Electronic check,0
CUST-002255,49,50.3,2354.63,One year,No,No,Credit card,0
CUST-002256,57,15.0,732.97,Month-to-month,No,Yes,Mailed check,1
CUST-002257,46,73.05,3380.53,Two year,Fiber optic,Yes,Bank transfer,0
CUST-002258,0,86.76,88.32,One year,No,No,Credit card,0
CUST-002259,71,82.26,5128.34,Month-to-month,Fiber optic,No,Mailed check,0
CUST-002260,1,77.67,157.17,Month-to-month,DSL,No,Credit card,0
CUST-002261,71,54.54,3903.0,Two year,No,No,Bank transfer,0
CUST-002262,2,40.8,115.19,Month-to-month,Fiber optic,No,Bank transfer,1
CUST-002263,37,81.55,3032.16,Two year,No,No,Mailed check,0
CUST-002264,7,77.79,655.05,One year,DSL,No,Credit card,1
CUST-002265,6,48.17,320.79,One year,DSL,No,Electronic check,0
CUST-002266,49,98.28,4933.51,One year,DSL,Yes,Bank transfer,0
CUST-002267,52,38.51,2076.62,Two year,Fiber optic,Yes,Credit card,0
CUST-002268,8,47.49,409.88,Month-to-month,No,No,Electronic check,0
CUST-002269,70,114.09,8508.96,Month-to-month,Fiber optic,No,Mailed check,0
CUST-002270,23,91.06,2229.51,One year,DSL,No,Bank transfer,0
CUST-002271,22,54.26,1232.25,Month-to-month,Fiber optic,Yes,Mailed check,1
CUST-002272,21,73.62,1811.05,One year,DSL,No,Electronic check,0
CUST-002273,33,69.64,2487.77,One year,Fiber optic,No,Mailed check,0
CUST-002274,12,15.0,178.56,Month-to-month,Fiber optic,No,Mailed check,1
CUST-002275,30,37.81,1149.18,One year,DSL,Yes,Credit card,1
CUST-002276,15,63.47,1140.85,Month-to-month,Fiber optic,No,Credit card,1
CUST-002277,3,54.3,206.54,Two year,Fiber optic,No,Electronic check,0
CUST-002278,26,72.41,1961.64,Month-to-month,DSL,Yes,Mailed check,1
CUST-002279,48,98.88,5143.57,One year,Fiber optic,No,Electronic check,0
CUST-002280,54,55.35,3143.76,Two year,Fiber optic,Yes,Credit card,0
CUST-002281,25,33.27,899.48,Month-to-month,Fiber optic,No,Mailed check,0
CUST-002282,23,74.75,1860.05,Month-to-month,DSL,Yes,Credit card,1
CUST-002283,56,55.2,3150.47,Month-to-month,DSL,No,Electronic check,1
CUST-002284,49,60.32,2896.43,One year,Fiber optic,Yes,Bank transfer,0
CUST-002285,59,56.25,3448.17,Month-to-month,DSL,No,Electronic check,0
CUST-002286,65,132.26,8553.05,Month-to-month,No,Yes,Bank transfer,0
CUST-002287,59,15.0,878.34,Two year,Fiber optic,No,Electronic check,0
CUST-002288,67,53.35,3896.7,Month-to-month,Fiber optic,Yes,Electronic check,1
CUST-002289,29,64.89,1909.6,Month-to-month,Fiber optic,No,Electronic check,1
CUST-002290,28,41.57,1308.24,One year,Fiber optic,No,Bank transfer,0
CUST-002291,23,91.99,2236.22,Month-to-month,DSL,No,Bank transfer,0
CUST-002292,16,89.4,1507.67,Month-to-month,DSL,Yes,Bank transfer,1
CUST-002293,53,63.57,3120.69,Two year,Fiber optic,No,Electronic check,0
CUST-002294,51,56.88,3271.25,One year,Fiber optic,No,Mailed check,0
CUST-002295,57,61.64,3574.13,Month-to-month,No,No,Mailed check,0
CUST-002296,12,61.86,712.83,One year,Fiber optic,No,Credit card,0
CUST-002297,35,62.65,2366.74,Month-to-month,Fiber optic,No,Bank transfer,1
CUST-002298,15,59.36,947.38,Month-to-month,DSL,No,Electronic check,1
CUST-002299,64,72.57,4497.61,One year,DSL,No,Electronic check,0
CUST-002300,19,87.6,1833.5,Month-to-month,No,Yes,Mailed check,0
CUST-002301,10,28.09,269.63,Month-to-month,DSL,Yes,Electronic check,0
CUST-002302,41,33.48,1355.96,Two year,No,No,Mailed check,0
CUST-002303,63,15.0,945.63,Month-to-month,DSL,No,Credit card,0
CUST-002304,65,90.99,6261.36,Month-to-month,Fiber optic,No,Electronic check,0
CUST-002305,6,72.51,564.42,Month-to-month,DSL,Yes,Bank transfer,1
CUST-002306,23,80.16,1900.25,One year,Fiber optic,No,Mailed check,0
CUST-002307,11,22.12,271.48,One year,DSL,No,Bank transfer,0
CUST-002308,22,118.55,3101.3,Two year,Fiber optic,No,Bank transfer,0
CUST-002309,38,46.73,1823.08,Month-to-month,No,No,Bank transfer,0
CUST-002310,20,70.05,1505.4,One year,Fiber optic,Yes,Mailed check,1
CUST-002311,4,90.63,425.12,One year,DSL,No,Credit card,0
CUST-002312,36,35.39,1437.72,Month-to-month,Fiber optic,Yes,Mailed check,0
CUST-002313,3,48.61,187.51,Month-to-month,Fiber optic,No,Electronic check,0
CUST-002314,16,70.38,1212.44,Two year,DSL,No,Electronic check,1
CUST-002315,0,150.0,151.8,Month-to-month,Fiber optic,Yes,Electronic check,1
CUST-002316,6,74.03,520.45,One year,No,No,Mailed check,1
CUST-002317,31,113.19,3543.45,Month-to-month,Fiber optic,No,Credit card,0
CUST-002318,61,101.17,6348.24,Month-to-month,Fiber optic,No,Electronic check,0
CUST-002319,55,76.04,4632.42,Two year,Fiber optic,No,Electronic check,0
CUST-002320,7,35.32,314.82,Two year,Fiber optic,No,Bank transfer,0
CUST-002321,2,96.79,287.83,Month-to-month,DSL,No,Bank transfer,0
CUST-002322,24,20.06,490.15,One year,Fiber optic,No,Bank transfer,0
CUST-002323,46,113.03,5097.42,Month-to-month,Fiber optic,No,Electronic check,1
CUST-002324,53,71.0,4348.94,One year,DSL,Yes,Electronic check,0
CUST-002325,59,15.0,905.8,Month-to-month,DSL,Yes,Mailed check,0
CUST-002326,24,54.78,1445.98,Month-to-month,No,Yes,Bank transfer,0
CUST-002327,12,84.62,1138.36,Month-to-month,DSL,No,Bank transfer,1
CUST-002328,1,57.89,128.56,Month-to-month,DSL,No,Credit card,1
CUST-002329,10,86.45,939.17,Month-to-month,DSL,Yes,Bank transfer,1
CUST-002330,4,39.5,186.56,Month-to-month,DSL,No,Mailed check,1
CUST-002331,61,25.82,1749.71,Two year,No,No,Bank transfer,0
CUST-002332,19,62.86,1313.91,Month-to-month,Fiber optic,Yes,Mailed check,0
CUST-002333,59,65.95,4047.09,Month-to-month,Fiber optic,No,Electronic check,1
CUST-002334,39,54.55,2349.42,Month-to-month,Fiber optic,No,Bank transfer,1
CUST-002335,38,101.82,4072.85,One year,Fiber optic,Yes,Mailed check,0
CUST-002336,32,39.49,1405.6,Month-to-month,Fiber optic,No,Mailed check,0
CUST-002337,58,74.39,4443.42,Month-to-month,No,Yes,Bank transfer,0
CUST-002338,3,67.04,280.25,One year,Fiber optic,No,Electronic check,1
CUST-002339,6,18.3,131.46,Month-to-month,Fiber optic,No,Electronic check,1
CUST-002340,30,25.43,775.48,Two year,Fiber optic,No,Mailed check,0
CUST-002341,28,65.36,1875.9,Month-to-month,No,No,Bank transfer,0
CUST-002342,39,124.44,4879.67,One year,DSL,Yes,Credit card,0
CUST-002343,53,82.38,4507.47,Month-to-month,Fiber optic,No,Bank transfer,1
CUST-002344,42,15.0,630.3,One year,Fiber optic,No,Mailed check,0
CUST-002345,18,15.0,291.21,Two year,Fiber optic,No,Mailed check,0
CUST-002346,23,86.99,2129.75,Month-to-month,No,No,Mailed check,0
CUST-002347,54,62.11,3451.29,Month-to-month,Fiber optic,No,Mailed check,0
CUST-002348,14,99.24,1505.13,Month-to-month,DSL,Yes,Bank transfer,0
CUST-002349,36,38.58,1387.0,Month-to-month,Fiber optic,No,Credit card,0
CUST-002350,38,75.51,2903.23,Two year,No,No,Bank transfer,0
CUST-002351,54,90.39,4555.94,One year,Fiber optic,No,Mailed check,0
CUST-002352,51,51.58,2665.88,One year,No,No,Mailed check,1
CUST-002353,33,52.22,1687.88,Two year,No,No,Electronic check,0
CUST-002354,22,65.76,1519.98,Two year,No,No,Credit card,0
CUST-002355,26,81.28,2116.17,Two year,DSL,No,Credit card,0
CUST-002356,29,64.57,1738.48,Month-to-month,Fiber optic,No,Electronic check,1
CUST-002357,15,94.22,1677.3,Month-to-month,No,No,Electronic check,1
CUST-002358,45,51.14,2325.31,Month-to-month,No,No,Electronic check,1
CUST-002359,15,25.15,431.48,Month-to-month,DSL,Yes,Credit card,0
CUST-002360,46,124.31,5688.59,Month-to-month,DSL,No,Electronic check,0
CUST-002361,54,46.86,2796.19,Month-to-month,DSL,Yes,Electronic check,1
CUST-002362,69,47.95,3163.0,Month-to-month,Fiber optic,No,Mailed check,0
CUST-002363,8,63.03,572.23,Month-to-month,No,No,Mailed check,1
CUST-002364,54,67.02,3484.55,Month-to-month,Fiber optic,No,Mailed check,0
CUST-002365,6,53.4,422.4,Month-to-month,DSL,No,Bank transfer,1
CUST-002366,24,64.48,1591.84,Month-to-month,DSL,No,Electronic check,0
CUST-002367,12,63.81,863.85,Month-to-month,No,Yes,Electronic check,0
CUST-002368,11,70.24,861.93,One year,DSL,No,Electronic check,1
CUST-002369,12,15.0,194.75,One year,DSL,No,Bank transfer,0
CUST-002370,3,121.43,498.28,Month-to-month,DSL,Yes,Bank transfer,0
CUST-002371,59,60.58,3881.9,Month-to-month,No,Yes,Mailed check,0
CUST-002372,4,82.42,425.86,Month-to-month,Fiber optic,No,Credit card,1
CUST-002373,28,23.66,691.62,Month-to-month,DSL,No,Bank transfer,0
CUST-002374,50,50.87,2661.74,Month-to-month,DSL,No,Credit card,0
CUST-002375,71,44.83,3536.87,Two year,No,No,Credit card,0
CUST-002376,61,109.09,6622.73,Month-to-month,Fiber optic,No,Mailed check,0
CUST-002377,9,47.43,430.3,Month-to-month,Fiber optic,Yes,Bank transfer,0
CUST-002378,71,87.74,5971.1,One year,DSL,No,Bank transfer,1
CUST-002379,47,45.49,2071.81,Month-to-month,DSL,No,Mailed check,0
CUST-002380,12,51.42,639.02,Month-to-month,No,No,Bank transfer,1
CUST-002381,32,57.63,1821.37,Month-to-month,Fiber optic,No,Mailed check,0
CUST-002382,66,103.52,6927.34,Two year,Fiber optic,Yes,Electronic check,0
CUST-002383,28,15.0,440.38,Month-to-month,No,Yes,Electronic check,0
CUST-002384,13,25.53,361.65,One year,Fiber optic,No,Mailed check,1
CUST-002385,63,15.0,924.95,One year,No,No,Credit card,0
CUST-002386,68,32.37,2344.88,Month-to-month,DSL,No,Electronic check,0
CUST-002387,70,40.65,2963.42,One year,DSL,No,Bank transfer,0
CUST-002388,68,16.57,1233.4,Month-to-month,No,No,Electronic check,0
CUST-002389,62,42.98,2822.09,Month-to-month,No,No,Bank transfer,0
CUST-002390,32,15.0,486.35,Month-to-month,Fiber optic,Yes,Electronic check,0
CUST-002391,13,34.46,513.94,Two year,Fiber optic,Yes,Mailed check,0
CUST-002392,44,101.01,4607.75,Month-to-month,No,No,Credit card,0
CUST-002393,15,77.11,1282.95,Month-to-month,Fiber optic,No,Mailed check,1
CUST-002394,34,70.62,2560.88,Two year,DSL,No,Credit card,0
CUST-002395,47,34.92,1665.58,Month-to-month,Fiber optic,Yes,Electronic check,0
CUST-002396,68,18.92,1312.04,Two year,Fiber optic,No,Electronic check,0
CUST-002397,20,30.83,643.08,One year,Fiber optic,Yes,Electronic check,0
CUST-002398,18,63.7,1158.75,One year,No,Yes,Electronic check,0
CUST-002399,52,91.05,4307.95,One year,Fiber optic,No,Mailed check,1
CUST-002400,0,92.07,88.88,One year,DSL,No,Credit card,0
CUST-002401,40,83.92,3474.92,Month-to-month,DSL,Yes,Electronic check,0
CUST-002402,53,42.87,2440.82,Two year,No,No,Mailed check,0
CUST-002403,39,65.74,2734.11,Two year,DSL,No,Electronic check,0
CUST-002404,27,55.36,1528.4,Two year,No,No,Bank transfer,0
CUST-002405,59,58.96,3417.54,One year,DSL,No,Bank transfer,0
CUST-002406,26,126.11,3374.45,Month-to-month,Fiber optic,Yes,Electronic check,1
CUST-002407,51,15.0,741.97,Month-to-month,No,No,Mailed check,0
CUST-002408,33,57.96,1762.21,Month-to-month,Fiber optic,No,Electronic check,0
CUST-002409,1,101.35,187.04,Month-to-month,No,Yes,Mailed check,0
CUST-002410,38,21.02,876.26,One year,DSL,No,Mailed check,0
CUST-002411,3,45.69,199.72,One year,Fiber optic,Yes,Credit card,0
CUST-002412,67,49.13,3466.7,Month-to-month,Fiber optic,No,Electronic check,0
CUST-002413,43,58.3,2557.8,Month-to-month,No,No,Bank transfer,0
CUST-002414,26,17.12,430.08,One year,DSL,No,Credit card,0
CUST-002415,35,82.86,2958.88,Month-to-month,DSL,Yes,Electronic check,0
CUST-002416,44,84.99,3941.49,Two year,Fiber optic,Yes,Credit card,0
CUST-002417,18,80.25,1588.04,One year,No,No,Credit card,0
CUST-002418,20,38.89,844.79,Month-to-month,No,Yes,Mailed check,0
CUST-002419,30,67.6,2222.18,Month-to-month,No,No,Mailed check,0
CUST-002420,18,38.02,792.49,One year,Fiber optic,No,Bank transfer,0
CUST-002421,54,55.02,2964.93,Month-to-month,Fiber optic,Yes,Bank transfer,0
CUST-002422,7,129.6,1182.26,Two year,No,No,Credit card,0
CUST-002423,59,67.87,3660.97,Month-to-month,No,Yes,Credit card,0
CUST-002424,25,29.37,734.01,Month-to-month,No,No,Mailed check,0
CUST-002425,40,70.41,2915.68,Month-to-month,No,No,Electronic check,0
CUST-002426,11,24.45,301.41,One year,No,No,Mailed check,0
CUST-002427,27,29.03,805.45,Two year,DSL,No,Bank transfer,0
CUST-002428,54,33.77,1811.11,Two year,DSL,No,Credit card,0
CUST-002429,19,51.67,1147.22,Month-to-month,No,Yes,Mailed check,1
CUST-002430,9,93.11,905.79,Two year,Fiber optic,Yes,Credit card,0
CUST-002431,37,82.35,2969.87,Month-to-month,DSL,Yes,Electronic check,1
CUST-002432,11,80.69,1050.14,One year,Fiber optic,No,Bank transfer,0
CUST-002433,22,32.03,768.02,Two year,Fiber optic,No,Mailed check,0
CUST-002434,32,48.76,1697.17,Month-to-month,No,No,Bank transfer,1
CUST-002435,40,73.16,3028.94,Two year,No,No,Mailed check,0
CUST-002436,46,46.15,2019.84,Month-to-month,DSL,No,Credit card,0
CUST-002437,48,56.65,2787.55,Month-to-month,Fiber optic,Yes,Electronic check,1
CUST-002438,60,78.24,4411.47,Month-to-month,DSL,Yes,Credit card,0
CUST-002439,4,54.54,275.99,Two year,No,No,Mailed check,0
CUST-002440,26,71.78,2001.43,Month-to-month,DSL,No,Bank transfer,0
CUST-002441,0,112.78,118.85,Two year,Fiber optic,No,Mailed check,1
CUST-002442,0,59.84,59.57,Month-to-month,Fiber optic,Yes,Mailed check,1
CUST-002443,15,100.38,1666.16,One year,Fiber optic,No,Mailed check,0
CUST-002444,43,81.78,3435.75,One year,Fiber optic,Yes,Mailed check,0
CUST-002445,64,20.98,1429.8,Month-to-month,Fiber optic,No,Electronic check,0
CUST-002446,55,31.94,1848.73,One year,Fiber optic,Yes,Mailed check,0
CUST-002447,46,39.99,1804.42,One year,DSL,Yes,Mailed check,0
CUST-002448,56,39.35,2302.72,Month-to-month,Fiber optic,No,Bank transfer,0
CUST-002449,12,62.29,853.91,Month-to-month,Fiber optic,No,Mailed check,1
CUST-002450,60,83.44,5109.81,Month-to-month,DSL,No,Bank transfer,0
CUST-002451,64,102.65,6398.15,Two year,Fiber optic,Yes,Mailed check,0
CUST-002452,6,74.25,524.34,One year,DSL,No,Mailed check,0
CUST-002453,33,51.63,1803.9,Two year,No,No,Bank transfer,0
CUST-002454,59,15.0,862.65,One year,DSL,No,Bank transfer,0
CUST-002455,34,67.12,2230.77,Two year,Fiber optic,Yes,Credit card,0
CUST-002456,60,65.77,4116.8,Month-to-month,DSL,No,Mailed check,1
CUST-002457,67,70.49,4990.49,Month-to-month,Fiber optic,No,Electronic check,0
CUST-002458,34,128.19,4968.8,One year,DSL,No,Bank transfer,0
CUST-002459,4,102.22,528.1,Month-to-month,Fiber optic,No,Mailed check,1
CUST-002460,24,88.55,2079.96,Month-to-month,DSL,No,Electronic check,0
CUST-002461,15,36.14,637.17,One year,Fiber optic,Yes,Credit card,0
CUST-002462,34,49.61,1827.95,Two year,Fiber optic,Yes,Bank transfer,0
CUST-002463,42,62.15,2404.68,One year,No,Yes,Bank transfer,0
CUST-002464,33,41.74,1345.98,Month-to-month,Fiber optic,No,Bank transfer,1
CUST-002465,14,80.01,1170.71,Two year,Fiber optic,Yes,Credit card,0
CUST-002466,21,75.71,1735.35,Month-to-month,No,Yes,Bank transfer,0
CUST-002467,48,32.35,1396.59,Month-to-month,DSL,No,Bank transfer,0
CUST-002468,1,100.9,200.61,Two year,Fiber optic,Yes,Credit card,0
CUST-002469,15,68.07,1131.64,One year,Fiber optic,No,Bank transfer,0
CUST-002470,64,15.0,836.84,Two year,Fiber optic,No,Bank transfer,0
CUST-002471,7,63.46,526.63,Two year,DSL,No,Electronic check,0
CUST-002472,29,73.44,2298.58,One year,Fiber optic,No,Mailed check,0
CUST-002473,14,94.18,1352.95,Month-to-month,Fiber optic,No,Mailed check,1
CUST-002474,7,54.88,413.69,Month-to-month,Fiber optic,No,Credit card,1
CUST-002475,30,89.84,2664.91,Two year,DSL,No,Bank transfer,0
CUST-002476,37,70.61,2324.83,Two year,Fiber optic,No,Bank transfer,0
CUST-002477,12,25.55,326.71,Month-to-month,No,Yes,Bank transfer,0
CUST-002478,5,22.54,136.76,Month-to-month,DSL,No,Bank transfer,0
CUST-002479,9,98.68,926.61,Month-to-month,Fiber optic,No,Credit card,1
CUST-002480,46,100.88,4971.78,Month-to-month,No,No,Electronic check,1
CUST-002481,61,74.69,4654.36,Two year,No,No,Credit card,0
CUST-002482,12,109.87,1446.9,Month-to-month,DSL,No,Credit card,1
CUST-002483,23,96.7,2274.11,Month-to-month,Fiber optic,No,Electronic check,1
CUST-002484,24,85.51,2217.14,Two year,DSL,No,Bank transfer,0
CUST-002485,25,37.66,1042.36,Month-to-month,No,Yes,Mailed check,0
CUST-002486,17,116.94,2062.08,Month-to-month,Fiber optic,No,Mailed check,0
CUST-002487,3,81.09,336.7,Month-to-month,Fiber optic,Yes,Credit card,0
CUST-002488,37,53.42,2108.51,Month-to-month,DSL,No,Mailed check,0
CUST-002489,25,44.95,1193.17,Month-to-month,Fiber optic,No,Credit card,1
CUST-002490,24,72.7,1970.0,Month-to-month,DSL,No,Bank transfer,0
CUST-002491,19,15.0,289.1,Month-to-month,Fiber optic,No,Credit card,1
CUST-002492,66,85.99,5639.91,Month-to-month,Fiber optic,No,Bank transfer,0
CUST-002493,43,36.39,1539.08,Month-to-month,Fiber optic,No,Bank transfer,0
CUST-002494,30,76.12,2445.21,Month-to-month,No,Yes,Electronic check,0
CUST-002495,14,49.35,730.19,Two year,DSL,No,Credit card,0
CUST-002496,57,57.07,3194.77,Month-to-month,DSL,Yes,Bank transfer,0
CUST-002497,63,42.29,2931.82,Month-to-month,Fiber optic,Yes,Mailed check,0
CUST-002498,2,60.16,196.82,Two year,Fiber optic,No,Mailed check,0
CUST-002499,66,121.68,8018.67,Month-to-month,DSL,No,Electronic check,0
CUST-002500,50,106.55,5062.61,Month-to-month,Fiber optic,No,Mailed check,1
CUST-002501,7,75.63,661.45,Two year,Fiber optic,Yes,Electronic check,0
CUST-002502,54,64.24,3616.43,One year,Fiber optic,No,Credit card,0
CUST-002503,7,90.33,737.81,Month-to-month,Fiber optic,Yes,Mailed check,0
CUST-002504,3,98.9,397.67,One year,DSL,Yes,Bank transfer,0
CUST-002505,8,40.11,346.51,One year,DSL,Yes,Credit card,0
CUST-002506,33,62.68,2086.98,Month-to-month,Fiber optic,No,Credit card,1
CUST-002507,44,15.0,697.87,Month-to-month,Fiber optic,No,Mailed check,1
CUST-002508,29,98.69,2894.54,Month-to-month,Fiber optic,Yes,Electronic check,0
CUST-002509,8,126.95,1167.29,Two year,No,Yes,Bank transfer,1
CUST-002510,14,67.4,1011.71,Month-to-month,DSL,No,Credit card,1
CUST-002511,61,15.0,880.85,Month-to-month,Fiber optic,No,Mailed check,0
CUST-002512,69,83.27,6301.12,Month-to-month,Fiber optic,Yes,Electronic check,0
CUST-002513,54,37.88,2145.13,Two year,DSL,No,Bank transfer,0
CUST-002514,7,45.1,366.76,Month-to-month,No,No,Bank transfer,1
CUST-002515,59,83.8,5167.37,Month-to-month,No,No,Electronic check,0
CUST-002516,49,72.64,3306.26,Month-to-month,DSL,Yes,Electronic check,1
CUST-002517,37,50.36,1866.37,One year,No,No,Bank transfer,0
CUST-002518,10,45.51,462.4,Month-to-month,DSL,No,Electronic check,1
CUST-002519,71,68.78,4982.68,Two year,No,No,Electronic check,0
CUST-002520,31,52.72,1714.4,Month-to-month,No,No,Mailed check,0
CUST-002521,3,31.72,127.79,Month-to-month,DSL,No,Mailed check,0
CUST-002522,15,55.02,932.25,Month-to-month,Fiber optic,No,Credit card,1
CUST-002523,28,75.19,2017.2,Month-to-month,Fiber optic,No,Mailed check,0
CUST-002524,4,59.66,286.36,Month-to-month,DSL,Yes,Credit card,0
CUST-002525,23,22.59,553.51,One year,Fiber optic,No,Bank transfer,0
CUST-002526,33,94.67,3261.32,Month-to-month,Fiber optic,No,Mailed check,0
CUST-002527,68,15.0,966.93,One year,DSL,No,Bank transfer,0
CUST-002528,6,51.61,382.88,Month-to-month,DSL,No,Electronic check,0
CUST-002529,41,46.39,2098.9,One year,DSL,Yes,Credit card,0
CUST-002530,65,69.45,4680.93,Month-to-month,Fiber optic,No,Mailed check,0
CUST-002531,58,81.85,4464.77,Month-to-month,Fiber optic,No,Credit card,0
CUST-002532,66,98.8,6672.66,Month-to-month,Fiber optic,No,Bank transfer,1
CUST-002533,12,43.63,576.81,Two year,DSL,No,Mailed check,0
CUST-002534,57,82.6,4725.54,Two year,DSL,Yes,Mailed check,0
CUST-002535,70,70.87,5371.07,Two year,Fiber optic,Yes,Electronic check,0
CUST-002536,23,15.0,357.91,Two year,DSL,No,Bank transfer,0
CUST-002537,35,122.02,4854.8,Month-to-month,Fiber optic,No,Electronic check,0
CUST-002538,38,21.84,884.98,Month-to-month,Fiber optic,No,Bank transfer,0
CUST-002539,35,77.58,2831.61,Month-to-month,Fiber optic,No,Electronic check,0
CUST-002540,20,76.7,1684.8,Two year,Fiber optic,No,Electronic check,0
CUST-002541,69,73.27,5521.42,Month-to-month,No,No,Electronic check,0
CUST-002542,68,50.16,3616.82,Month-to-month,DSL,No,Electronic check,0
CUST-002543,27,89.82,2505.36,One year,No,No,Credit card,0
CUST-002544,57,18.19,1020.15,Month-to-month,DSL,No,Credit card,0
CUST-002545,28,63.03,1725.18,One year,DSL,No,Credit card,0
CUST-002546,57,48.08,2448.52,Month-to-month,Fiber optic,No,Bank transfer,0
CUST-002547,42,44.68,1938.02,One year,DSL,No,Electronic check,0
CUST-002548,33,77.86,2596.01,Two year,Fiber optic,Yes,Credit card,0
CUST-002549,9,97.32,956.98,One year,No,No,Credit card,1
CUST-002550,47,54.7,2760.79,Month-to-month,Fiber optic,No,Electronic check,0
CUST-002551,23,88.42,2110.2,Month-to-month,Fiber optic,No,Credit card,1
CUST-002552,15,66.49,1164.68,Month-to-month,No,Yes,Credit card,1
CUST-002553,13,38.22,519.72,Month-to-month,Fiber optic,No,Mailed check,1
CUST-002554,70,57.26,3868.19,One year,DSL,Yes,Bank transfer,0
CUST-002555,7,56.02,419.94,Month-to-month,No,No,Credit card,1
CUST-002556,57,44.1,2650.24,Month-to-month,DSL,No,Mailed check,1
CUST-002557,62,77.85,5187.23,Month-to-month,DSL,No,Credit card,0
CUST-002558,2,72.04,209.7,Two year,DSL,No,Mailed check,0
CUST-002559,42,17.28,703.53,Month-to-month,DSL,No,Credit card,0
CUST-002560,41,15.45,698.74,Month-to-month,DSL,No,Electronic check,1
CUST-002561,25,77.74,1874.67,Month-to-month,DSL,No,Bank transfer,0
CUST-002562,48,40.54,2086.87,Month-to-month,Fiber optic,No,Bank transfer,0
CUST-002563,29,74.06,2158.41,Two year,Fiber optic,No,Mailed check,1
CUST-002564,31,88.43,2885.88,Month-to-month,No,No,Mailed check,0
CUST-002565,31,26.87,906.19,One year,DSL,Yes,Electronic check,0
CUST-002566,57,22.65,1345.21,One year,DSL,No,Bank transfer,0
CUST-002567,45,115.23,5222.46,Two year,Fiber optic,No,Credit card,0
CUST-002568,27,75.55,2262.98,One year,DSL,Yes,Bank transfer,0
CUST-002569,66,52.42,3563.1,One year,Fiber optic,Yes,Mailed check,0
CUST-002570,57,36.98,2539.88,Month-to-month,Fiber optic,No,Bank transfer,0
CUST-002571,67,49.69,3090.64,Month-to-month,Fiber optic,No,Mailed check,0
CUST-002572,52,29.28,1418.52,One year,DSL,No,Credit card,0
CUST-002573,28,91.5,2785.49,One year,Fiber optic,No,Mailed check,1
CUST-002574,55,41.7,2331.35,Month-to-month,Fiber optic,No,Bank transfer,0
CUST-002575,23,97.81,2440.37,Month-to-month,No,No,Mailed check,0
CUST-002576,19,52.98,1001.43,Month-to-month,DSL,Yes,Credit card,0
CUST-002577,32,33.7,1115.09,Month-to-month,Fiber optic,No,Electronic check,1
CUST-002578,69,52.21,3738.34,Month-to-month,Fiber optic,No,Bank transfer,0
CUST-002579,40,15.0,598.28,Month-to-month,DSL,No,Credit card,0
CUST-002580,27,61.38,1738.47,Month-to-month,Fiber optic,Yes,Mailed check,0
CUST-002581,33,59.9,1897.84,One year,Fiber optic,No,Bank transfer,0
CUST-002582,20,89.74,1921.79,One year,DSL,No,Mailed check,1
CUST-002583,47,15.0,772.04,One year,Fiber optic,No,Mailed check,0
CUST-002584,25,99.86,2435.6,One year,Fiber optic,No,Credit card,0
CUST-002585,39,89.62,3352.08,Month-to-month,Fiber optic,No,Mailed check,1
CUST-002586,26,102.56,2933.91,Month-to-month,DSL,No,Electronic check,0
CUST-002587,23,63.42,1421.92,One year,Fiber optic,No,Bank transfer,0
CUST-002588,69,95.42,6959.91,Two year,DSL,Yes,Mailed check,0
CUST-002589,24,20.86,523.01,One year,Fiber optic,No,Credit card,0
CUST-002590,5,86.39,507.52,One year,Fiber optic,No,Electronic check,1
CUST-002591,27,41.87,1258.18,One year,Fiber optic,No,Credit card,0
CUST-002592,38,15.46,630.84,One year,Fiber optic,No,Bank transfer,0
CUST-002593,6,31.28,221.99,One year,DSL,No,Credit card,0
CUST-002594,22,65.17,1337.49,One year,DSL,No,Mailed check,0
CUST-002595,11,40.27,500.46,Month-to-month,Fiber optic,No,Mailed check,0
CUST-002596,36,76.28,2671.32,Month-to-month,DSL,Yes,Mailed check,1
CUST-002597,52,15.0,786.2,Month-to-month,Fiber optic,No,Credit card,0
CUST-002598,69,15.0,1050.39,Month-to-month,Fiber optic,Yes,Electronic check,0
CUST-002599,28,106.17,3371.06,One year,No,No,Bank transfer,0
CUST-002600,62,92.11,5729.7,Month-to-month,DSL,No,Mailed check,0
CUST-002601,15,33.52,498.18,Month-to-month,Fiber optic,No,Bank transfer,1
CUST-002602,56,64.91,3971.75,One year,DSL,Yes,Credit card,0
CUST-002603,40,95.59,4061.2,Month-to-month,No,No,Bank transfer,0
CUST-002604,54,77.58,4429.45,Two year,Fiber optic,No,Electronic check,0
CUST-002605,54,69.45,4103.82,Month-to-month,Fiber optic,No,Mailed check,0
CUST-002606,38,97.85,4145.15,Month-to-month,Fiber optic,No,Electronic check,1
CUST-002607,18,43.08,782.0,Month-to-month,DSL,No,Mailed check,0
CUST-002608,37,65.94,2331.28,Month-to-month,Fiber optic,No,Electronic check,0
CUST-002609,59,64.46,4030.8,Month-to-month,No,Yes,Bank transfer,0
CUST-002610,69,56.82,3925.01,Month-to-month,DSL,Yes,Bank transfer,0
CUST-002611,66,53.31,3540.82,Month-to-month,No,No,Mailed check,0
CUST-002612,13,67.19,887.85,Month-to-month,No,No,Credit card,1
CUST-002613,43,66.03,2990.24,One year,No,Yes,Bank transfer,0
CUST-002614,7,33.55,273.77,Month-to-month,No,Yes,Bank transfer,1
CUST-002615,48,89.05,4329.71,Month-to-month,DSL,No,Mailed check,1
CUST-002616,71,35.71,2392.54,Month-to-month,Fiber optic,Yes,Mailed check,0
CUST-002617,3,58.45,247.95,Two year,DSL,No,Bank transfer,0
CUST-002618,47,56.14,2729.25,One year,Fiber optic,No,Credit card,0
CUST-002619,68,75.74,5518.38,Two year,DSL,No,Credit card,0
CUST-002620,60,15.0,818.79,Two year,No,No,Credit card,0
CUST-002621,28,91.73,2667.65,Month-to-month,DSL,Yes,Electronic check,1
CUST-002622,7,44.69,344.71,One year,DSL,Yes,Credit card,0
CUST-002623,66,101.6,6819.43,Month-to-month,DSL,Yes,Electronic check,0
CUST-002624,66,50.66,3553.95,Two year,Fiber optic,No,Electronic check,0
CUST-002625,41,63.53,2717.82,Month-to-month,DSL,No,Bank transfer,0
CUST-002626,70,122.41,8699.24,Month-to-month,DSL,Yes,Mailed check,0
CUST-002627,0,56.68,56.72,Two year,DSL,No,Electronic check,0
CUST-002628,44,102.17,4238.9,Two year,DSL,No,Electronic check,0
CUST-002629,2,66.17,189.52,Two year,No,Yes,Electronic check,0
CUST-002630,67,77.46,5562.77,Month-to-month,Fiber optic,Yes,Mailed check,0
CUST-002631,48,67.1,3204.73,Month-to-month,DSL,No,Bank transfer,0
CUST-002632,65,90.44,6309.09,Month-to-month,DSL,No,Bank transfer,1
CUST-002633,40,44.43,1897.07,Month-to-month,DSL,No,Electronic check,0
CUST-002634,5,35.48,222.23,Month-to-month,Fiber optic,Yes,Electronic check,1
CUST-002635,1,45.84,93.21,Month-to-month,DSL,No,Bank transfer,1
CUST-002636,24,67.99,1662.73,One year,DSL,Yes,Credit card,0
CUST-002637,53,58.38,3128.45,Month-to-month,DSL,No,Electronic check,0
CUST-002638,10,86.31,979.79,One year,DSL,No,Mailed check,1
CUST-002639,61,104.14,5770.57,Two year,Fiber optic,No,Electronic check,0
CUST-002640,17,35.72,683.04,One year,DSL,Yes,Mailed check,1
CUST-002641,35,42.98,1508.64,Month-to-month,Fiber optic,Yes,Mailed check,0
CUST-002642,14,21.91,327.27,Month-to-month,Fiber optic,No,Electronic check,1
CUST-002643,33,125.91,4264.36,Month-to-month,No,Yes,Credit card,0
CUST-002644,32,74.14,2441.75,One year,DSL,No,Credit card,0
CUST-002645,0,79.39,74.18,Month-to-month,Fiber optic,Yes,Bank transfer,1
CUST-002646,40,24.79,1024.26,Month-to-month,No,Yes,Credit card,0
CUST-002647,56,64.96,3813.05,Two year,No,No,Mailed check,0
CUST-002648,67,80.28,4900.85,One year,No,Yes,Credit card,0
CUST-002649,23,57.42,1288.39,Two year,DSL,No,Mailed check,0
CUST-002650,63,97.27,6504.21,Month-to-month,No,No,Mailed check,0
CUST-002651,63,134.35,8903.88,Two year,No,Yes,Bank transfer,0
CUST-002652,71,36.59,2673.69,Month-to-month,DSL,No,Bank transfer,0
CUST-002653,26,34.34,895.49,Month-to-month,DSL,No,Bank transfer,1
CUST-002654,61,38.67,2483.15,Two year,No,No,Credit card,0
CUST-002655,40,113.19,4361.51,Two year,DSL,No,Mailed check,0
CUST-002656,4,96.27,478.05,Month-to-month,Fiber optic,No,Bank transfer,1
CUST-002657,19,60.93,1139.07,Month-to-month,Fiber optic,No,Electronic check,1
CUST-002658,48,66.1,3212.51,Month-to-month,Fiber optic,No,Electronic check,1
CUST-002659,11,40.5,461.0,One year,DSL,No,Mailed check,0
CUST-002660,31,91.7,3045.32,Two year,Fiber optic,No,Bank transfer,0
CUST-002661,55,53.6,3066.78,Month-to-month,Fiber optic,Yes,Bank transfer,0
CUST-002662,10,57.2,611.23,Month-to-month,No,Yes,Electronic check,0
CUST-002663,35,83.26,3160.9,One year,DSL,Yes,Credit card,0
CUST-002664,15,59.36,904.35,One year,DSL,Yes,Bank transfer,1
CUST-002665,38,57.95,2256.1,Month-to-month,DSL,No,Bank transfer,0
CUST-002666,17,65.32,1139.57,One year,DSL,No,Bank transfer,0
CUST-002667,69,88.86,6451.13,Two year,No,Yes,Bank transfer,0
CUST-002668,5,114.39,708.45,Month-to-month,DSL,No,Mailed check,1
CUST-002669,69,82.56,6155.76,One year,DSL,No,Mailed check,0
CUST-002670,57,89.1,5189.21,One year,No,No,Electronic check,0
CUST-002671,61,59.0,3116.92,Month-to-month,DSL,No,Bank transfer,0
CUST-002672,61,43.77,2655.04,Two year,DSL,No,Electronic check,0
CUST-002673,13,84.62,1277.39,One year,Fiber optic,No,Bank transfer,0
CUST-002674,67,70.14,4691.83,Month-to-month,Fiber optic,Yes,Mailed check,0
CUST-002675,42,22.32,867.79,Month-to-month,No,Yes,Electronic check,1
CUST-002676,69,55.16,3947.8,One year,Fiber optic,No,Mailed check,0
CUST-002677,63,62.51,4105.67,Month-to-month,DSL,Yes,Credit card,0
CUST-002678,41,49.69,2010.95,Month-to-month,Fiber optic,Yes,Bank transfer,0
CUST-002679,26,109.45,2918.75,Month-to-month,No,Yes,Mailed check,0
CUST-002680,8,79.4,684.28,One year,Fiber optic,No,Mailed check,0
CUST-002681,7,106.2,871.76,Two year,Fiber optic,No,Bank transfer,1
CUST-002682,28,72.9,2120.16,One year,Fiber optic,No,Electronic check,0
CUST-002683,58,67.44,3747.12,Two year,Fiber optic,No,Bank transfer,0
CUST-002684,36,36.9,1364.72,Month-to-month,Fiber optic,No,Electronic check,1
CUST-002685,34,65.36,2203.69,Month-to-month,DSL,No,Credit card,0
CUST-002686,17,65.39,1263.04,Two year,Fiber optic,No,Bank transfer,1
CUST-002687,40,23.99,1027.4,Month-to-month,DSL,Yes,Electronic check,0
CUST-002688,45,48.81,2231.72,Two year,Fiber optic,Yes,Mailed check,0
CUST-002689,70,55.3,3942.32,Month-to-month,Fiber optic,No,Credit card,0
CUST-002690,52,77.4,4310.38,Month-to-month,DSL,No,Credit card,0
CUST-002691,43,78.84,3438.87,One year,DSL,No,Electronic check,0
CUST-002692,65,47.56,3258.02,Month-to-month,No,No,Mailed check,0
CUST-002693,30,79.07,2632.11,Month-to-month,DSL,No,Electronic check,1
CUST-002694,67,59.54,3949.19,Month-to-month,DSL,Yes,Mailed check,0
CUST-002695,26,15.0,438.33,Month-to-month,DSL,No,Credit card,0
CUST-002696,9,50.46,538.78,Month-to-month,Fiber optic,No,Bank transfer,1
CUST-002697,30,97.37,3055.97,Two year,DSL,No,Mailed check,0
CUST-002698,9,15.0,146.67,Month-to-month,No,Yes,Mailed check,1
CUST-002699,8,68.38,622.69,Two year,Fiber optic,Yes,Bank transfer,0
CUST-002700,63,112.56,7115.64,One year,DSL,No,Bank transfer,0
CUST-002701,57,42.18,2349.56,Month-to-month,Fiber optic,Yes,Mailed check,0
CUST-002702,15,65.06,1068.74,Month-to-month,DSL,Yes,Mailed check,0
CUST-002703,60,25.88,1497.86,Two year,DSL,No,Credit card,0
CUST-002704,4,113.82,559.45,One year,Fiber optic,No,Bank transfer,0
CUST-002705,20,62.5,1291.15,Two year,DSL,Yes,Credit card,0
CUST-002706,50,66.4,3155.18,Month-to-month,No,No,Credit card,0
CUST-002707,21,105.63,2400.35,One year,Fiber optic,Yes,Mailed check,0
CUST-002708,52,84.84,4445.41,One year,DSL,No,Credit card,0
CUST-002709,62,38.73,2598.52,Two year,No,No,Credit card,0
CUST-002710,4,45.58,225.12,Month-to-month,Fiber optic,No,Electronic check,1
CUST-002711,1,79.85,156.45,Two year,DSL,Yes,Electronic check,0
CUST-002712,67,46.28,3004.46,Month-to-month,Fiber optic,No,Electronic check,0
CUST-002713,37,15.0,571.11,Two year,No,No,Bank transfer,0
CUST-002714,36,63.4,2351.14,Month-to-month,Fiber optic,No,Credit card,1
CUST-002715,33,20.59,726.15,One year,Fiber optic,No,Credit card,1
CUST-002716,31,113.49,3643.8,Month-to-month,Fiber optic,Yes,Mailed check,0
CUST-002717,49,70.3,3883.21,Two year,DSL,Yes,Bank transfer,0
CUST-002718,41,37.84,1625.74,Month-to-month,DSL,No,Electronic check,0
CUST-002719,11,44.04,502.42,Month-to-month,Fiber optic,No,Bank transfer,1
CUST-002720,45,15.0,653.03,One year,No,No,Mailed check,0
CUST-002721,48,32.02,1610.74,One year,Fiber optic,Yes,Credit card,0
CUST-002722,8,95.49,815.65,Month-to-month,DSL,Yes,Credit card,0
CUST-002723,27,131.95,3804.59,One year,Fiber optic,Yes,Bank transfer,0
CUST-002724,56,86.79,5168.68,Month-to-month,DSL,Yes,Bank transfer,0
CUST-002725,44,62.24,2929.54,One year,DSL,No,Credit card,0
CUST-002726,9,52.04,497.8,One year,Fiber optic,Yes,Mailed check,0
CUST-002727,2,36.31,113.93,One year,DSL,No,Electronic check,0
CUST-002728,41,126.79,5411.2,Two year,No,Yes,Bank transfer,0
CUST-002729,33,59.34,1956.16,Month-to-month,Fiber optic,No,Mailed check,0
CUST-002730,69,128.47,8921.15,Month-to-month,Fiber optic,No,Bank transfer,0
CUST-002731,37,106.81,4154.25,One year,No,Yes,Credit card,0
CUST-002732,67,15.0,985.68,Month-to-month,Fiber optic,Yes,Bank transfer,0
CUST-002733,15,45.02,731.21,Month-to-month,No,No,Mailed check,0
CUST-002734,32,44.93,1589.81,One year,No,Yes,Bank transfer,0
CUST-002735,10,62.6,721.85,Month-to-month,Fiber optic,Yes,Mailed check,1
CUST-002736,41,63.19,2664.88,Month-to-month,DSL,No,Electronic check,0
CUST-002737,13,150.0,2124.58,Two year,DSL,No,Credit card,0
CUST-002738,35,32.68,1144.94,Month-to-month,No,No,Mailed check,0
CUST-002739,24,71.87,1750.92,Month-to-month,DSL,Yes,Bank transfer,1
CUST-002740,13,83.5,1079.09,Month-to-month,No,Yes,Credit card,1
CUST-002741,6,64.95,460.38,Month-to-month,DSL,No,Electronic check,1
CUST-002742,36,68.31,2613.54,One year,Fiber optic,No,Mailed check,0
CUST-002743,68,33.66,2314.02,One year,DSL,Yes,Electronic check,0
CUST-002744,14,68.19,978.05,One year,No,No,Mailed check,0
CUST-002745,29,80.34,2418.23,Month-to-month,DSL,No,Mailed check,0
CUST-002746,16,74.83,1357.42,Month-to-month,Fiber optic,No,Credit card,0
CUST-002747,58,82.11,5061.76,Month-to-month,No,No,Mailed check,0
CUST-002748,29,107.38,3216.6,One year,DSL,No,Bank transfer,0
CUST-002749,70,93.11,7287.49,One year,DSL,No,Electronic check,0
CUST-002750,17,67.14,1371.57,Month-to-month,No,Yes,Mailed check,0
CUST-002751,5,29.85,174.78,Two year,No,No,Credit card,0
CUST-002752,41,47.0,1949.72,One year,DSL,No,Bank transfer,0
CUST-002753,46,58.41,2840.49,Month-to-month,Fiber optic,No,Mailed check,0
CUST-002754,71,72.57,4986.55,One year,DSL,No,Credit card,0
CUST-002755,62,50.65,3326.43,One year,DSL,Yes,Credit card,0
CUST-002756,63,36.93,2375.38,Month-to-month,Fiber optic,No,Mailed check,0
CUST-002757,45,29.35,1375.38,Month-to-month,DSL,No,Credit card,0
CUST-002758,25,15.46,390.51,One year,Fiber optic,No,Electronic check,0
CUST-002759,30,57.95,1725.74,Two year,DSL,No,Mailed check,0
CUST-002760,9,20.91,188.34,One year,No,Yes,Credit card,0
CUST-002761,31,34.98,1202.61,One year,Fiber optic,No,Credit card,0
CUST-002762,26,53.18,1503.53,One year,DSL,No,Credit card,0
CUST-002763,2,24.92,77.28,Month-to-month,No,No,Electronic check,1
CUST-002764,14,76.39,1165.85,Month-to-month,No,Yes,Electronic check,1
CUST-002765,38,87.21,3009.22,Month-to-month,DSL,No,Bank transfer,0
CUST-002766,26,48.52,1260.77,Two year,No,Yes,Electronic check,0
CUST-002767,71,51.89,3688.18,Two year,DSL,No,Credit card,0
CUST-002768,34,81.12,2685.79,Two year,DSL,Yes,Credit card,0
CUST-002769,69,43.58,2792.3,Month-to-month,Fiber optic,No,Credit card,1
CUST-002770,47,41.52,1895.48,Month-to-month,DSL,Yes,Credit card,0
CUST-002771,2,100.89,303.43,One year,Fiber optic,Yes,Electronic check,1
CUST-002772,14,91.53,1376.28,Month-to-month,Fiber optic,No,Credit card,1
CUST-002773,50,83.05,4427.56,Month-to-month,No,No,Mailed check,0
CUST-002774,39,92.77,4093.57,One year,DSL,No,Electronic check,0
CUST-002775,21,15.0,341.32,One year,DSL,No,Mailed check,0
CUST-002776,37,105.62,3978.15,One year,Fiber optic,No,Credit card,0
CUST-002777,65,76.76,5522.33,Month-to-month,DSL,No,Credit card,0
CUST-002778,27,95.32,2457.94,Month-to-month,No,Yes,Bank transfer,0
CUST-002779,3,76.61,274.61,Month-to-month,Fiber optic,Yes,Electronic check,1
CUST-002780,22,66.47,1460.98,Month-to-month,Fiber optic,No,Bank transfer,0
CUST-002781,67,56.74,4015.06,Month-to-month,Fiber optic,No,Bank transfer,0
CUST-002782,54,76.01,4216.02,Month-to-month,DSL,Yes,Bank transfer,0
CUST-002783,60,55.65,3203.0,Two year,DSL,No,Mailed check,0
CUST-002784,65,91.04,5789.96,Month-to-month,Fiber optic,No,Electronic check,0
CUST-002785,8,17.41,146.93,Month-to-month,No,No,Mailed check,1
CUST-002786,20,48.75,960.25,Month-to-month,DSL,Yes,Credit card,0
CUST-002787,4,126.34,680.72,One year,DSL,No,Mailed check,1
CUST-002788,0,46.22,45.89,Month-to-month,Fiber optic,No,Electronic check,1
CUST-002789,60,57.84,3840.38,Month-to-month,DSL,No,Mailed check,0
CUST-002790,67,38.52,2502.96,Month-to-month,Fiber optic,No,Mailed check,0
CUST-002791,11,75.08,923.03,Month-to-month,DSL,Yes,Bank transfer,0
CUST-002792,51,42.91,2256.76,One year,Fiber optic,No,Bank transfer,0
CUST-002793,38,59.43,2419.78,Month-to-month,Fiber optic,No,Mailed check,0
CUST-002794,4,90.47,458.09,Month-to-month,No,No,Electronic check,1
CUST-002795,65,44.04,3049.6,One year,Fiber optic,No,Mailed check,0
CUST-002796,62,88.66,5740.25,Month-to-month,DSL,No,Electronic check,0
CUST-002797,40,89.67,3475.75,One year,Fiber optic,Yes,Bank transfer,0
CUST-002798,50,96.65,5109.66,Month-to-month,Fiber optic,Yes,Mailed check,0
CUST-002799,28,69.22,1996.92,One year,Fiber optic,No,Mailed check,0
CUST-002800,57,150.0,8362.13,Month-to-month,No,No,Bank transfer,0
CUST-002801,32,96.64,3299.64,Month-to-month,No,No,Credit card,0
CUST-002802,71,74.75,5629.71,Month-to-month,DSL,No,Mailed check,0
CUST-002803,4,38.72,188.93,Two year,Fiber optic,No,Bank transfer,0
CUST-002804,12,62.09,793.0,Month-to-month,DSL,No,Bank transfer,1
CUST-002805,69,107.79,7021.98,Two year,Fiber optic,No,Bank transfer,0
CUST-002806,20,116.29,2221.65,Two year,No,No,Mailed check,0
CUST-002807,22,109.35,2484.58,Month-to-month,Fiber optic,Yes,Electronic check,1
CUST-002808,56,88.56,5247.58,Month-to-month,DSL,No,Electronic check,0
CUST-002809,13,27.33,371.66,Month-to-month,No,No,Electronic check,0
CUST-002810,36,79.61,3156.05,Two year,Fiber optic,No,Electronic check,0
CUST-002811,20,27.76,576.94,One year,DSL,No,Credit card,0
CUST-002812,14,20.38,302.57,Month-to-month,No,Yes,Electronic check,1
CUST-002813,69,72.17,4979.21,Month-to-month,DSL,No,Credit card,0
CUST-002814,14,80.7,1269.85,Two year,Fiber optic,Yes,Credit card,0
CUST-002815,6,92.1,613.8,Month-to-month,Fiber optic,Yes,Electronic check,1
CUST-002816,48,79.91,3890.54,Month-to-month,No,No,Mailed check,0
CUST-002817,62,80.95,4960.13,Month-to-month,DSL,No,Mailed check,1
CUST-002818,9,35.46,344.65,Month-to-month,DSL,No,Mailed check,0
CUST-002819,50,61.85,3159.93,Two year,Fiber optic,No,Mailed check,0
CUST-002820,38,19.79,767.3,One year,No,Yes,Mailed check,0
CUST-002821,59,15.0,947.33,Month-to-month,DSL,No,Bank transfer,0
CUST-002822,9,87.22,871.72,Month-to-month,DSL,Yes,Mailed check,1
CUST-002823,70,42.41,3094.4,One year,No,No,Electronic check,0
CUST-002824,44,91.17,4138.31,Month-to-month,Fiber optic,No,Mailed check,0
CUST-002825,60,98.25,6413.93,Month-to-month,DSL,No,Credit card,0
CUST-002826,26,46.42,1234.4,Month-to-month,Fiber optic,No,Credit card,0
CUST-002827,67,82.71,5539.99,One year,Fiber optic,No,Electronic check,0
CUST-002828,45,45.17,2155.0,Two year,Fiber optic,No,Bank transfer,0
CUST-002829,9,15.0,147.63,One year,Fiber optic,No,Credit card,0
CUST-002830,66,68.7,4717.55,Month-to-month,Fiber optic,No,Electronic check,1
CUST-002831,57,50.87,3295.6,One year,DSL,No,Electronic check,0
CUST-002832,21,51.8,1083.76,Month-to-month,No,Yes,Electronic check,1
CUST-002833,39,124.26,5351.06,Two year,DSL,No,Mailed check,0
CUST-002834,27,19.22,525.03,Month-to-month,No,No,Credit card,0
CUST-002835,39,76.49,3264.07,Month-to-month,DSL,Yes,Mailed check,1
CUST-002836,69,35.16,2545.32,Month-to-month,DSL,No,Mailed check,0
CUST-002837,64,92.25,6176.09,Month-to-month,DSL,Yes,Mailed check,0
CUST-002838,15,73.95,1174.32,Month-to-month,DSL,No,Mailed check,0
CUST-002839,69,76.38,5279.66,One year,Fiber optic,No,Credit card,0
CUST-002840,31,36.65,1130.56,One year,Fiber optic,No,Electronic check,0
CUST-002841,50,42.03,2144.32,Two year,No,No,Mailed check,0
CUST-002842,55,92.82,5149.98,Month-to-month,Fiber optic,No,Bank transfer,0
CUST-002843,34,118.12,4173.82,Month-to-month,Fiber optic,No,Electronic check,0
CUST-002844,32,79.41,2435.67,Month-to-month,DSL,No,Electronic check,1
CUST-002845,32,38.08,1257.98,Month-to-month,No,No,Credit card,0
CUST-002846,62,75.17,5034.56,Month-to-month,DSL,No,Mailed check,0
CUST-002847,27,137.82,4041.23,Two year,DSL,No,Electronic check,0
CUST-002848,20,68.07,1431.17,Two year,DSL,No,Mailed check,0
CUST-002849,26,108.86,3315.65,Month-to-month,DSL,No,Electronic check,0
CUST-002850,14,42.79,623.32,One year,Fiber optic,Yes,Electronic check,0
CUST-002851,28,63.74,1840.37,One year,DSL,No,Electronic check,0
CUST-002852,8,83.59,697.72,Month-to-month,DSL,No,Bank transfer,1
CUST-002853,6,76.92,527.57,One year,No,No,Mailed check,1
CUST-002854,52,42.01,2425.47,Month-to-month,DSL,No,Mailed check,0
CUST-002855,5,40.71,239.82,Month-to-month,Fiber optic,Yes,Credit card,1
CUST-002856,40,94.65,3584.15,Two year,Fiber optic,No,Mailed check,0
CUST-002857,56,100.75,5992.93,One year,No,No,Electronic check,0
CUST-002858,52,110.36,5963.14,Month-to-month,Fiber optic,Yes,Electronic check,1
CUST-002859,32,119.12,4094.15,Month-to-month,DSL,No,Bank transfer,0
CUST-002860,13,69.04,952.18,Two year,No,No,Bank transfer,1
CUST-002861,67,55.66,3594.55,Month-to-month,Fiber optic,No,Mailed check,1
CUST-002862,60,105.53,6378.21,Two year,DSL,Yes,Electronic check,0
CUST-002863,44,86.39,3995.5,Two year,Fiber optic,No,Electronic check,0
CUST-002864,6,35.53,247.79,Month-to-month,Fiber optic,No,Mailed check,1
CUST-002865,2,33.99,103.95,One year,DSL,No,Bank transfer,1
CUST-002866,22,79.76,1785.19,One year,Fiber optic,Yes,Bank transfer,0
CUST-002867,11,59.68,731.4,One year,DSL,Yes,Bank transfer,0
CUST-002868,61,64.21,3980.24,Month-to-month,Fiber optic,No,Electronic check,0
CUST-002869,14,97.18,1406.19,Month-to-month,No,Yes,Bank transfer,1
CUST-002870,20,87.77,1856.09,Month-to-month,Fiber optic,Yes,Credit card,0
CUST-002871,70,104.9,7303.63,One year,No,No,Electronic check,0
CUST-002872,58,15.0,912.31,One year,DSL,No,Bank transfer,0
CUST-002873,15,72.6,1212.35,One year,Fiber optic,No,Electronic check,0
CUST-002874,27,85.84,2463.81,One year,No,Yes,Credit card,0
CUST-002875,37,19.2,670.04,Month-to-month,Fiber optic,No,Bank transfer,1
CUST-002876,47,45.35,2071.94,Month-to-month,DSL,No,Bank transfer,0
CUST-002877,67,39.79,2619.3,One year,DSL,No,Bank transfer,0
CUST-002878,62,65.65,3971.33,Month-to-month,DSL,Yes,Bank transfer,0
CUST-002879,70,113.84,7862.96,One year,Fiber optic,Yes,Mailed check,0
CUST-002880,2,125.68,394.48,Month-to-month,No,No,Credit card,1
CUST-002881,17,40.57,755.8,Month-to-month,Fiber optic,Yes,Electronic check,1
CUST-002882,40,80.8,3242.46,Two year,DSL,No,Credit card,0
CUST-002883,3,81.76,336.73,Month-to-month,DSL,Yes,Credit card,1
CUST-002884,25,76.63,2025.11,Month-to-month,Fiber optic,Yes,Credit card,0
CUST-002885,11,76.97,922.12,One year,Fiber optic,No,Electronic check,1
CUST-002886,67,74.11,5328.97,One year,DSL,No,Mailed check,0
CUST-002887,4,115.63,559.02,Two year,Fiber optic,No,Bank transfer,1
CUST-002888,10,98.07,1081.66,Two year,DSL,No,Bank transfer,1
CUST-002889,14,33.2,471.77,One year,Fiber optic,Yes,Bank transfer,0
CUST-002890,10,88.87,928.57,Month-to-month,Fiber optic,No,Bank transfer,1
CUST-002891,40,91.77,3506.62,Month-to-month,DSL,Yes,Electronic check,0
CUST-002892,26,74.45,1911.04,Two year,Fiber optic,No,Credit card,0
CUST-002893,65,98.94,6557.35,Month-to-month,Fiber optic,No,Mailed check,0
CUST-002894,18,70.64,1321.9,Two year,Fiber optic,No,Credit card,0
CUST-002895,38,71.01,2732.18,One year,Fiber optic,Yes,Bank transfer,0
CUST-002896,47,68.64,3245.31,Month-to-month,Fiber optic,No,Bank transfer,1
CUST-002897,45,15.0,751.16,Month-to-month,DSL,No,Bank transfer,0
CUST-002898,57,62.59,3423.7,One year,No,No,Credit card,0
CUST-002899,14,44.95,632.34,Month-to-month,No,Yes,Credit card,0
CUST-002900,36,29.41,1042.05,Month-to-month,DSL,No,Bank transfer,1
CUST-002901,57,108.02,6242.67,One year,No,No,Bank transfer,0
CUST-002902,62,80.13,5177.88,Month-to-month,Fiber optic,No,Electronic check,0
CUST-002903,44,64.11,2973.95,Month-to-month,DSL,No,Electronic check,0
CUST-002904,46,48.06,2365.31,One year,Fiber optic,No,Bank transfer,0
CUST-002905,62,73.89,4629.57,One year,DSL,No,Mailed check,0
CUST-002906,44,94.74,4178.95,Month-to-month,Fiber optic,No,Mailed check,0
CUST-002907,68,40.19,2999.67,Two year,No,Yes,Bank transfer,0
CUST-002908,9,64.86,558.27,Two year,Fiber optic,Yes,Electronic check,0
CUST-002909,25,91.04,2374.52,Month-to-month,Fiber optic,No,Mailed check,0
CUST-002910,8,15.0,137.9,Month-to-month,DSL,No,Electronic check,1
CUST-002911,6,63.27,484.4,One year,Fiber optic,No,Credit card,1
CUST-002912,33,52.12,1624.99,Month-to-month,No,Yes,Bank transfer,0
CUST-002913,16,60.99,1014.97,Two year,DSL,No,Electronic check,0
CUST-002914,29,49.95,1396.81,One year,Fiber optic,No,Bank transfer,1
CUST-002915,31,69.13,2013.22,Month-to-month,Fiber optic,No,Electronic check,0
CUST-002916,44,122.71,5465.43,One year,Fiber optic,No,Credit card,0
CUST-002917,68,55.28,3973.37,Month-to-month,Fiber optic,No,Electronic check,0
CUST-002918,61,73.75,4848.3,Two year,Fiber optic,Yes,Mailed check,0
CUST-002919,27,124.84,3402.63,Month-to-month,Fiber optic,No,Credit card,1
CUST-002920,23,48.5,1202.78,Two year,Fiber optic,No,Bank transfer,0
CUST-002921,55,119.44,6622.53,Month-to-month,Fiber optic,No,Bank transfer,0
CUST-002922,8,65.16,602.76,One year,Fiber optic,Yes,Bank transfer,1
CUST-002923,38,118.46,4886.49,Two year,Fiber optic,No,Bank transfer,0
CUST-002924,30,87.51,2686.34,Month-to-month,No,Yes,Electronic check,1
CUST-002925,13,74.21,1094.93,Month-to-month,DSL,No,Mailed check,1
CUST-002926,44,63.03,2664.37,Two year,DSL,No,Credit card,0
CUST-002927,23,46.28,1147.15,Two year,No,No,Credit card,0
CUST-002928,13,67.27,990.51,Month-to-month,DSL,No,Bank transfer,1
CUST-002929,47,91.92,4617.41,Month-to-month,No,No,Credit card,0
CUST-002930,12,64.61,790.12,Two year,Fiber optic,No,Credit card,0
CUST-002931,48,55.5,2691.58,Month-to-month,No,No,Mailed check,0
CUST-002932,11,57.48,700.14,One year,Fiber optic,No,Bank transfer,1
CUST-002933,31,94.77,3099.96,Month-to-month,No,Yes,Credit card,0
CUST-002934,58,101.75,6038.32,Month-to-month,Fiber optic,No,Electronic check,1
CUST-002935,16,44.99,819.4,Two year,Fiber optic,No,Credit card,0
CUST-002936,55,44.94,2353.73,Month-to-month,Fiber optic,No,Mailed check,1
CUST-002937,51,76.38,3924.09,Two year,DSL,No,Mailed check,0
CUST-002938,64,110.83,6595.78,One year,DSL,No,Mailed check,1
CUST-002939,12,99.38,1332.07,Month-to-month,No,Yes,Mailed check,0
CUST-002940,51,27.44,1466.69,Month-to-month,DSL,No,Mailed check,0
CUST-002941,67,57.08,4531.13,Month-to-month,Fiber optic,No,Bank transfer,0
CUST-002942,54,37.08,2144.17,Two year,Fiber optic,No,Credit card,0
CUST-002943,13,56.97,810.86,One year,DSL,Yes,Mailed check,0
CUST-002944,59,113.13,6874.45,One year,No,No,Electronic check,0
CUST-002945,7,22.32,175.75,Month-to-month,DSL,No,Credit card,1
CUST-002946,42,16.43,711.27,Month-to-month,Fiber optic,Yes,Mailed check,0
CUST-002947,35,40.14,1465.12,Month-to-month,Fiber optic,No,Bank transfer,0
CUST-002948,38,73.62,2589.1,One year,DSL,Yes,Mailed check,0
CUST-002949,37,83.62,3208.95,Month-to-month,DSL,No,Electronic check,1
CUST-002950,2,78.12,235.55,Month-to-month,Fiber optic,Yes,Mailed check,1
CUST-002951,36,100.27,4035.38,Month-to-month,DSL,Yes,Mailed check,0
CUST-002952,67,15.0,1013.28,Month-to-month,No,No,Credit card,0
CUST-002953,31,100.65,3097.52,One year,Fiber optic,Yes,Bank transfer,0
CUST-002954,19,55.64,1127.68,One year,DSL,Yes,Bank transfer,1
CUST-002955,71,86.94,6283.3,Two year,DSL,No,Electronic check,0
CUST-002956,7,25.3,201.06,Month-to-month,DSL,Yes,Electronic check,1
CUST-002957,35,65.15,2195.37,One year,Fiber optic,Yes,Mailed check,0
CUST-002958,36,72.09,2646.45,Month-to-month,Fiber optic,No,Credit card,0
CUST-002959,34,99.67,3387.51,Two year,DSL,No,Electronic check,1
CUST-002960,66,17.44,1155.99,One year,Fiber optic,No,Credit card,0
CUST-002961,30,65.92,2118.41,Month-to-month,Fiber optic,No,Credit card,0
CUST-002962,70,32.44,2225.76,Two year,Fiber optic,No,Mailed check,0
CUST-002963,4,80.16,396.39,Month-to-month,DSL,No,Electronic check,1
CUST-002964,52,88.32,4807.44,Month-to-month,DSL,No,Electronic check,0
CUST-002965,42,103.62,4395.43,Month-to-month,DSL,No,Electronic check,1
CUST-002966,17,48.95,996.03,Month-to-month,Fiber optic,No,Credit card,1
CUST-002967,16,92.82,1597.52,Two year,Fiber optic,No,Credit card,1
CUST-002968,51,105.83,5161.3,One year,DSL,No,Bank transfer,0
CUST-002969,45,15.7,692.01,One year,DSL,No,Electronic check,0
CUST-002970,44,83.37,3575.35,Two year,Fiber optic,Yes,Credit card,0
CUST-002971,3,93.76,359.55,One year,DSL,No,Bank transfer,0
CUST-002972,43,57.24,2586.1,Month-to-month,Fiber optic,No,Credit card,1
CUST-002973,70,28.68,1923.41,Month-to-month,Fiber optic,No,Mailed check,0
CUST-002974,1,93.29,183.49,Month-to-month,DSL,No,Electronic check,1
CUST-002975,33,29.01,1042.87,Two year,Fiber optic,Yes,Credit card,0
CUST-002976,35,59.65,2091.57,Two year,DSL,Yes,Electronic check,1
CUST-002977,64,63.8,4285.98,One year,Fiber optic,No,Electronic check,0
CUST-002978,20,86.47,1662.99,Month-to-month,DSL,No,Electronic check,1
CUST-002979,34,46.2,1587.07,Month-to-month,Fiber optic,No,Electronic check,0
CUST-002980,51,44.46,2209.63,Two year,Fiber optic,Yes,Bank transfer,0
CUST-002981,4,67.97,344.93,Month-to-month,DSL,Yes,Electronic check,1
CUST-002982,57,95.19,5235.46,One year,Fiber optic,No,Credit card,0
CUST-002983,59,133.62,8847.07,Month-to-month,Fiber optic,Yes,Credit card,1
CUST-002984,51,19.78,944.04,Month-to-month,No,No,Electronic check,0
CUST-002985,46,74.46,3698.37,One year,DSL,No,Credit card,0
CUST-002986,53,32.4,1826.65,Two year,DSL,No,Electronic check,0
CUST-002987,56,95.56,5531.56,One year,DSL,No,Mailed check,0
CUST-002988,65,36.84,2438.3,Month-to-month,No,No,Bank transfer,0
CUST-002989,30,44.76,1516.27,Month-to-month,Fiber optic,No,Electronic check,1
CUST-002990,32,47.32,1754.56,Two year,DSL,No,Electronic check,0
CUST-002991,45,62.71,2854.95,One year,Fiber optic,No,Electronic check,0
CUST-002992,13,74.7,1053.99,Month-to-month,DSL,No,Bank transfer,0
CUST-002993,61,79.51,4793.53,One year,Fiber optic,Yes,Electronic check,0
CUST-002994,55,64.83,3418.07,Month-to-month,Fiber optic,Yes,Electronic check,0
CUST-002995,45,25.1,1181.49,Month-to-month,Fiber optic,No,Electronic check,1
CUST-002996,21,86.83,1934.18,Two year,Fiber optic,No,Credit card,0
CUST-002997,25,63.41,1515.95,One year,DSL,No,Credit card,0
CUST-002998,31,99.85,3268.12,Month-to-month,Fiber optic,No,Credit card,0
CUST-002999,47,43.77,2130.6,Month-to-month,Fiber optic,No,Electronic check,0
CUST-003000,56,16.93,936.1,Two year,DSL,No,Mailed check,0
CUST-003001,48,63.98,3030.5,One year,No,No,Credit card,1
CUST-003002,66,103.88,7107.34,One year,Fiber optic,Yes,Bank transfer,0
CUST-003003,69,69.83,5281.19,Month-to-month,No,No,Electronic check,0
CUST-003004,50,59.01,3069.45,Two year,Fiber optic,Yes,Electronic check,0
CUST-003005,26,38.89,1091.0,Two year,DSL,Yes,Credit card,0
CUST-003006,43,117.73,4964.7,Month-to-month,Fiber optic,Yes,Credit card,0
CUST-003007,30,34.11,1035.57,Month-to-month,Fiber optic,No,Mailed check,0
CUST-003008,45,43.24,2049.42,One year,DSL,No,Electronic check,0
CUST-003009,58,82.1,4514.97,Two year,Fiber optic,No,Electronic check,0
CUST-003010,26,15.0,409.2,One year,DSL,No,Electronic check,0
CUST-003011,36,103.24,3914.03,Two year,DSL,No,Credit card,0
CUST-003012,3,83.73,334.26,One year,No,No,Credit card,1
CUST-003013,53,91.98,5046.07,Month-to-month,DSL,Yes,Mailed check,0
CUST-003014,35,81.74,2951.27,Month-to-month,Fiber optic,No,Credit card,0
CUST-003015,33,60.17,1982.02,Two year,Fiber optic,No,Credit card,0
CUST-003016,38,33.11,1215.06,Month-to-month,Fiber optic,No,Credit card,0
CUST-003017,15,60.8,968.37,Month-to-month,DSL,Yes,Credit card,0
CUST-003018,43,35.74,1675.27,One year,Fiber optic,Yes,Bank transfer,0
CUST-003019,53,79.58,4517.69,Month-to-month,Fiber optic,No,Credit card,1
CUST-003020,25,89.2,2279.24,Two year,No,No,Bank transfer,0
CUST-003021,9,109.3,1073.03,Month-to-month,DSL,No,Credit card,0
CUST-003022,27,76.15,2085.41,Month-to-month,DSL,No,Mailed check,0
CUST-003023,14,92.74,1360.48,Month-to-month,Fiber optic,No,Electronic check,0
CUST-003024,26,56.09,1536.1,One year,DSL,No,Bank transfer,1
CUST-003025,45,50.65,2453.17,One year,Fiber optic,No,Mailed check,0
CUST-003026,8,79.21,793.55,Month-to-month,Fiber optic,Yes,Mailed check,1
CUST-003027,53,53.41,2764.25,Month-to-month,Fiber optic,No,Bank transfer,0
CUST-003028,16,73.08,1282.73,Month-to-month,No,No,Bank transfer,0
CUST-003029,64,33.16,2214.13,One year,Fiber optic,No,Mailed check,1
CUST-003030,52,38.55,2009.52,Two year,No,No,Electronic check,0
CUST-003031,19,84.06,1595.0,One year,Fiber optic,Yes,Bank transfer,0
CUST-003032,40,91.6,3807.34,Month-to-month,DSL,No,Mailed check,0
CUST-003033,7,35.43,313.49,One year,Fiber optic,No,Electronic check,0
CUST-003034,7,85.12,690.11,Month-to-month,Fiber optic,No,Electronic check,1
CUST-003035,68,49.02,3249.11,Month-to-month,No,No,Bank transfer,0
CUST-003036,57,65.5,3768.85,Month-to-month,DSL,No,Mailed check,0
CUST-003037,11,107.51,1216.55,Month-to-month,DSL,No,Mailed check,1
CUST-003038,20,89.22,1875.45,Month-to-month,No,No,Electronic check,1
CUST-003039,14,88.88,1378.7,One year,DSL,Yes,Electronic check,0
CUST-003040,28,122.26,3422.86,Month-to-month,Fiber optic,No,Bank transfer,0
CUST-003041,20,43.88,771.54,One year,Fiber optic,Yes,Credit card,0
CUST-003042,23,35.42,861.94,Two year,DSL,No,Mailed check,0
CUST-003043,38,43.34,1647.73,One year,DSL,No,Credit card,0
CUST-003044,13,57.36,772.97,Month-to-month,No,No,Bank transfer,0
CUST-003045,63,15.0,923.55,One year,DSL,No,Mailed check,0
CUST-003046,52,58.78,3177.53,Month-to-month,Fiber optic,No,Bank transfer,0
CUST-003047,54,48.66,2621.87,Month-to-month,Fiber optic,No,Electronic check,0
CUST-003048,12,88.51,1204.2,Month-to-month,Fiber optic,No,Mailed check,0
CUST-003049,50,75.57,4037.75,Two year,Fiber optic,No,Bank transfer,0
CUST-003050,60,46.98,2826.95,Two year,DSL,No,Credit card,0
CUST-003051,12,82.7,1047.09,Two year,No,No,Electronic check,1
CUST-003052,54,86.7,4798.83,One year,DSL,Yes,Credit card,0
CUST-003053,25,41.94,1082.61,Month-to-month,DSL,No,Bank transfer,0
CUST-003054,56,50.21,2611.15,Two year,No,No,Electronic check,0
CUST-003055,34,15.0,575.25,Two year,DSL,No,Credit card,0
CUST-003056,57,32.28,1939.12,Month-to-month,DSL,No,Credit card,0
CUST-003057,10,42.73,459.09,Two year,No,No,Mailed check,0
CUST-003058,28,67.22,1762.72,Two year,DSL,No,Electronic check,1
CUST-003059,19,36.64,726.16,Month-to-month,DSL,Yes,Mailed check,0
CUST-003060,17,49.6,866.49,Month-to-month,Fiber optic,Yes,Credit card,1
CUST-003061,22,28.24,647.55,Month-to-month,Fiber optic,No,Electronic check,1
CUST-003062,27,70.13,1751.27,One year,No,No,Mailed check,1
CUST-003063,9,77.77,759.35,Month-to-month,Fiber optic,No,Mailed check,0
CUST-003064,50,77.07,3849.78,Month-to-month,No,No,Electronic check,0
CUST-003065,39,65.37,2589.69,One year,DSL,No,Bank transfer,1
CUST-003066,59,18.77,1112.77,Two year,Fiber optic,No,Credit card,0
CUST-003067,50,46.4,2372.65,Two year,DSL,No,Electronic check,0
CUST-003068,10,52.78,624.75,One year,No,No,Credit card,0
CUST-003069,5,52.9,309.23,Month-to-month,No,No,Credit card,1
CUST-003070,30,67.25,1989.76,Month-to-month,DSL,No,Credit card,0
CUST-003071,34,107.77,3446.06,One year,No,No,Bank transfer,0
CUST-003072,17,89.36,1567.43,Month-to-month,Fiber optic,No,Mailed check,1
CUST-003073,56,35.37,1875.07,One year,DSL,No,Electronic check,0
CUST-003074,41,85.35,3756.87,Two year,Fiber optic,No,Credit card,0
CUST-003075,53,84.21,4525.44,One year,No,Yes,Bank transfer,0
CUST-003076,7,40.82,341.88,One year,DSL,No,Mailed check,0
CUST-003077,58,90.47,5728.65,One year,DSL,No,Mailed check,0
CUST-003078,14,60.19,863.78,Two year,No,No,Electronic check,0
CUST-003079,32,22.7,736.13,Month-to-month,Fiber optic,No,Mailed check,1
CUST-003080,31,78.66,2684.59,Month-to-month,Fiber optic,No,Credit card,0
CUST-003081,59,71.51,4331.12,Month-to-month,Fiber optic,No,Bank transfer,0
CUST-003082,19,58.17,1193.73,One year,Fiber optic,No,Mailed check,0
CUST-003083,17,63.88,1209.16,Month-to-month,DSL,Yes,Electronic check,0
CUST-003084,24,43.43,1134.35,Month-to-month,DSL,No,Mailed check,1
CUST-003085,25,83.3,2210.34,One year,No,No,Electronic check,0
CUST-003086,13,63.7,954.01,Month-to-month,Fiber optic,No,Mailed check,0
CUST-003087,12,69.99,906.81,One year,Fiber optic,Yes,Electronic check,1
CUST-003088,16,75.71,1320.57,Month-to-month,No,Yes,Credit card,0
CUST-003089,33,30.36,1023.2,Month-to-month,DSL,No,Electronic check,1
CUST-003090,24,38.17,1002.98,Month-to-month,No,Yes,Electronic check,0
CUST-003091,28,15.0,419.76,Month-to-month,Fiber optic,Yes,Bank transfer,0
CUST-003092,51,81.94,3902.47,Two year,No,No,Mailed check,0
CUST-003093,17,28.63,532.28,Two year,DSL,No,Credit card,0
CUST-003094,65,68.98,4320.28,One year,DSL,No,Mailed check,0
CUST-003095,54,76.13,3952.81,One year,Fiber optic,No,Bank transfer,0
CUST-003096,12,83.07,1148.22,One year,No,No,Credit card,0
CUST-003097,22,28.88,696.32,Two year,No,No,Credit card,0
CUST-003098,13,63.05,867.52,Month-to-month,Fiber optic,No,Credit card,1
CUST-003099,19,115.11,1951.61,Month-to-month,Fiber optic,Yes,Bank transfer,0
CUST-003100,26,116.43,3227.41,One year,DSL,No,Credit card,0
CUST-003101,9,94.62,977.54,Two year,Fiber optic,No,Mailed check,0
CUST-003102,1,75.12,154.13,Month-to-month,No,Yes,Credit card,1
CUST-003103,31,34.85,1141.35,Month-to-month,Fiber optic,No,Credit card,1
CUST-003104,50,86.56,4374.45,Month-to-month,DSL,No,Mailed check,0
CUST-003105,21,60.26,1298.5,Month-to-month,No,No,Electronic check,0
CUST-003106,61,81.82,4792.03,One year,DSL,No,Bank transfer,0
CUST-003107,26,46.01,1199.07,Month-to-month,Fiber optic,No,Electronic check,0
CUST-003108,64,59.81,3950.27,Two year,Fiber optic,No,Electronic check,0
CUST-003109,16,69.92,1208.8,One year,Fiber optic,No,Credit card,1
CUST-003110,38,72.39,2934.63,Month-to-month,Fiber optic,Yes,Bank transfer,0
CUST-003111,54,79.81,4080.96,Two year,Fiber optic,Yes,Bank transfer,0
CUST-003112,4,47.62,218.37,One year,DSL,Yes,Credit card,0
CUST-003113,66,24.7,1623.58,Month-to-month,DSL,No,Credit card,1
CUST-003114,26,113.74,2914.46,Month-to-month,Fiber optic,Yes,Credit card,1
CUST-003115,35,139.68,5075.16,Two year,Fiber optic,Yes,Electronic check,0
CUST-003116,45,78.42,3371.18,Month-to-month,Fiber optic,No,Mailed check,1
CUST-003117,46,25.28,1258.29,Month-to-month,Fiber optic,No,Credit card,0
CUST-003118,1,41.8,80.17,Month-to-month,DSL,No,Electronic check,1
CUST-003119,62,80.27,5459.96,Month-to-month,Fiber optic,No,Electronic check,0
CUST-003120,44,105.23,4859.65,One year,Fiber optic,Yes,Bank transfer,0
CUST-003121,71,28.61,1951.46,Month-to-month,Fiber optic,No,Mailed check,0
CUST-003122,33,61.27,2301.37,One year,Fiber optic,No,Electronic check,0
CUST-003123,44,70.88,3231.84,Month-to-month,DSL,No,Credit card,0
CUST-003124,31,90.94,2934.17,Two year,DSL,No,Mailed check,0
CUST-003125,64,54.69,3543.39,Month-to-month,DSL,No,Mailed check,0
CUST-003126,59,18.09,1110.45,Two year,Fiber optic,Yes,Bank transfer,0
CUST-003127,65,83.64,5664.99,Two year,DSL,Yes,Bank transfer,1
CUST-003128,36,98.74,3495.51,Month-to-month,DSL,Yes,Mailed check,0
CUST-003129,56,62.52,3525.72,One year,No,No,Credit card,0
CUST-003130,25,77.16,2017.69,Month-to-month,Fiber optic,Yes,Mailed check,0
CUST-003131,33,50.77,1776.31,Two year,Fiber optic,No,Credit card,0
CUST-003132,54,39.63,2244.83,One year,Fiber optic,Yes,Credit card,0
CUST-003133,5,95.79,579.49,Month-to-month,DSL,No,Electronic check,1
CUST-003134,51,76.62,3874.86,Month-to-month,DSL,No,Credit card,0
CUST-003135,1,79.71,154.63,Month-to-month,No,Yes,Electronic check,0
CUST-003136,41,110.06,4347.27,Two year,Fiber optic,Yes,Mailed check,0
CUST-003137,34,33.35,1202.01,One year,Fiber optic,No,Credit card,1
CUST-003138,33,48.44,1596.21,Month-to-month,No,Yes,Electronic check,1
CUST-003139,35,69.74,2486.5,Month-to-month,DSL,Yes,Bank transfer,1
CUST-003140,35,48.07,1751.11,Month-to-month,Fiber optic,No,Credit card,0
CUST-003141,29,88.49,2655.35,One year,DSL,No,Mailed check,0
CUST-003142,32,59.38,1958.93,Month-to-month,Fiber optic,No,Electronic check,0
CUST-003143,40,35.22,1378.84,Month-to-month,No,No,Electronic check,0
CUST-003144,54,66.97,3733.04,Two year,DSL,No,Bank transfer,0
CUST-003145,39,70.11,2760.54,Month-to-month,No,No,Electronic check,0
CUST-003146,46,93.04,4354.01,One year,Fiber optic,No,Electronic check,0
CUST-003147,60,76.79,4955.67,Month-to-month,Fiber optic,No,Credit card,0
CUST-003148,71,78.83,5819.49,Month-to-month,DSL,No,Bank transfer,0
CUST-003149,7,74.61,579.84,One year,Fiber optic,No,Mailed check,1
CUST-003150,51,59.35,3063.39,Month-to-month,Fiber optic,No,Electronic check,0
CUST-003151,16,43.51,798.89,Month-to-month,DSL,No,Credit card,0
CUST-003152,14,73.67,1087.99,Two year,Fiber optic,No,Bank transfer,0
CUST-003153,57,55.01,3196.72,Two year,DSL,No,Electronic check,0
CUST-003154,4,115.69,597.68,One year,No,Yes,Credit card,0
CUST-003155,61,105.27,6596.68,Month-to-month,DSL,No,Electronic check,1
CUST-003156,55,83.99,4615.5,Month-to-month,Fiber optic,No,Bank transfer,1
CUST-003157,71,76.35,5293.14,Month-to-month,Fiber optic,No,Bank transfer,1
CUST-003158,48,62.36,3054.16,Two year,Fiber optic,No,Mailed check,0
CUST-003159,62,27.17,1767.79,Two year,No,No,Credit card,0
CUST-003160,8,58.51,561.42,Month-to-month,No,No,Bank transfer,1
CUST-003161,64,68.04,4098.69,Two year,DSL,No,Mailed check,0
CUST-003162,11,71.88,938.63,Month-to-month,Fiber optic,Yes,Electronic check,0
CUST-003163,22,79.09,1792.75,One year,Fiber optic,No,Mailed check,0
CUST-003164,9,92.64,969.24,Month-to-month,DSL,No,Mailed check,0
CUST-003165,28,44.24,1235.52,Month-to-month,Fiber optic,Yes,Bank transfer,0
CUST-003166,53,44.51,2209.84,Two year,DSL,No,Mailed check,0
CUST-003167,19,108.53,2028.03,Two year,No,No,Electronic check,1
CUST-003168,59,88.13,5200.27,Month-to-month,Fiber optic,Yes,Bank transfer,0
CUST-003169,43,53.28,2405.61,Month-to-month,Fiber optic,No,Mailed check,0
CUST-003170,45,61.78,2846.48,One year,Fiber optic,No,Mailed check,0
CUST-003171,67,61.92,4157.78,Month-to-month,No,No,Bank transfer,0
CUST-003172,31,65.95,2228.28,One year,Fiber optic,Yes,Credit card,0
CUST-003173,24,79.18,1979.71,One year,No,No,Electronic check,1
CUST-003174,71,141.05,10297.65,Month-to-month,No,No,Credit card,0
CUST-003175,40,70.69,3349.25,Month-to-month,DSL,No,Bank transfer,1
CUST-003176,44,84.88,3817.97,Month-to-month,DSL,Yes,Bank transfer,0
CUST-003177,21,15.0,318.52,Two year,DSL,Yes,Electronic check,0
CUST-003178,15,50.45,826.66,Month-to-month,Fiber optic,No,Bank transfer,1
CUST-003179,12,101.86,1372.84,One year,Fiber optic,No,Bank transfer,0
CUST-003180,16,77.07,1329.9,Month-to-month,DSL,Yes,Bank transfer,1
CUST-003181,14,15.0,226.77,One year,No,No,Credit card,1
CUST-003182,53,85.22,4942.97,Month-to-month,DSL,No,Credit card,0
CUST-003183,4,122.54,654.31,Month-to-month,Fiber optic,No,Credit card,0
CUST-003184,45,15.0,685.96,One year,Fiber optic,No,Mailed check,0
CUST-003185,68,110.58,7384.64,One year,Fiber optic,No,Bank transfer,0
CUST-003186,55,15.0,858.03,Month-to-month,DSL,No,Electronic check,0
CUST-003187,29,93.14,2703.49,Month-to-month,Fiber optic,No,Bank transfer,1
CUST-003188,4,64.74,338.03,Two year,Fiber optic,No,Electronic check,1
CUST-003189,60,15.0,934.4,Month-to-month,DSL,Yes,Mailed check,0
CUST-003190,0,78.38,88.85,Month-to-month,Fiber optic,No,Bank transfer,1
CUST-003191,49,99.53,5342.84,Month-to-month,Fiber optic,No,Mailed check,0
CUST-003192,48,75.92,3519.27,Month-to-month,Fiber optic,No,Credit card,0
CUST-003193,13,82.54,1125.65,One year,Fiber optic,Yes,Electronic check,0
CUST-003194,53,52.65,2571.01,One year,Fiber optic,No,Credit card,0
CUST-003195,12,15.0,174.16,Month-to-month,No,No,Bank transfer,1
CUST-003196,16,85.76,1466.15,One year,Fiber optic,No,Mailed check,1
CUST-003197,58,117.49,6518.78,Month-to-month,DSL,No,Electronic check,0
CUST-003198,70,98.89,7597.15,One year,Fiber optic,No,Electronic check,0
CUST-003199,19,15.0,317.37,Month-to-month,DSL,Yes,Mailed check,1
CUST-003200,66,19.55,1292.28,Month-to-month,No,Yes,Bank transfer,0
CUST-003201,65,39.62,2572.06,One year,Fiber optic,No,Bank transfer,0
CUST-003202,55,17.21,1035.38,Month-to-month,DSL,Yes,Mailed check,1
CUST-003203,10,66.33,792.13,Month-to-month,Fiber optic,No,Bank transfer,1
CUST-003204,21,76.8,1610.87,Month-to-month,DSL,No,Bank transfer,1
CUST-003205,48,22.09,1025.09,One year,No,No,Mailed check,0
CUST-003206,71,88.31,6262.87,Month-to-month,No,No,Mailed check,1
CUST-003207,58,83.03,5004.57,One year,Fiber optic,No,Mailed check,0
CUST-003208,30,48.56,1466.55,One year,Fiber optic,No,Bank transfer,0
CUST-003209,16,59.82,1040.01,One year,Fiber optic,Yes,Bank transfer,1
CUST-003210,69,15.0,1152.39,Month-to-month,Fiber optic,Yes,Electronic check,0
CUST-003211,19,55.03,1023.27,Two year,DSL,No,Credit card,0
CUST-003212,24,65.22,1594.2,Month-to-month,No,No,Electronic check,0
CUST-003213,69,70.06,4564.25,Two year,DSL,No,Bank transfer,0
CUST-003214,40,76.37,3000.05,One year,DSL,No,Electronic check,0
CUST-003215,19,72.33,1425.23,Month-to-month,DSL,No,Mailed check,0
CUST-003216,0,57.07,54.99,One year,No,Yes,Bank transfer,0
CUST-003217,30,73.59,2340.47,Month-to-month,No,Yes,Credit card,0
CUST-003218,70,95.06,6800.27,Month-to-month,DSL,No,Bank transfer,0
CUST-003219,31,62.14,2018.05,Month-to-month,DSL,No,Electronic check,0
CUST-003220,50,74.53,3742.63,One year,No,No,Credit card,0
CUST-003221,18,59.41,1116.77,One year,Fiber optic,No,Mailed check,0
CUST-003222,55,45.6,2508.67,Two year,No,No,Mailed check,0
CUST-003223,55,80.69,4462.26,Month-to-month,No,No,Electronic check,0
CUST-003224,43,48.34,2171.67,One year,Fiber optic,Yes,Bank transfer,0
CUST-003225,55,76.58,3876.26,One year,DSL,Yes,Mailed check,0
CUST-003226,41,65.85,2805.42,One year,Fiber optic,Yes,Electronic check,1
CUST-003227,27,55.88,1496.73,Month-to-month,No,Yes,Bank transfer,0
CUST-003228,53,55.16,2927.95,Month-to-month,Fiber optic,No,Electronic check,1
CUST-003229,60,49.76,2798.17,One year,No,No,Bank transfer,0
CUST-003230,60,15.63,936.09,Month-to-month,Fiber optic,Yes,Bank transfer,0
CUST-003231,15,76.49,1240.79,Month-to-month,No,Yes,Credit card,1
CUST-003232,48,71.95,3605.94,Month-to-month,Fiber optic,Yes,Bank transfer,1
CUST-003233,0,90.49,85.12,Month-to-month,DSL,Yes,Bank transfer,0
CUST-003234,41,49.06,2102.48,Month-to-month,Fiber optic,Yes,Electronic check,0
CUST-003235,41,121.86,5409.86,Month-to-month,DSL,Yes,Electronic check,1
CUST-003236,26,53.61,1411.69,One year,Fiber optic,Yes,Bank transfer,0
CUST-003237,71,38.75,2789.89,Two year,No,No,Bank transfer,0
CUST-003238,63,35.19,2019.19,Month-to-month,DSL,No,Bank transfer,0
CUST-003239,2,15.0,42.98,Month-to-month,No,Yes,Bank transfer,1
CUST-003240,15,110.98,1799.68,Two year,DSL,No,Credit card,0
CUST-003241,14,106.13,1668.03,Month-to-month,Fiber optic,Yes,Bank transfer,1
CUST-003242,64,83.02,5234.75,Two year,No,No,Electronic check,0
CUST-003243,37,38.12,1641.78,One year,Fiber optic,No,Mailed check,0
CUST-003244,52,119.34,6424.18,Month-to-month,No,No,Mailed check,0
CUST-003245,58,54.45,3007.93,Month-to-month,No,No,Bank transfer,0
CUST-003246,55,56.93,3393.22,Month-to-month,Fiber optic,No,Bank transfer,0
CUST-003247,6,108.12,709.41,One year,Fiber optic,Yes,Bank transfer,0
CUST-003248,10,84.77,947.75,Month-to-month,DSL,No,Bank transfer,0
CUST-003249,28,131.03,3623.41,Two year,Fiber optic,No,Mailed check,0
CUST-003250,24,72.46,1688.59,One year,DSL,No,Electronic check,0
CUST-003251,53,53.09,3004.73,Two year,No,Yes,Credit card,0
CUST-003252,11,46.65,552.48,Two year,Fiber optic,No,Mailed check,0
CUST-003253,26,15.0,439.94,Month-to-month,Fiber optic,No,Electronic check,0
CUST-003254,17,56.64,967.67,Month-to-month,No,No,Credit card,1
CUST-003255,13,99.34,1282.28,Two year,DSL,No,Electronic check,0
CUST-003256,12,82.97,1052.68,Month-to-month,No,No,Mailed check,0
CUST-003257,14,65.61,1126.37,Month-to-month,DSL,No,Bank transfer,0
CUST-003258,40,35.15,1501.32,Month-to-month,DSL,No,Mailed check,0
CUST-003259,29,71.81,2213.85,Month-to-month,Fiber optic,Yes,Credit card,0
CUST-003260,31,95.38,3141.88,Two year,DSL,Yes,Mailed check,0
CUST-003261,34,77.92,2661.14,Month-to-month,Fiber optic,No,Bank transfer,0
CUST-003262,53,70.0,4295.97,One year,Fiber optic,No,Mailed check,0
CUST-003263,62,41.09,2648.04,Two year,No,No,Mailed check,0
CUST-003264,37,91.02,3521.59,Month-to-month,DSL,No,Mailed check,1
CUST-003265,46,15.0,739.72,One year,DSL,No,Credit card,0
CUST-003266,53,76.49,3867.27,Month-to-month,DSL,No,Credit card,0
CUST-003267,49,142.11,6793.07,Month-to-month,Fiber optic,Yes,Mailed check,0
CUST-003268,9,19.75,195.06,Month-to-month,DSL,No,Mailed check,1
CUST-003269,70,57.76,4304.15,Month-to-month,DSL,No,Mailed check,0
CUST-003270,11,64.76,726.71,Month-to-month,No,Yes,Bank transfer,0
CUST-003271,29,51.12,1528.51,Month-to-month,No,No,Bank transfer,0
CUST-003272,46,96.09,4469.13,Month-to-month,No,Yes,Bank transfer,0
CUST-003273,29,79.17,2188.23,Month-to-month,DSL,Yes,Mailed check,1
CUST-003274,17,69.57,1220.38,One year,Fiber optic,No,Mailed check,0
CUST-003275,66,88.92,6119.04,Month-to-month,DSL,No,Bank transfer,0
CUST-003276,5,65.5,363.87,Two year,Fiber optic,Yes,Credit card,0
CUST-003277,17,150.0,2890.53,Two year,Fiber optic,No,Credit card,0
CUST-003278,71,69.54,5124.08,One year,No,Yes,Electronic check,0
CUST-003279,52,70.86,3820.47,One year,Fiber optic,No,Electronic check,0
CUST-003280,6,15.0,105.04,One year,DSL,No,Bank transfer,0
CUST-003281,54,48.7,2532.03,One year,Fiber optic,No,Electronic check,0
CUST-003282,69,99.42,6733.42,Two year,No,No,Bank transfer,0
CUST-003283,7,24.94,203.1,Two year,DSL,No,Mailed check,0
CUST-003284,29,15.0,435.34,Month-to-month,No,No,Electronic check,0
CUST-003285,33,65.97,2264.13,One year,DSL,Yes,Bank transfer,0
CUST-003286,9,106.12,1013.53,Two year,DSL,Yes,Bank transfer,0
CUST-003287,14,66.27,1016.51,Month-to-month,No,No,Bank transfer,0
CUST-003288,12,54.92,732.69,Month-to-month,DSL,No,Credit card,0
CUST-003289,13,15.0,192.91,One year,Fiber optic,Yes,Credit card,0
CUST-003290,29,78.57,2364.96,One year,DSL,No,Mailed check,0
CUST-003291,33,84.84,2665.04,Month-to-month,Fiber optic,No,Bank transfer,1
CUST-003292,17,15.0,244.88,Month-to-month,Fiber optic,No,Credit card,1
CUST-003293,20,99.04,2018.0,Month-to-month,No,No,Credit card,0
CUST-003294,13,87.97,1403.83,One year,No,No,Bank transfer,0
CUST-003295,57,98.97,5962.77,Two year,Fiber optic,No,Electronic check,0
CUST-003296,15,82.51,1411.98,Two year,Fiber optic,No,Mailed check,0
CUST-003297,65,84.61,5754.17,Month-to-month,DSL,Yes,Electronic check,0
CUST-003298,38,80.62,3176.54,Month-to-month,Fiber optic,No,Electronic check,0
CUST-003299,57,91.05,5517.58,One year,Fiber optic,No,Mailed check,0
CUST-003300,45,15.0,667.93,One year,DSL,No,Mailed check,0
CUST-003301,19,19.97,408.76,Month-to-month,No,No,Credit card,1
CUST-003302,43,42.92,1999.62,Month-to-month,DSL,No,Mailed check,0
CUST-003303,19,61.11,1264.85,Month-to-month,DSL,No,Electronic check,1
CUST-003304,8,76.64,732.66,One year,No,Yes,Electronic check,0
CUST-003305,18,74.74,1433.03,One year,Fiber optic,No,Electronic check,0
CUST-003306,19,98.51,2136.96,Month-to-month,Fiber optic,No,Mailed check,1
CUST-003307,9,99.45,984.19,Two year,DSL,Yes,Mailed check,0
CUST-003308,1,38.83,85.88,One year,Fiber optic,No,Mailed check,1
CUST-003309,67,72.16,5047.42,Two year,Fiber optic,No,Mailed check,0
CUST-003310,36,39.57,1435.8,Month-to-month,DSL,No,Mailed check,0
CUST-003311,28,59.35,1619.75,Month-to-month,Fiber optic,No,Bank transfer,0
CUST-003312,66,74.65,4799.73,Two year,DSL,No,Electronic check,1
CUST-003313,16,15.0,242.77,Two year,DSL,No,Credit card,0
CUST-003314,29,137.34,4101.84,Two year,DSL,No,Mailed check,1
CUST-003315,60,81.99,4682.94,Two year,DSL,No,Electronic check,0
CUST-003316,45,47.13,2308.06,Month-to-month,DSL,Yes,Electronic check,0
CUST-003317,28,122.82,3581.53,Month-to-month,Fiber optic,Yes,Bank transfer,1
CUST-003318,18,54.58,1040.6,Month-to-month,Fiber optic,No,Bank transfer,1
CUST-003319,2,68.98,194.87,Two year,DSL,No,Electronic check,0
CUST-003320,6,50.39,339.14,Month-to-month,Fiber optic,No,Mailed check,1
CUST-003321,11,114.56,1222.1,One year,DSL,Yes,Electronic check,0
CUST-003322,56,61.85,3810.65,Two year,Fiber optic,Yes,Credit card,0
CUST-003323,46,69.48,3034.28,Two year,No,No,Mailed check,0
CUST-003324,31,101.11,3018.54,Two year,Fiber optic,Yes,Credit card,0
CUST-003325,56,82.55,5038.08,One year,Fiber optic,No,Bank transfer,0
CUST-003326,11,63.37,775.17,Month-to-month,DSL,No,Credit card,0
CUST-003327,15,98.31,1582.48,Two year,DSL,No,Bank transfer,0
CUST-003328,28,141.15,4163.12,Month-to-month,Fiber optic,No,Electronic check,1
CUST-003329,66,74.52,5231.14,Month-to-month,Fiber optic,Yes,Bank transfer,0
CUST-003330,44,68.5,3098.02,Two year,Fiber optic,No,Mailed check,0
CUST-003331,61,70.12,4011.85,One year,No,Yes,Credit card,0
CUST-003332,17,104.31,1946.46,Month-to-month,DSL,No,Mailed check,1
CUST-003333,61,47.02,2977.06,Month-to-month,No,No,Electronic check,0
CUST-003334,5,56.65,359.81,Month-to-month,Fiber optic,No,Electronic check,1
CUST-003335,16,18.88,300.86,Two year,DSL,No,Bank transfer,1
CUST-003336,37,29.48,1079.53,One year,DSL,Yes,Electronic check,0
CUST-003337,3,49.47,201.74,Month-to-month,Fiber optic,Yes,Bank transfer,0
CUST-003338,61,63.32,3740.55,One year,DSL,No,Electronic check,0
CUST-003339,62,118.07,6563.48,Two year,Fiber optic,No,Electronic check,0
CUST-003340,38,81.08,3193.31,Two year,Fiber optic,No,Bank transfer,0
CUST-003341,22,37.64,904.4,Month-to-month,Fiber optic,No,Mailed check,0
CUST-003342,7,43.16,343.06,One year,Fiber optic,No,Bank transfer,0
CUST-003343,44,106.24,4911.94,Month-to-month,Fiber optic,No,Electronic check,1
CUST-003344,38,98.8,3930.85,Month-to-month,Fiber optic,Yes,Electronic check,0
CUST-003345,54,65.84,3623.35,Month-to-month,No,No,Electronic check,0
CUST-003346,43,51.72,2291.34,Month-to-month,DSL,No,Mailed check,0
CUST-003347,9,98.75,1054.09,One year,No,No,Mailed check,0
CUST-003348,8,35.2,301.53,Month-to-month,DSL,No,Mailed check,1
CUST-003349,56,76.76,4544.49,Month-to-month,DSL,No,Electronic check,1
CUST-003350,11,133.18,1503.8,Month-to-month,Fiber optic,No,Mailed check,1
CUST-003351,67,71.16,4646.63,Month-to-month,DSL,No,Credit card,0
CUST-003352,7,41.73,353.82,One year,DSL,No,Electronic check,1
CUST-003353,52,77.31,3849.62,Month-to-month,DSL,No,Credit card,0
CUST-003354,70,50.9,3570.23,Month-to-month,Fiber optic,No,Mailed check,0
CUST-003355,31,23.18,829.21,Two year,Fiber optic,Yes,Bank transfer,0
CUST-003356,4,86.03,452.21,Month-to-month,DSL,No,Bank transfer,1
CUST-003357,63,98.54,6073.8,Two year,Fiber optic,Yes,Bank transfer,0
CUST-003358,13,55.67,757.37,One year,DSL,Yes,Credit card,1
CUST-003359,37,53.68,2022.6,One year,No,No,Credit card,0
CUST-003360,70,36.15,2735.24,One year,DSL,Yes,Electronic check,0
CUST-003361,53,60.5,3103.48,Month-to-month,Fiber optic,No,Mailed check,1
CUST-003362,3,48.13,182.29,Two year,Fiber optic,No,Bank transfer,0
CUST-003363,59,34.67,2154.33,Two year,Fiber optic,No,Bank transfer,0
CUST-003364,11,121.77,1338.36,Month-to-month,No,No,Credit card,1
CUST-003365,53,78.99,4071.4,One year,DSL,No,Bank transfer,0
CUST-003366,44,82.17,3682.0,Month-to-month,Fiber optic,No,Mailed check,0
CUST-003367,20,91.5,1918.29,Two year,Fiber optic,Yes,Credit card,0
CUST-003368,30,88.13,2545.65,Two year,Fiber optic,No,Bank transfer,1
CUST-003369,8,52.61,481.83,Month-to-month,Fiber optic,No,Credit card,1
CUST-003370,71,73.18,5414.6,Two year,DSL,No,Bank transfer,0
CUST-003371,17,56.93,990.78,Two year,DSL,No,Electronic check,0
CUST-003372,22,78.15,1946.8,One year,DSL,No,Credit card,0
CUST-003373,36,75.25,2831.55,Month-to-month,No,Yes,Bank transfer,0
CUST-003374,48,53.52,2490.73,Two year,Fiber optic,Yes,Electronic check,0
CUST-003375,36,25.12,1004.8,One year,DSL,No,Mailed check,0
CUST-003376,36,69.39,2500.15,Month-to-month,Fiber optic,No,Mailed check,0
CUST-003377,41,58.87,2494.73,Two year,Fiber optic,No,Mailed check,0
CUST-003378,61,15.0,907.36,One year,Fiber optic,No,Bank transfer,0
CUST-003379,28,80.23,2399.28,Two year,Fiber optic,No,Bank transfer,0
CUST-003380,59,93.96,5501.88,One year,Fiber optic,No,Electronic check,0
CUST-003381,56,140.85,7859.55,Month-to-month,DSL,Yes,Bank transfer,0
CUST-003382,69,53.26,3698.66,Two year,Fiber optic,No,Mailed check,0
CUST-003383,65,48.84,3142.45,One year,DSL,No,Electronic check,0
CUST-003384,57,31.72,1938.19,Month-to-month,DSL,No,Credit card,0
CUST-003385,17,71.26,1202.0,Month-to-month,Fiber optic,No,Mailed check,0
CUST-003386,55,71.07,3972.5,Month-to-month,Fiber optic,No,Electronic check,0
CUST-003387,53,40.66,2205.52,One year,No,Yes,Bank transfer,0
CUST-003388,20,59.75,1246.97,Month-to-month,DSL,No,Credit card,1
CUST-003389,48,15.0,770.58,Two year,Fiber optic,No,Electronic check,0
CUST-003390,18,92.79,1630.46,Two year,No,Yes,Electronic check,1
CUST-003391,37,41.88,1636.62,One year,Fiber optic,No,Credit card,0
CUST-003392,57,63.96,3478.78,Month-to-month,No,No,Bank transfer,0
CUST-003393,13,22.2,302.88,One year,No,No,Mailed check,0
CUST-003394,24,47.53,1108.17,Month-to-month,No,No,Mailed check,0
CUST-003395,57,56.61,3228.99,Two year,No,No,Bank transfer,0
CUST-003396,32,64.66,2072.13,Month-to-month,Fiber optic,No,Bank transfer,0
CUST-003397,69,79.39,6012.67,Two year,Fiber optic,No,Electronic check,0
CUST-003398,0,108.17,109.48,Month-to-month,No,No,Mailed check,1
CUST-003399,51,86.98,4622.49,Month-to-month,No,No,Credit card,0
CUST-003400,58,93.86,5231.36,Two year,DSL,Yes,Electronic check,0
CUST-003401,66,108.38,7530.38,Month-to-month,DSL,No,Credit card,0
CUST-003402,11,82.09,1065.79,Two year,DSL,No,Mailed check,1
CUST-003403,70,63.9,4734.14,Two year,No,Yes,Electronic check,0
CUST-003404,28,95.27,2581.68,Month-to-month,DSL,No,Bank transfer,1
CUST-003405,25,97.19,2468.3,Month-to-month,DSL,No,Bank transfer,0
CUST-003406,25,84.46,2207.79,One year,Fiber optic,Yes,Mailed check,0
CUST-003407,45,21.36,954.26,Two year,DSL,No,Credit card,1
CUST-003408,47,39.76,2149.98,Two year,No,No,Electronic check,0
CUST-003409,34,56.75,1938.5,Month-to-month,Fiber optic,No,Electronic check,1
CUST-003410,5,88.39,529.18,One year,DSL,No,Bank transfer,0
CUST-003411,71,64.36,4494.82,Month-to-month,DSL,Yes,Bank transfer,0
CUST-003412,15,99.11,1604.07,One year,Fiber optic,No,Bank transfer,0
CUST-003413,6,104.46,781.74,Two year,Fiber optic,No,Credit card,1
CUST-003414,43,100.98,4468.42,Two year,Fiber optic,No,Credit card,0
CUST-003415,29,101.17,3001.75,Month-to-month,DSL,No,Bank transfer,0
CUST-003416,44,33.89,1443.17,Month-to-month,No,Yes,Bank transfer,1
CUST-003417,63,79.48,5394.11,Month-to-month,Fiber optic,Yes,Credit card,0
CUST-003418,7,46.77,371.5,Month-to-month,Fiber optic,No,Credit card,0
CUST-003419,20,15.53,323.04,Month-to-month,Fiber optic,Yes,Electronic check,1
CUST-003420,37,56.38,1891.75,Two year,No,No,Bank transfer,1
CUST-003421,56,104.74,5932.32,Month-to-month,Fiber optic,No,Credit card,0
CUST-003422,43,78.82,3398.62,Month-to-month,Fiber optic,Yes,Electronic check,0
CUST-003423,27,125.53,3194.04,One year,No,No,Credit card,1
CUST-003424,43,70.32,3247.03,Month-to-month,No,No,Bank transfer,0
CUST-003425,70,138.43,9565.78,Month-to-month,Fiber optic,Yes,Electronic check,0
CUST-003426,34,70.33,2694.68,Two year,Fiber optic,No,Bank transfer,0
CUST-003427,63,65.67,4500.42,Month-to-month,Fiber optic,Yes,Mailed check,0
CUST-003428,56,26.62,1462.63,Month-to-month,Fiber optic,No,Mailed check,1
CUST-003429,21,98.32,2311.06,One year,DSL,No,Bank transfer,0
CUST-003430,17,49.94,971.23,Month-to-month,Fiber optic,No,Bank transfer,0
CUST-003431,55,45.59,2481.6,Month-to-month,Fiber optic,No,Credit card,0
CUST-003432,14,103.44,1471.44,Month-to-month,DSL,No,Mailed check,1
CUST-003433,24,99.75,2224.93,Month-to-month,No,No,Electronic check,0
CUST-003434,16,98.96,1714.35,Two year,DSL,Yes,Credit card,0
CUST-003435,43,54.13,2265.99,Month-to-month,No,Yes,Mailed check,0
CUST-003436,21,63.47,1425.02,Month-to-month,DSL,Yes,Credit card,1
CUST-003437,47,63.2,2947.67,Month-to-month,DSL,No,Credit card,0
CUST-003438,67,88.48,5781.78,Two year,DSL,No,Electronic check,0
CUST-003439,59,111.61,6508.42,Month-to-month,Fiber optic,Yes,Mailed check,0
CUST-003440,68,76.04,4906.05,Two year,Fiber optic,No,Electronic check,0
CUST-003441,1,124.25,241.51,Month-to-month,DSL,No,Bank transfer,1
CUST-003442,32,91.92,2921.51,Two year,Fiber optic,Yes,Credit card,0
CUST-003443,15,57.96,926.64,Month-to-month,Fiber optic,Yes,Bank transfer,0
CUST-003444,66,89.86,6052.1,Month-to-month,DSL,No,Mailed check,0
CUST-003445,51,116.18,5717.7,Month-to-month,DSL,Yes,Credit card,1
CUST-003446,23,124.95,3163.82,Month-to-month,DSL,No,Electronic check,1
CUST-003447,40,100.61,4091.97,One year,DSL,No,Electronic check,0
CUST-003448,43,65.77,3111.29,One year,DSL,No,Mailed check,0
CUST-003449,35,58.5,2131.36,One year,Fiber optic,No,Credit card,0
CUST-003450,34,82.28,2889.82,Month-to-month,Fiber optic,Yes,Credit card,0
CUST-003451,3,115.22,449.56,One year,No,No,Bank transfer,0
CUST-003452,32,78.01,2653.57,Month-to-month,Fiber optic,No,Credit card,0
CUST-003453,25,78.64,2047.97,Two year,Fiber optic,No,Credit card,0
CUST-003454,58,66.54,4094.49,One year,DSL,No,Bank transfer,0
CUST-003455,62,55.16,3754.12,One year,DSL,Yes,Electronic check,0
CUST-003456,54,60.14,3187.28,Two year,Fiber optic,No,Credit card,0
CUST-003457,2,69.06,213.54,One year,DSL,No,Bank transfer,0
CUST-003458,60,116.54,7317.11,One year,DSL,No,Electronic check,0
CUST-003459,28,57.81,1714.85,Month-to-month,No,No,Credit card,1
CUST-003460,29,66.58,1954.09,One year,DSL,No,Mailed check,0
CUST-003461,68,39.04,2638.05,Month-to-month,DSL,No,Credit card,0
CUST-003462,62,86.5,5290.34,Month-to-month,No,No,Mailed check,0
CUST-003463,3,106.0,411.2,Two year,DSL,Yes,Electronic check,1
CUST-003464,25,113.73,2832.89,Month-to-month,Fiber optic,No,Mailed check,0
CUST-003465,53,71.1,3819.39,One year,DSL,No,Mailed check,0
CUST-003466,38,82.23,3085.48,Month-to-month,Fiber optic,No,Credit card,1
CUST-003467,18,60.39,1172.47,Month-to-month,No,No,Electronic check,0
CUST-003468,37,80.84,3080.69,Two year,Fiber optic,Yes,Credit card,0
CUST-003469,62,74.42,4728.04,Month-to-month,Fiber optic,No,Electronic check,0
CUST-003470,16,66.75,1119.2,One year,DSL,Yes,Credit card,0
CUST-003471,53,69.13,3746.02,One year,Fiber optic,Yes,Bank transfer,0
CUST-003472,52,78.56,4112.07,Two year,Fiber optic,No,Mailed check,1
CUST-003473,63,56.18,3735.36,Month-to-month,DSL,Yes,Credit card,0
CUST-003474,21,57.73,1241.86,One year,DSL,No,Mailed check,0
CUST-003475,15,116.22,1894.45,Month-to-month,Fiber optic,No,Bank transfer,1
CUST-003476,39,146.32,5470.37,Month-to-month,No,No,Electronic check,0
CUST-003477,38,28.87,1165.98,Month-to-month,No,Yes,Electronic check,1
CUST-003478,29,27.22,793.64,Month-to-month,No,Yes,Mailed check,0
CUST-003479,56,36.29,1973.93,Month-to-month,Fiber optic,No,Electronic check,1
CUST-003480,57,61.9,3385.85,Month-to-month,Fiber optic,No,Electronic check,0
CUST-003481,17,91.87,1553.02,Month-to-month,No,No,Mailed check,0
CUST-003482,57,82.74,4683.26,One year,DSL,No,Bank transfer,0
CUST-003483,16,70.16,1282.11,Month-to-month,Fiber optic,Yes,Electronic check,1
CUST-003484,29,80.87,2348.01,Month-to-month,DSL,No,Credit card,0
CUST-003485,1,44.24,78.7,Month-to-month,No,No,Credit card,1
CUST-003486,24,57.68,1468.26,Month-to-month,No,Yes,Credit card,0
CUST-003487,69,64.4,4256.66,One year,No,No,Electronic check,0
CUST-003488,31,17.47,581.93,Two year,DSL,Yes,Credit card,0
CUST-003489,51,30.16,1535.34,One year,No,Yes,Electronic check,0
CUST-003490,7,31.35,247.39,One year,DSL,No,Electronic check,0
CUST-003491,45,87.92,4286.59,Month-to-month,DSL,No,Bank transfer,0
CUST-003492,26,72.36,2014.08,Two year,Fiber optic,No,Credit card,0
CUST-003493,53,83.33,4219.49,Month-to-month,Fiber optic,No,Electronic check,0
CUST-003494,66,15.0,949.76,Month-to-month,No,No,Mailed check,0
CUST-003495,38,20.49,727.95,Month-to-month,DSL,No,Mailed check,0
CUST-003496,7,84.9,767.57,Month-to-month,Fiber optic,No,Bank transfer,1
CUST-003497,34,15.0,502.35,One year,Fiber optic,Yes,Bank transfer,0
CUST-003498,8,101.74,969.21,Month-to-month,DSL,No,Bank transfer,1
CUST-003499,32,15.0,481.83,Month-to-month,No,No,Electronic check,0
CUST-003500,4,90.3,427.12,Month-to-month,DSL,No,Credit card,1
CUST-003501,46,38.34,1804.04,Two year,DSL,No,Bank transfer,0
CUST-003502,22,96.47,2182.5,One year,Fiber optic,No,Bank transfer,0
CUST-003503,14,150.0,2340.21,Two year,Fiber optic,No,Mailed check,0
CUST-003504,1,15.0,31.22,Two year,No,Yes,Electronic check,0
CUST-003505,63,85.86,5332.98,Two year,DSL,No,Bank transfer,0
CUST-003506,60,15.0,849.12,Month-to-month,DSL,Yes,Mailed check,0
CUST-003507,58,77.8,4315.61,Month-to-month,No,No,Electronic check,0
CUST-003508,4,58.8,260.43,Month-to-month,Fiber optic,No,Bank transfer,1
CUST-003509,25,68.89,1766.65,Month-to-month,Fiber optic,No,Mailed check,1
CUST-003510,69,37.65,2633.9,One year,DSL,No,Credit card,0
CUST-003511,41,88.42,3501.29,Month-to-month,No,No,Bank transfer,0
CUST-003512,9,21.55,201.88,Month-to-month,Fiber optic,No,Mailed check,0
CUST-003513,10,102.25,1123.84,One year,DSL,Yes,Electronic check,0
CUST-003514,18,52.72,970.08,Month-to-month,DSL,Yes,Mailed check,0
CUST-003515,70,22.92,1609.94,Month-to-month,DSL,No,Electronic check,0
CUST-003516,12,112.85,1440.09,Month-to-month,DSL,No,Electronic check,1
CUST-003517,65,62.98,4208.36,One year,DSL,Yes,Mailed check,0
CUST-003518,48,122.23,5819.95,Month-to-month,DSL,No,Bank transfer,0
CUST-003519,66,101.64,6643.51,Month-to-month,DSL,No,Electronic check,0
CUST-003520,59,41.06,2231.56,Month-to-month,Fiber optic,No,Electronic check,0
CUST-003521,23,62.45,1495.04,One year,Fiber optic,Yes,Electronic check,0
CUST-003522,59,68.63,4136.13,Month-to-month,Fiber optic,No,Credit card,0
CUST-003523,12,110.79,1427.46,Month-to-month,No,Yes,Credit card,1
CUST-003524,20,78.13,1797.47,Two year,DSL,Yes,Mailed check,1
CUST-003525,15,70.29,1133.77,Two year,No,No,Mailed check,1
CUST-003526,9,59.0,585.42,Month-to-month,No,No,Mailed check,1
CUST-003527,6,63.48,455.47,Month-to-month,No,Yes,Bank transfer,0
CUST-003528,13,104.14,1611.95,Month-to-month,DSL,Yes,Bank transfer,0
CUST-003529,8,65.11,593.41,One year,DSL,No,Mailed check,0
CUST-003530,27,53.15,1322.75,Month-to-month,Fiber optic,No,Bank transfer,1
CUST-003531,5,48.06,294.62,Two year,DSL,Yes,Electronic check,0
CUST-003532,4,48.39,231.3,Two year,DSL,Yes,Bank transfer,1
CUST-003533,71,22.94,1492.73,One year,DSL,No,Credit card,0
CUST-003534,6,42.49,322.67,Month-to-month,Fiber optic,Yes,Electronic check,1
CUST-003535,5,109.95,708.58,Two year,No,No,Bank transfer,0
CUST-003536,2,58.8,168.42,One year,DSL,No,Bank transfer,1
CUST-003537,9,86.13,822.62,One year,No,No,Credit card,0
CUST-003538,38,15.0,589.68,Month-to-month,Fiber optic,No,Credit card,0
CUST-003539,59,82.05,4705.08,One year,DSL,No,Electronic check,0
CUST-003540,52,60.16,3166.92,Two year,Fiber optic,Yes,Electronic check,0
CUST-003541,41,50.56,2047.67,Two year,DSL,No,Electronic check,0
CUST-003542,6,70.43,483.13,One year,No,Yes,Bank transfer,1
CUST-003543,55,50.13,2609.91,Month-to-month,Fiber optic,No,Bank transfer,0
CUST-003544,2,15.0,46.86,Month-to-month,Fiber optic,Yes,Bank transfer,1
CUST-003545,45,92.67,4519.27,One year,Fiber optic,No,Mailed check,0
CUST-003546,29,72.29,2157.85,Two year,DSL,Yes,Electronic check,0
CUST-003547,63,55.58,3550.78,One year,No,No,Electronic check,0
CUST-003548,22,36.01,854.39,Month-to-month,No,No,Mailed check,1
CUST-003549,45,20.9,961.69,Month-to-month,Fiber optic,Yes,Mailed check,0
CUST-003550,31,71.72,2493.4,One year,Fiber optic,No,Mailed check,0
CUST-003551,37,113.4,4025.69,Two year,DSL,Yes,Electronic check,0
CUST-003552,67,71.09,5042.57,Month-to-month,DSL,No,Mailed check,1
CUST-003553,51,23.52,1215.91,Month-to-month,DSL,No,Credit card,1
CUST-003554,29,71.75,2031.93,Two year,Fiber optic,No,Electronic check,0
CUST-003555,32,63.4,2327.26,Month-to-month,Fiber optic,No,Credit card,1
CUST-003556,50,90.92,5189.99,Month-to-month,No,No,Electronic check,1
CUST-003557,24,83.2,2058.43,Month-to-month,DSL,No,Bank transfer,0
CUST-003558,12,15.0,199.34,Month-to-month,DSL,No,Electronic check,0
CUST-003559,33,81.36,2700.98,Month-to-month,DSL,No,Mailed check,0
CUST-003560,4,34.9,171.77,One year,No,No,Credit card,1
CUST-003561,12,22.35,274.07,One year,Fiber optic,No,Credit card,0
CUST-003562,30,59.35,1721.95,One year,Fiber optic,Yes,Bank transfer,0
CUST-003563,57,77.33,4898.65,One year,Fiber optic,No,Bank transfer,0
CUST-003564,56,15.78,897.6,Month-to-month,Fiber optic,Yes,Bank transfer,0
CUST-003565,18,86.14,1640.75,Month-to-month,DSL,No,Credit card,0
CUST-003566,30,87.9,2614.48,Month-to-month,DSL,No,Bank transfer,0
CUST-003567,11,66.41,804.48,Month-to-month,DSL,No,Bank transfer,1
CUST-003568,54,38.97,1982.26,One year,DSL,Yes,Electronic check,0
CUST-003569,17,35.62,616.33,Month-to-month,Fiber optic,Yes,Credit card,0
CUST-003570,57,95.78,5221.88,One year,DSL,No,Bank transfer,0
CUST-003571,60,19.66,1277.0,Month-to-month,Fiber optic,No,Mailed check,1
CUST-003572,49,96.93,4446.39,Month-to-month,Fiber optic,No,Electronic check,0
CUST-003573,23,60.04,1356.09,Month-to-month,Fiber optic,No,Bank transfer,0
CUST-003574,68,62.12,3847.76,Month-to-month,No,Yes,Credit card,0
CUST-003575,49,15.0,716.62,One year,DSL,No,Credit card,0
CUST-003576,46,60.6,2782.69,Two year,Fiber optic,No,Credit card,0
CUST-003577,61,83.41,5424.09,Month-to-month,DSL,Yes,Credit card,0
CUST-003578,63,24.91,1576.4,One year,Fiber optic,No,Bank transfer,0
CUST-003579,5,79.96,469.91,One year,Fiber optic,Yes,Credit card,0
CUST-003580,63,67.67,4395.85,Month-to-month,DSL,Yes,Electronic check,0
CUST-003581,55,45.69,2501.83,Month-to-month,DSL,Yes,Mailed check,0
CUST-003582,14,90.64,1523.43,Month-to-month,Fiber optic,No,Mailed check,1
CUST-003583,22,15.0,334.81,Month-to-month,Fiber optic,No,Bank transfer,0
CUST-003584,54,75.4,4232.81,Two year,Fiber optic,Yes,Mailed check,0
CUST-003585,15,113.58,1892.43,Month-to-month,Fiber optic,No,Mailed check,0
CUST-003586,32,108.2,3459.91,Month-to-month,Fiber optic,No,Credit card,0
CUST-003587,49,76.69,3866.42,One year,Fiber optic,No,Bank transfer,0
CUST-003588,46,55.95,2563.78,Month-to-month,DSL,Yes,Bank transfer,0
CUST-003589,65,45.93,3072.64,One year,Fiber optic,Yes,Electronic check,0
CUST-003590,8,55.91,505.75,Month-to-month,Fiber optic,Yes,Bank transfer,1
CUST-003591,21,81.31,1776.37,Month-to-month,No,No,Mailed check,0
CUST-003592,70,40.78,2728.27,Month-to-month,Fiber optic,No,Bank transfer,0
CUST-003593,40,87.72,3931.78,Month-to-month,Fiber optic,Yes,Credit card,0
CUST-003594,17,128.99,2389.98,Month-to-month,No,No,Mailed check,1
CUST-003595,20,63.14,1220.69,One year,No,Yes,Credit card,0
CUST-003596,24,24.67,603.74,One year,DSL,Yes,Bank transfer,0
CUST-003597,39,24.66,908.91,One year,No,No,Mailed check,0
CUST-003598,20,88.3,1924.89,Month-to-month,DSL,Yes,Credit card,0
CUST-003599,44,63.21,2841.24,Two year,No,Yes,Electronic check,0
CUST-003600,32,91.3,3013.68,Month-to-month,DSL,No,Bank transfer,1
CUST-003601,43,48.99,2064.81,Two year,Fiber optic,No,Mailed check,1
CUST-003602,11,89.92,1062.0,One year,No,No,Bank transfer,0
CUST-003603,44,60.25,2818.01,One year,DSL,No,Electronic check,0
CUST-003604,66,43.02,3034.85,Month-to-month,No,No,Bank transfer,0
CUST-003605,9,52.97,552.12,One year,Fiber optic,No,Electronic check,0
CUST-003606,23,29.09,643.94,One year,DSL,No,Mailed check,0
CUST-003607,49,124.68,6176.03,Month-to-month,No,No,Credit card,1
CUST-003608,44,62.11,2830.28,One year,Fiber optic,Yes,Bank transfer,0
CUST-003609,48,84.34,3980.62,Month-to-month,No,No,Mailed check,0
CUST-003610,40,48.89,1838.36,Month-to-month,No,Yes,Mailed check,0
CUST-003611,49,33.44,1564.54,One year,DSL,No,Electronic check,0
CUST-003612,43,57.98,2742.59,Two year,DSL,No,Electronic check,0
CUST-003613,5,98.04,553.17,Month-to-month,DSL,No,Bank transfer,0
CUST-003614,54,49.38,2722.25,Month-to-month,Fiber optic,No,Mailed check,1
CUST-003615,32,38.88,1273.14,Month-to-month,DSL,No,Electronic check,1
CUST-003616,3,69.66,276.51,Month-to-month,Fiber optic,Yes,Mailed check,1
CUST-003617,29,79.97,2360.75,Month-to-month,No,No,Mailed check,1
CUST-003618,31,114.29,3801.43,Month-to-month,DSL,Yes,Credit card,0
CUST-003619,6,75.61,530.23,One year,Fiber optic,No,Electronic check,1
CUST-003620,71,84.32,5881.11,Month-to-month,Fiber optic,No,Mailed check,0
CUST-003621,16,86.58,1475.61,Month-to-month,DSL,No,Electronic check,0
CUST-003622,23,30.41,683.21,Month-to-month,DSL,No,Electronic check,1
CUST-003623,31,36.1,1182.69,Month-to-month,DSL,Yes,Bank transfer,0
CUST-003624,59,32.48,1882.63,Month-to-month,Fiber optic,Yes,Electronic check,0
CUST-003625,53,25.04,1309.79,Month-to-month,DSL,No,Bank transfer,0
CUST-003626,55,88.86,5104.03,Month-to-month,No,Yes,Credit card,0
CUST-003627,17,73.7,1299.61,Month-to-month,No,No,Mailed check,0
CUST-003628,60,67.38,4038.34,One year,DSL,No,Electronic check,0
CUST-003629,59,15.0,952.54,Two year,No,No,Credit card,0
CUST-003630,33,126.66,4097.03,Month-to-month,No,Yes,Credit card,0
CUST-003631,39,38.17,1564.92,Month-to-month,DSL,Yes,Credit card,0
CUST-003632,2,126.55,397.69,Month-to-month,No,No,Credit card,1
CUST-003633,54,21.52,1252.82,Month-to-month,DSL,No,Credit card,0
CUST-003634,69,40.63,3153.45,One year,Fiber optic,No,Bank transfer,0
CUST-003635,34,15.0,508.14,One year,DSL,No,Credit card,0
CUST-003636,38,75.86,2830.29,Month-to-month,No,No,Mailed check,1
CUST-003637,35,31.96,1197.66,Month-to-month,No,Yes,Credit card,0
CUST-003638,5,32.81,206.11,Month-to-month,No,No,Electronic check,1
CUST-003639,44,23.82,1029.72,Month-to-month,No,No,Credit card,0
CUST-003640,51,88.32,4704.0,Two year,DSL,No,Mailed check,0
CUST-003641,66,86.34,6573.02,Month-to-month,Fiber optic,No,Mailed check,0
CUST-003642,66,119.36,8039.04,Month-to-month,DSL,No,Bank transfer,0
CUST-003643,35,44.43,1673.29,Month-to-month,DSL,No,Electronic check,0
CUST-003644,69,71.56,5404.46,Month-to-month,DSL,Yes,Credit card,0
CUST-003645,38,26.32,1154.98,Month-to-month,No,Yes,Bank transfer,0
CUST-003646,46,54.95,2614.32,Month-to-month,Fiber optic,No,Electronic check,0
CUST-003647,43,49.43,2311.4,Month-to-month,DSL,No,Credit card,0
CUST-003648,71,78.93,5459.15,Month-to-month,No,No,Electronic check,0
CUST-003649,53,95.51,5163.99,One year,No,No,Credit card,0
CUST-003650,8,94.73,833.56,Month-to-month,DSL,No,Credit card,1
CUST-003651,5,39.72,215.83,Month-to-month,Fiber optic,Yes,Bank transfer,1
CUST-003652,29,94.95,2620.3,Two year,Fiber optic,No,Bank transfer,0
CUST-003653,37,63.68,2471.77,Month-to-month,Fiber optic,Yes,Credit card,1
CUST-003654,48,55.26,2768.73,Two year,Fiber optic,No,Credit card,0
CUST-003655,34,43.74,1451.32,Two year,Fiber optic,No,Bank transfer,0
CUST-003656,37,48.2,1974.3,Month-to-month,DSL,Yes,Electronic check,0
CUST-003657,66,117.27,7420.99,Month-to-month,Fiber optic,No,Bank transfer,1
CUST-003658,24,74.22,1879.43,Two year,DSL,No,Electronic check,0
CUST-003659,35,70.24,2476.08,Month-to-month,DSL,No,Electronic check,0
CUST-003660,40,57.13,2354.96,Month-to-month,DSL,Yes,Electronic check,0
CUST-003661,33,138.38,4916.27,One year,Fiber optic,Yes,Mailed check,0
CUST-003662,69,104.15,7566.59,Month-to-month,Fiber optic,No,Credit card,1
CUST-003663,69,43.37,3143.21,Two year,Fiber optic,No,Electronic check,0
CUST-003664,36,56.79,2162.24,One year,DSL,No,Electronic check,0
CUST-003665,32,58.57,1809.89,Two year,No,Yes,Electronic check,0
CUST-003666,42,69.38,3152.4,One year,DSL,No,Electronic check,0
CUST-003667,13,43.96,582.86,One year,Fiber optic,No,Bank transfer,0
CUST-003668,30,78.16,2410.25,Month-to-month,DSL,Yes,Credit card,0
CUST-003669,15,108.56,1706.49,Two year,Fiber optic,No,Electronic check,0
CUST-003670,10,25.59,286.43,Two year,Fiber optic,No,Credit card,0
CUST-003671,6,31.16,212.8,Two year,Fiber optic,No,Credit card,1
CUST-003672,42,50.51,2154.51,One year,No,No,Electronic check,0
CUST-003673,0,51.9,56.1,One year,Fiber optic,Yes,Mailed check,0
CUST-003674,46,124.95,5492.5,Month-to-month,Fiber optic,No,Credit card,0
CUST-003675,31,95.05,3041.27,Two year,Fiber optic,Yes,Bank transfer,0
CUST-003676,26,93.33,2379.53,Month-to-month,No,No,Electronic check,1
CUST-003677,55,57.07,3303.62,Month-to-month,No,No,Electronic check,0
CUST-003678,38,56.41,2120.07,Month-to-month,Fiber optic,No,Mailed check,1
CUST-003679,52,21.45,1138.98,One year,Fiber optic,No,Credit card,0
CUST-003680,51,88.45,4294.87,One year,No,No,Credit card,0
CUST-003681,2,79.73,254.64,Month-to-month,No,Yes,Mailed check,0
CUST-003682,15,103.58,1663.31,Month-to-month,DSL,No,Bank transfer,0
CUST-003683,41,58.68,2481.33,Month-to-month,No,No,Bank transfer,0
CUST-003684,70,60.75,4491.8,Month-to-month,Fiber optic,No,Mailed check,0
CUST-003685,11,70.1,788.58,Month-to-month,Fiber optic,No,Bank transfer,1
CUST-003686,7,91.76,711.48,One year,Fiber optic,No,Mailed check,1
CUST-003687,67,20.89,1432.84,Month-to-month,DSL,No,Bank transfer,1
CUST-003688,69,87.08,5558.69,Month-to-month,No,No,Bank transfer,1
CUST-003689,12,64.39,767.76,Month-to-month,Fiber optic,No,Bank transfer,1
CUST-003690,28,33.24,924.4,Month-to-month,DSL,No,Credit card,0
CUST-003691,45,15.0,650.64,Two year,Fiber optic,Yes,Bank transfer,0
CUST-003692,14,60.91,897.88,Month-to-month,DSL,No,Bank transfer,1
CUST-003693,23,108.43,2670.33,Month-to-month,Fiber optic,No,Credit card,0
CUST-003694,28,115.24,3467.28,One year,Fiber optic,No,Bank transfer,0
CUST-003695,46,75.66,3877.8,Month-to-month,Fiber optic,No,Mailed check,0
CUST-003696,22,123.86,2845.56,Two year,DSL,No,Bank transfer,0
CUST-003697,29,63.71,1926.1,Two year,DSL,No,Credit card,0
CUST-003698,20,93.6,1963.14,One year,DSL,No,Credit card,0
CUST-003699,54,51.46,2875.79,Two year,Fiber optic,Yes,Mailed check,0
CUST-003700,11,49.56,606.59,Month-to-month,No,No,Mailed check,1
CUST-003701,16,44.67,794.49,Month-to-month,Fiber optic,No,Mailed check,0
CUST-003702,17,15.0,282.4,Month-to-month,Fiber optic,No,Electronic check,0
CUST-003703,65,103.61,7016.02,Month-to-month,DSL,No,Mailed check,0
CUST-003704,68,45.75,3395.19,Month-to-month,DSL,No,Electronic check,0
CUST-003705,36,40.96,1517.43,Month-to-month,No,No,Mailed check,1
CUST-003706,11,29.6,344.35,Month-to-month,Fiber optic,No,Electronic check,0
CUST-003707,54,58.87,3165.27,Month-to-month,DSL,Yes,Mailed check,0
CUST-003708,35,117.9,4222.11,One year,Fiber optic,No,Bank transfer,1
CUST-003709,61,127.81,7495.07,Month-to-month,Fiber optic,Yes,Credit card,0
CUST-003710,25,15.17,382.42,Month-to-month,DSL,No,Credit card,0
CUST-003711,71,54.37,3691.3,Month-to-month,DSL,No,Bank transfer,0
CUST-003712,58,33.97,2038.65,One year,Fiber optic,No,Bank transfer,0
CUST-003713,16,94.65,1637.52,Month-to-month,DSL,No,Credit card,1
CUST-003714,52,73.6,3555.68,One year,Fiber optic,No,Bank transfer,0
CUST-003715,20,45.9,932.44,Month-to-month,No,No,Electronic check,0
CUST-003716,25,67.18,1906.0,Month-to-month,No,No,Credit card,1
CUST-003717,18,50.68,993.19,Two year,Fiber optic,Yes,Bank transfer,0
CUST-003718,49,113.43,5800.2,Month-to-month,DSL,Yes,Bank transfer,1
CUST-003719,18,81.41,1495.39,Month-to-month,Fiber optic,No,Electronic check,0
CUST-003720,45,85.09,3970.58,Month-to-month,DSL,No,Mailed check,0
CUST-003721,41,15.0,629.54,Month-to-month,No,No,Mailed check,0
CUST-003722,54,63.0,3326.77,Month-to-month,Fiber optic,Yes,Credit card,0
CUST-003723,71,127.5,8953.09,Month-to-month,Fiber optic,Yes,Mailed check,0
CUST-003724,0,104.78,102.31,Month-to-month,Fiber optic,No,Mailed check,1
CUST-003725,71,15.0,999.61,Two year,DSL,No,Bank transfer,0
CUST-003726,7,55.6,415.34,Month-to-month,Fiber optic,Yes,Electronic check,1
CUST-003727,37,28.95,1089.29,Month-to-month,No,Yes,Bank transfer,0
CUST-003728,24,116.33,2785.01,Two year,DSL,Yes,Electronic check,0
CUST-003729,46,72.33,3348.28,Month-to-month,DSL,No,Electronic check,1
CUST-003730,51,41.97,2007.04,Two year,No,No,Mailed check,1
CUST-003731,61,66.02,4257.55,Month-to-month,Fiber optic,No,Electronic check,1
CUST-003732,28,15.0,480.25,One year,DSL,No,Electronic check,1
CUST-003733,67,32.45,2320.04,Two year,DSL,No,Mailed check,0
CUST-003734,23,66.09,1675.9,Month-to-month,Fiber optic,No,Bank transfer,0
CUST-003735,14,90.37,1397.99,Two year,Fiber optic,No,Electronic check,1
CUST-003736,27,15.0,425.58,One year,Fiber optic,No,Mailed check,1
CUST-003737,38,53.57,2098.09,Two year,DSL,No,Bank transfer,0
CUST-003738,48,95.29,4455.73,Month-to-month,Fiber optic,No,Credit card,1
CUST-003739,59,21.46,1331.8,Month-to-month,Fiber optic,No,Bank transfer,0
CUST-003740,16,71.88,1260.42,Month-to-month,No,No,Bank transfer,0
CUST-003741,21,66.98,1439.43,Two year,Fiber optic,Yes,Credit card,0
CUST-003742,67,116.43,8125.56,Month-to-month,Fiber optic,No,Electronic check,1
CUST-003743,31,58.1,1794.56,Month-to-month,No,No,Credit card,1
CUST-003744,17,59.85,1043.39,Two year,DSL,No,Mailed check,0
CUST-003745,70,90.65,6685.5,Month-to-month,DSL,Yes,Mailed check,0
CUST-003746,32,25.21,849.82,One year,DSL,No,Bank transfer,0
CUST-003747,70,58.37,4096.45,Month-to-month,DSL,No,Credit card,0
CUST-003748,66,51.33,3379.21,One year,No,No,Credit card,0
CUST-003749,65,60.83,4050.04,Month-to-month,DSL,No,Credit card,0
CUST-003750,41,90.45,3450.36,Month-to-month,No,Yes,Mailed check,0
CUST-003751,57,81.62,4554.87,Month-to-month,DSL,Yes,Electronic check,0
CUST-003752,69,42.54,2789.41,Month-to-month,Fiber optic,No,Electronic check,1
CUST-003753,19,69.1,1382.84,Month-to-month,Fiber optic,Yes,Credit card,1
CUST-003754,2,109.71,347.06,Month-to-month,DSL,No,Electronic check,1
CUST-003755,23,40.06,984.35,One year,Fiber optic,No,Mailed check,0
CUST-003756,45,69.36,3108.74,Month-to-month,Fiber optic,No,Mailed check,1
CUST-003757,39,59.21,2284.54,Month-to-month,Fiber optic,Yes,Bank transfer,1
CUST-003758,5,63.11,364.39,Month-to-month,No,No,Mailed check,0
CUST-003759,40,16.08,725.21,Month-to-month,No,No,Bank transfer,0
CUST-003760,12,107.32,1399.95,One year,Fiber optic,Yes,Bank transfer,0
CUST-003761,36,41.77,1560.9,Month-to-month,No,Yes,Credit card,0
CUST-003762,41,95.78,3598.21,Two year,DSL,No,Electronic check,0
CUST-003763,45,46.36,2006.58,One year,DSL,Yes,Credit card,0
CUST-003764,29,46.23,1383.98,Two year,Fiber optic,Yes,Bank transfer,0
CUST-003765,29,101.39,2966.05,One year,Fiber optic,No,Credit card,1
CUST-003766,48,94.82,4676.92,Month-to-month,Fiber optic,No,Mailed check,0
CUST-003767,53,71.26,3871.1,Two year,Fiber optic,Yes,Mailed check,0
CUST-003768,58,87.83,5337.82,One year,No,No,Bank transfer,0
CUST-003769,24,56.34,1276.94,One year,DSL,No,Credit card,0
CUST-003770,30,64.75,1896.3,Month-to-month,No,No,Electronic check,0
CUST-003771,23,45.15,1078.23,Month-to-month,Fiber optic,No,Bank transfer,0
CUST-003772,37,92.12,3387.32,One year,Fiber optic,Yes,Electronic check,0
CUST-003773,9,44.2,435.12,Month-to-month,DSL,Yes,Credit card,0
CUST-003774,30,109.55,3414.71,One year,DSL,No,Mailed check,0
CUST-003775,13,55.52,748.4,Month-to-month,Fiber optic,No,Credit card,1
CUST-003776,38,65.62,2583.6,Month-to-month,Fiber optic,No,Electronic check,0
CUST-003777,61,87.76,5589.23,Month-to-month,Fiber optic,No,Electronic check,0
CUST-003778,70,65.72,4681.01,Month-to-month,DSL,No,Credit card,0
CUST-003779,32,56.06,1916.74,Month-to-month,Fiber optic,No,Mailed check,1
CUST-003780,4,64.1,285.68,Two year,Fiber optic,No,Electronic check,1
CUST-003781,16,91.81,1515.11,One year,No,No,Credit card,0
CUST-003782,7,45.11,377.02,Two year,Fiber optic,No,Mailed check,0
CUST-003783,54,61.21,3221.21,One year,Fiber optic,No,Credit card,0
CUST-003784,70,65.31,4405.05,One year,Fiber optic,No,Mailed check,0
CUST-003785,39,90.94,3614.54,Month-to-month,Fiber optic,No,Credit card,0
CUST-003786,12,62.0,805.36,Two year,Fiber optic,No,Bank transfer,0
CUST-003787,1,119.25,232.12,Two year,DSL,No,Mailed check,0
CUST-003788,70,60.3,4676.24,One year,No,No,Mailed check,0
CUST-003789,22,57.87,1350.06,Month-to-month,Fiber optic,No,Mailed check,1
CUST-003790,8,59.87,514.5,One year,Fiber optic,Yes,Bank transfer,0
CUST-003791,12,25.5,307.65,Month-to-month,Fiber optic,No,Bank transfer,0
CUST-003792,18,33.9,657.13,Month-to-month,Fiber optic,No,Electronic check,1
CUST-003793,47,49.08,2246.7,One year,DSL,No,Mailed check,0
CUST-003794,64,99.07,7133.0,Two year,DSL,Yes,Mailed check,0
CUST-003795,19,64.01,1307.52,Month-to-month,DSL,No,Credit card,1
CUST-003796,49,50.46,2593.68,Month-to-month,DSL,No,Mailed check,0
CUST-003797,4,101.8,515.31,Two year,DSL,Yes,Bank transfer,0
CUST-003798,0,111.54,117.79,Month-to-month,Fiber optic,No,Electronic check,1
CUST-003799,3,102.66,361.46,Month-to-month,DSL,No,Mailed check,1
CUST-003800,66,39.41,2481.44,One year,No,Yes,Mailed check,0
CUST-003801,41,50.14,2214.88,Two year,No,Yes,Mailed check,0
CUST-003802,57,119.41,7445.54,Month-to-month,DSL,No,Credit card,1
CUST-003803,1,72.23,135.55,Month-to-month,Fiber optic,No,Credit card,0
CUST-003804,1,56.97,103.58,Month-to-month,Fiber optic,No,Mailed check,1
CUST-003805,61,86.55,5411.07,Month-to-month,No,Yes,Bank transfer,1
CUST-003806,7,95.22,780.24,One year,Fiber optic,Yes,Credit card,0
CUST-003807,11,47.86,578.51,Two year,Fiber optic,No,Electronic check,0
CUST-003808,37,71.58,2712.05,Month-to-month,DSL,Yes,Mailed check,0
CUST-003809,43,92.8,3705.0,Month-to-month,No,No,Bank transfer,0
CUST-003810,16,30.19,503.63,Month-to-month,DSL,Yes,Electronic check,1
CUST-003811,32,65.37,2132.86,Month-to-month,No,No,Mailed check,0
CUST-003812,48,31.57,1504.45,Month-to-month,DSL,No,Electronic check,0
CUST-003813,31,35.49,1026.8,Month-to-month,Fiber optic,No,Mailed check,0
CUST-003814,27,48.11,1386.38,One year,Fiber optic,Yes,Electronic check,0
CUST-003815,5,79.31,496.48,Month-to-month,DSL,No,Bank transfer,1
CUST-003816,32,55.34,1753.64,One year,DSL,No,Credit card,0
CUST-003817,57,45.55,2617.19,Month-to-month,DSL,No,Mailed check,0
CUST-003818,45,66.55,2985.09,Two year,Fiber optic,Yes,Electronic check,0
CUST-003819,64,30.59,1939.99,Two year,Fiber optic,Yes,Mailed check,0
CUST-003820,9,77.86,797.84,Month-to-month,DSL,No,Electronic check,1
CUST-003821,0,98.94,101.5,Month-to-month,Fiber optic,No,Mailed check,1
CUST-003822,39,62.62,2639.57,One year,DSL,No,Bank transfer,0
CUST-003823,12,58.92,806.33,Month-to-month,Fiber optic,No,Mailed check,1
CUST-003824,42,76.2,3248.59,Month-to-month,Fiber optic,No,Bank transfer,0
CUST-003825,65,15.0,1130.68,Month-to-month,No,No,Bank transfer,0
CUST-003826,24,81.1,2184.75,Two year,No,No,Electronic check,0
CUST-003827,39,150.0,5802.56,Month-to-month,DSL,Yes,Bank transfer,1
CUST-003828,49,61.32,3085.39,Month-to-month,DSL,Yes,Bank transfer,0
CUST-003829,10,61.43,608.6,Month-to-month,No,No,Electronic check,1
CUST-003830,64,87.31,5682.77,One year,DSL,No,Mailed check,0
CUST-003831,14,114.36,1858.95,Month-to-month,DSL,No,Mailed check,0
CUST-003832,58,94.25,6333.99,Two year,DSL,Yes,Mailed check,0
CUST-003833,47,15.0,715.63,One year,Fiber optic,Yes,Credit card,0
CUST-003834,10,81.9,916.01,Month-to-month,Fiber optic,No,Bank transfer,0
CUST-003835,52,142.16,7762.4,Month-to-month,No,No,Credit card,0
CUST-003836,14,83.67,1379.33,Two year,Fiber optic,No,Bank transfer,0
CUST-003837,43,30.36,1270.27,One year,DSL,Yes,Electronic check,0
CUST-003838,69,73.45,5824.55,Month-to-month,Fiber optic,No,Bank transfer,0
CUST-003839,68,26.58,1804.9,Month-to-month,Fiber optic,No,Electronic check,1
CUST-003840,62,101.98,6049.09,Month-to-month,DSL,No,Mailed check,0
CUST-003841,35,36.32,1287.03,Month-to-month,No,Yes,Credit card,1
CUST-003842,40,67.23,2644.74,Month-to-month,Fiber optic,No,Credit card,1
CUST-003843,21,39.27,881.97,Month-to-month,Fiber optic,Yes,Electronic check,0
CUST-003844,66,48.61,2987.58,Month-to-month,No,No,Credit card,0
CUST-003845,34,109.58,3862.62,Two year,Fiber optic,Yes,Credit card,1
CUST-003846,55,68.1,3940.42,One year,Fiber optic,No,Credit card,0
CUST-003847,25,48.22,1346.78,Two year,Fiber optic,Yes,Credit card,0
CUST-003848,53,30.64,1711.04,One year,No,No,Electronic check,0
CUST-003849,16,15.0,273.12,One year,No,No,Electronic check,1
CUST-003850,52,27.46,1411.39,Month-to-month,Fiber optic,Yes,Bank transfer,0
CUST-003851,3,68.36,278.82,One year,DSL,Yes,Electronic check,0
CUST-003852,7,94.41,671.07,Month-to-month,No,No,Mailed check,1
CUST-003853,25,48.19,1245.78,Month-to-month,No,No,Credit card,0
CUST-003854,34,112.12,3999.95,Two year,Fiber optic,No,Credit card,0
CUST-003855,51,43.47,2314.64,Two year,No,No,Mailed check,0
CUST-003856,25,57.86,1385.95,Month-to-month,Fiber optic,Yes,Bank transfer,0
CUST-003857,1,32.61,63.95,One year,Fiber optic,No,Bank transfer,1
CUST-003858,23,94.72,2244.85,Month-to-month,Fiber optic,Yes,Mailed check,0
CUST-003859,31,127.93,4005.79,Month-to-month,DSL,No,Electronic check,0
CUST-003860,39,15.0,621.75,Month-to-month,Fiber optic,No,Mailed check,1
CUST-003861,46,54.62,2539.08,Month-to-month,Fiber optic,No,Bank transfer,0
CUST-003862,17,102.94,1862.18,One year,DSL,Yes,Credit card,0
CUST-003863,43,21.59,926.77,Month-to-month,DSL,Yes,Credit card,0
CUST-003864,45,82.0,3972.85,Month-to-month,Fiber optic,No,Electronic check,0
CUST-003865,55,101.64,6016.3,Two year,Fiber optic,No,Bank transfer,0
CUST-003866,37,67.35,2519.73,Month-to-month,No,No,Bank transfer,1
CUST-003867,58,81.51,5494.38,Month-to-month,DSL,No,Electronic check,0
CUST-003868,15,117.83,1812.98,Month-to-month,No,Yes,Credit card,1
CUST-003869,51,123.45,6742.83,Month-to-month,DSL,No,Bank transfer,0
CUST-003870,3,63.14,240.55,Month-to-month,DSL,No,Bank transfer,0
CUST-003871,7,49.03,407.39,One year,Fiber optic,No,Bank transfer,0
CUST-003872,62,37.4,2438.12,Two year,Fiber optic,No,Mailed check,0
CUST-003873,34,94.31,3133.83,Month-to-month,Fiber optic,Yes,Electronic check,1
CUST-003874,44,23.85,1066.1,Month-to-month,DSL,No,Mailed check,0
CUST-003875,43,57.42,2762.55,Month-to-month,DSL,No,Credit card,0
CUST-003876,50,68.08,3330.75,Two year,Fiber optic,No,Bank transfer,0
CUST-003877,17,49.91,916.43,Month-to-month,DSL,No,Bank transfer,0
CUST-003878,12,73.39,970.13,Month-to-month,DSL,No,Electronic check,1
CUST-003879,3,141.94,566.54,Two year,DSL,No,Electronic check,1
CUST-003880,62,61.35,3530.62,One year,DSL,No,Bank transfer,0
CUST-003881,16,51.94,919.52,Month-to-month,Fiber optic,Yes,Credit card,0
CUST-003882,41,95.46,4011.65,Month-to-month,DSL,No,Mailed check,0
CUST-003883,32,72.19,2513.67,Month-to-month,Fiber optic,No,Mailed check,0
CUST-003884,11,108.18,1313.2,Two year,Fiber optic,No,Credit card,0
CUST-003885,29,69.94,2104.98,Month-to-month,Fiber optic,No,Electronic check,0
CUST-003886,5,57.55,351.72,Month-to-month,Fiber optic,Yes,Bank transfer,0
CUST-003887,12,15.0,185.37,One year,Fiber optic,No,Electronic check,0
CUST-003888,10,16.41,194.55,Month-to-month,No,No,Mailed check,1
CUST-003889,59,15.0,883.11,Month-to-month,DSL,No,Mailed check,0
CUST-003890,40,76.38,3074.82,Two year,No,No,Bank transfer,0
CUST-003891,66,24.13,1721.35,Month-to-month,DSL,No,Mailed check,0
CUST-003892,31,102.67,3325.98,Two year,Fiber optic,No,Mailed check,0
CUST-003893,14,65.91,976.92,One year,Fiber optic,No,Mailed check,0
CUST-003894,43,57.67,2590.18,Month-to-month,DSL,No,Electronic check,0
CUST-003895,66,39.68,2742.07,One year,DSL,No,Credit card,0
CUST-003896,38,83.67,3243.74,One year,DSL,No,Bank transfer,0
CUST-003897,1,40.87,85.5,One year,DSL,No,Bank transfer,0
CUST-003898,21,35.44,730.12,One year,Fiber optic,No,Bank transfer,0
CUST-003899,66,100.65,6831.86,Month-to-month,DSL,Yes,Electronic check,0
CUST-003900,37,75.64,2989.28,Month-to-month,No,No,Bank transfer,0
CUST-003901,68,57.95,4123.01,One year,No,No,Bank transfer,0
CUST-003902,36,84.24,2767.72,Month-to-month,DSL,No,Mailed check,0
CUST-003903,0,65.27,64.85,Month-to-month,DSL,No,Bank transfer,1
CUST-003904,62,76.49,4526.38,Month-to-month,Fiber optic,No,Mailed check,0
CUST-003905,54,40.49,2370.38,Month-to-month,No,No,Bank transfer,0
CUST-003906,51,127.11,6480.71,One year,Fiber optic,Yes,Mailed check,0
CUST-003907,69,47.61,3528.55,Two year,DSL,Yes,Credit card,0
CUST-003908,14,111.68,1573.27,Two year,No,No,Electronic check,1
CUST-003909,65,59.33,3992.53,Month-to-month,Fiber optic,No,Mailed check,0
CUST-003910,16,89.21,1517.22,Month-to-month,DSL,Yes,Bank transfer,0
CUST-003911,69,87.03,6933.79,Two year,No,Yes,Electronic check,0
CUST-003912,13,99.41,1473.64,Month-to-month,No,Yes,Bank transfer,0
CUST-003913,39,39.78,1679.88,One year,Fiber optic,Yes,Electronic check,0
CUST-003914,56,97.27,6106.48,One year,DSL,No,Bank transfer,0
CUST-003915,5,120.39,732.61,Month-to-month,Fiber optic,No,Mailed check,1
CUST-003916,4,57.24,284.77,Month-to-month,DSL,No,Electronic check,1
CUST-003917,61,66.04,4050.84,One year,Fiber optic,No,Mailed check,0
CUST-003918,4,49.3,250.52,Month-to-month,DSL,Yes,Mailed check,0
CUST-003919,44,54.61,2116.96,Two year,Fiber optic,No,Electronic check,0
CUST-003920,67,116.34,7912.22,One year,Fiber optic,No,Bank transfer,0
CUST-003921,44,34.87,1587.08,Month-to-month,No,Yes,Bank transfer,0
CUST-003922,34,36.74,1275.76,One year,No,Yes,Bank transfer,0
CUST-003923,30,113.33,3244.22,Month-to-month,DSL,No,Credit card,0
CUST-003924,45,83.74,3823.02,Month-to-month,DSL,Yes,Bank transfer,0
CUST-003925,41,128.61,4987.44,Two year,Fiber optic,Yes,Credit card,0
CUST-003926,36,51.49,2073.96,One year,DSL,No,Bank transfer,0
CUST-003927,11,68.79,814.84,One year,DSL,No,Bank transfer,1
CUST-003928,47,45.18,1944.96,Two year,Fiber optic,Yes,Credit card,0
CUST-003929,53,69.3,3703.51,Month-to-month,Fiber optic,No,Bank transfer,0
CUST-003930,51,15.0,814.92,Month-to-month,DSL,Yes,Bank transfer,0
CUST-003931,5,85.55,517.81,Month-to-month,Fiber optic,No,Bank transfer,1
CUST-003932,50,74.7,3635.83,Month-to-month,No,No,Credit card,0
CUST-003933,52,63.27,3239.76,Month-to-month,Fiber optic,No,Mailed check,0
CUST-003934,13,53.29,735.35,Month-to-month,DSL,No,Electronic check,1
CUST-003935,61,38.16,2313.75,One year,Fiber optic,No,Mailed check,0
CUST-003936,37,86.83,3091.79,Month-to-month,No,No,Electronic check,0
CUST-003937,34,29.87,1041.82,One year,DSL,No,Mailed check,0
CUST-003938,52,80.36,3974.9,Two year,Fiber optic,No,Credit card,0
CUST-003939,36,127.23,4931.03,Two year,Fiber optic,No,Electronic check,1
CUST-003940,39,109.57,4617.34,Month-to-month,Fiber optic,No,Credit card,0
CUST-003941,22,19.85,433.57,Two year,DSL,Yes,Bank transfer,0
CUST-003942,66,48.9,3158.76,Two year,No,No,Mailed check,0
CUST-003943,69,77.64,5320.1,Month-to-month,DSL,Yes,Mailed check,0
CUST-003944,9,62.89,627.92,Month-to-month,DSL,No,Credit card,1
CUST-003945,52,23.02,1235.61,Month-to-month,DSL,No,Electronic check,1
CUST-003946,1,76.56,156.66,One year,Fiber optic,No,Bank transfer,1
CUST-003947,26,64.7,1785.29,One year,DSL,Yes,Mailed check,0
CUST-003948,69,122.43,9235.92,Month-to-month,Fiber optic,No,Bank transfer,0
CUST-003949,12,57.4,748.49,One year,No,No,Credit card,0
CUST-003950,27,100.04,2618.7,Month-to-month,DSL,No,Credit card,0
CUST-003951,15,26.99,397.06,Month-to-month,No,No,Mailed check,1
CUST-003952,52,34.16,1958.54,Two year,No,Yes,Bank transfer,0
CUST-003953,33,86.65,3021.17,Two year,DSL,No,Mailed check,0
CUST-003954,42,97.51,4236.3,One year,Fiber optic,No,Bank transfer,0
CUST-003955,67,36.28,2522.3,Month-to-month,No,Yes,Electronic check,0
CUST-003956,37,65.72,2517.46,Month-to-month,Fiber optic,No,Credit card,0
CUST-003957,52,23.55,1275.33,Month-to-month,Fiber optic,No,Electronic check,0
CUST-003958,7,59.56,467.63,Month-to-month,No,No,Electronic check,0
CUST-003959,15,90.11,1517.79,Month-to-month,Fiber optic,No,Credit card,1
CUST-003960,68,51.95,3490.56,Two year,DSL,Yes,Mailed check,0
CUST-003961,61,57.53,3405.7,One year,DSL,No,Electronic check,0
CUST-003962,47,31.11,1366.87,Month-to-month,Fiber optic,No,Bank transfer,0
CUST-003963,27,45.55,1260.22,Month-to-month,Fiber optic,No,Mailed check,0
CUST-003964,14,117.74,1878.08,Month-to-month,DSL,No,Credit card,1
CUST-003965,61,67.19,4070.38,Month-to-month,DSL,No,Credit card,0
CUST-003966,56,34.93,1853.82,One year,No,No,Bank transfer,0
CUST-003967,17,55.56,1014.26,Month-to-month,Fiber optic,No,Mailed check,1
CUST-003968,42,17.08,710.41,Two year,DSL,No,Mailed check,0
CUST-003969,44,34.58,1676.33,Month-to-month,DSL,No,Bank transfer,0
CUST-003970,34,105.81,3902.34,Month-to-month,DSL,No,Credit card,0
CUST-003971,66,60.73,3810.07,Two year,DSL,No,Bank transfer,0
CUST-003972,8,121.72,1085.97,Month-to-month,Fiber optic,No,Electronic check,1
CUST-003973,18,62.14,1136.07,Month-to-month,DSL,No,Electronic check,0
CUST-003974,6,63.92,421.48,One year,No,No,Bank transfer,0
CUST-003975,49,84.23,4199.56,Month-to-month,DSL,No,Mailed check,0
CUST-003976,46,15.0,733.84,Month-to-month,DSL,No,Mailed check,0
CUST-003977,71,71.15,5101.74,Month-to-month,No,No,Mailed check,0
CUST-003978,39,63.53,2475.63,Month-to-month,Fiber optic,Yes,Bank transfer,0
CUST-003979,10,109.58,1072.42,Month-to-month,DSL,Yes,Electronic check,1
CUST-003980,32,93.94,2996.83,Month-to-month,DSL,No,Electronic check,1
CUST-003981,6,30.99,222.91,One year,Fiber optic,Yes,Electronic check,1
CUST-003982,48,102.26,4674.72,Two year,Fiber optic,No,Bank transfer,0
CUST-003983,48,57.13,2978.92,Month-to-month,No,Yes,Bank transfer,0
CUST-003984,61,37.87,2279.21,Month-to-month,Fiber optic,Yes,Credit card,0
CUST-003985,24,70.91,1790.0,Month-to-month,No,No,Electronic check,0
CUST-003986,22,58.92,1328.05,Month-to-month,Fiber optic,No,Electronic check,1
CUST-003987,5,111.15,627.7,Month-to-month,Fiber optic,No,Electronic check,1
CUST-003988,29,75.22,2306.24,One year,Fiber optic,No,Bank transfer,0
CUST-003989,34,71.17,2416.46,Month-to-month,Fiber optic,Yes,Bank transfer,0
CUST-003990,54,92.02,4850.27,Month-to-month,Fiber optic,Yes,Electronic check,0
CUST-003991,54,97.79,4739.26,One year,Fiber optic,No,Mailed check,0
CUST-003992,10,88.51,1037.0,Two year,DSL,No,Electronic check,0
CUST-003993,20,107.58,2259.96,Month-to-month,Fiber optic,No,Bank transfer,1
CUST-003994,36,83.26,3251.08,Month-to-month,DSL,No,Bank transfer,1
CUST-003995,24,70.03,1805.03,Two year,Fiber optic,No,Electronic check,1
CUST-003996,1,102.18,215.66,Month-to-month,DSL,No,Electronic check,0
CUST-003997,60,62.27,3691.51,One year,DSL,Yes,Bank transfer,0
CUST-003998,52,66.0,3257.83,One year,DSL,Yes,Credit card,0
CUST-003999,37,116.65,4601.63,Month-to-month,DSL,Yes,Credit card,0
CUST-004000,22,113.66,2631.15,Month-to-month,DSL,No,Bank transfer,1
CUST-004001,60,64.75,3857.93,Month-to-month,DSL,No,Bank transfer,0
CUST-004002,2,51.39,159.91,Month-to-month,Fiber optic,Yes,Credit card,0
CUST-004003,32,108.9,3648.91,Month-to-month,Fiber optic,Yes,Credit card,0
CUST-004004,57,89.01,5327.66,One year,No,Yes,Credit card,0
CUST-004005,68,74.47,4875.59,One year,No,No,Mailed check,0
CUST-004006,18,55.34,1102.93,Two year,DSL,No,Mailed check,0
CUST-004007,46,74.95,3521.88,Two year,Fiber optic,No,Electronic check,0
CUST-004008,13,64.35,949.75,One year,Fiber optic,No,Electronic check,1
CUST-004009,8,45.07,425.27,Month-to-month,Fiber optic,Yes,Mailed check,0
CUST-004010,25,68.87,1852.1,Month-to-month,Fiber optic,No,Credit card,0
CUST-004011,63,72.96,4643.67,One year,Fiber optic,No,Mailed check,0
CUST-004012,49,53.74,2782.23,One year,Fiber optic,Yes,Bank transfer,0
CUST-004013,35,92.11,3500.31,Month-to-month,Fiber optic,No,Credit card,1
CUST-004014,20,103.66,2243.01,One year,Fiber optic,No,Mailed check,0
CUST-004015,10,94.1,1045.55,Month-to-month,DSL,Yes,Mailed check,0
CUST-004016,19,56.71,1174.62,Month-to-month,No,No,Bank transfer,1
CUST-004017,10,87.67,939.07,Two year,No,No,Mailed check,0
CUST-004018,13,67.34,1014.11,Month-to-month,DSL,No,Mailed check,1
CUST-004019,49,27.93,1278.96,Month-to-month,Fiber optic,No,Credit card,0
CUST-004020,9,85.18,853.28,One year,No,Yes,Mailed check,0
CUST-004021,3,69.38,271.9,One year,Fiber optic,No,Mailed check,0
CUST-004022,39,142.81,5529.21,Month-to-month,DSL,Yes,Credit card,0
CUST-004023,20,108.72,2317.92,One year,Fiber optic,Yes,Bank transfer,0
CUST-004024,32,86.33,2688.71,Month-to-month,Fiber optic,Yes,Credit card,1
CUST-004025,10,72.48,883.01,One year,DSL,No,Mailed check,1
CUST-004026,15,69.91,1042.96,Month-to-month,Fiber optic,No,Credit card,1
CUST-004027,31,34.89,1063.36,Two year,Fiber optic,No,Credit card,0
CUST-004028,49,15.0,710.79,One year,DSL,No,Electronic check,0
CUST-004029,29,38.82,1176.26,Month-to-month,No,No,Electronic check,0
CUST-004030,39,63.57,2671.73,Month-to-month,DSL,No,Bank transfer,0
CUST-004031,37,15.0,584.99,Month-to-month,Fiber optic,No,Bank transfer,1
CUST-004032,19,48.67,1045.07,One year,Fiber optic,Yes,Electronic check,0
CUST-004033,20,57.57,1159.0,One year,DSL,Yes,Bank transfer,0
CUST-004034,30,58.54,1874.42,One year,Fiber optic,No,Electronic check,1
CUST-004035,2,45.15,133.39,Two year,Fiber optic,No,Credit card,0
CUST-004036,49,54.75,2768.95,Month-to-month,Fiber optic,Yes,Bank transfer,0
CUST-004037,44,116.72,5543.41,One year,Fiber optic,No,Credit card,0
CUST-004038,22,84.86,1786.72,Month-to-month,No,No,Electronic check,0
CUST-004039,26,48.19,1430.69,One year,No,No,Credit card,1
CUST-004040,23,62.95,1499.82,Month-to-month,DSL,Yes,Mailed check,1
CUST-004041,46,64.15,2772.87,One year,Fiber optic,Yes,Electronic check,0
CUST-004042,54,41.96,2227.92,Month-to-month,Fiber optic,No,Mailed check,0
CUST-004043,7,41.93,337.12,Month-to-month,No,No,Mailed check,1
CUST-004044,29,95.32,2760.38,Month-to-month,No,No,Bank transfer,0
CUST-004045,0,52.41,47.04,Two year,Fiber optic,Yes,Credit card,0
CUST-004046,32,32.16,1066.39,Month-to-month,No,Yes,Mailed check,0
CUST-004047,17,63.71,1105.32,Month-to-month,Fiber optic,No,Bank transfer,1
CUST-004048,24,68.54,1769.29,Month-to-month,DSL,Yes,Electronic check,0
CUST-004049,32,15.0,468.56,Month-to-month,Fiber optic,No,Credit card,1
CUST-004050,23,63.78,1703.74,Two year,Fiber optic,No,Mailed check,0
CUST-004051,28,91.04,2707.95,Two year,Fiber optic,No,Credit card,0
CUST-004052,55,78.54,4441.34,Two year,Fiber optic,Yes,Mailed check,0
CUST-004053,58,131.89,8024.19,Two year,Fiber optic,No,Mailed check,0
CUST-004054,0,102.53,93.2,Month-to-month,No,No,Credit card,1
CUST-004055,27,108.47,2961.64,Month-to-month,DSL,No,Electronic check,1
CUST-004056,60,149.0,9899.47,One year,Fiber optic,No,Bank transfer,0
CUST-004057,38,87.74,3367.27,One year,Fiber optic,No,Mailed check,0
CUST-004058,14,69.89,1045.09,Month-to-month,DSL,Yes,Mailed check,0
CUST-004059,42,94.21,3956.63,One year,Fiber optic,No,Bank transfer,1
CUST-004060,10,48.22,569.29,Month-to-month,Fiber optic,No,Credit card,0
CUST-004061,1,68.23,134.79,Month-to-month,DSL,No,Mailed check,1
CUST-004062,45,45.57,1964.94,Month-to-month,No,No,Bank transfer,0
CUST-004063,37,76.94,3300.69,Two year,Fiber optic,No,Electronic check,0
CUST-004064,54,45.44,2327.52,One year,DSL,Yes,Electronic check,0
CUST-004065,24,44.39,1104.4,Month-to-month,DSL,Yes,Bank transfer,1
CUST-004066,61,77.4,4597.07,Two year,Fiber optic,No,Bank transfer,0
CUST-004067,30,60.87,1820.73,Two year,No,No,Electronic check,0
CUST-004068,53,15.0,767.08,Month-to-month,Fiber optic,Yes,Credit card,0
CUST-004069,7,21.33,166.06,One year,DSL,No,Mailed check,0
CUST-004070,6,30.58,224.61,Month-to-month,DSL,No,Mailed check,0
CUST-004071,56,38.51,1986.36,Month-to-month,Fiber optic,No,Mailed check,0
CUST-004072,60,77.43,5021.16,Month-to-month,Fiber optic,Yes,Mailed check,1
CUST-004073,67,71.57,5131.48,Month-to-month,Fiber optic,Yes,Bank transfer,0
CUST-004074,23,96.96,2386.23,Month-to-month,DSL,No,Electronic check,0
CUST-004075,1,87.58,176.27,Month-to-month,Fiber optic,No,Electronic check,1
CUST-004076,70,97.16,6993.57,Month-to-month,Fiber optic,Yes,Credit card,0
CUST-004077,43,83.25,3923.79,One year,Fiber optic,No,Bank transfer,0
CUST-004078,17,71.29,1171.21,One year,DSL,No,Mailed check,1
CUST-004079,54,97.98,5584.9,Month-to-month,Fiber optic,No,Credit card,1
CUST-004080,65,92.58,5882.47,Month-to-month,Fiber optic,No,Credit card,0
CUST-004081,20,76.28,1668.08,Month-to-month,Fiber optic,No,Bank transfer,1
CUST-004082,55,103.13,5598.21,Two year,DSL,No,Bank transfer,0
CUST-004083,56,15.0,885.22,Two year,DSL,No,Credit card,0
CUST-004084,36,56.29,1921.34,Month-to-month,Fiber optic,Yes,Credit card,0
CUST-004085,45,55.83,2350.68,One year,DSL,No,Mailed check,1
CUST-004086,19,99.58,1980.35,One year,Fiber optic,No,Bank transfer,0
CUST-004087,66,112.14,8052.8,Two year,Fiber optic,No,Electronic check,0
CUST-004088,70,21.49,1567.04,Month-to-month,DSL,No,Bank transfer,0
CUST-004089,70,107.34,7822.4,Month-to-month,Fiber optic,No,Electronic check,0
CUST-004090,53,29.86,1681.6,One year,Fiber optic,Yes,Electronic check,0
CUST-004091,3,30.76,120.61,Month-to-month,DSL,No,Bank transfer,0
CUST-004092,26,57.97,1613.03,Month-to-month,No,Yes,Mailed check,0
CUST-004093,32,55.45,1776.94,Month-to-month,Fiber optic,Yes,Electronic check,0
CUST-004094,69,18.25,1257.27,Month-to-month,No,No,Credit card,0
CUST-004095,39,84.5,3347.77,One year,DSL,No,Credit card,0
CUST-004096,38,85.38,3239.07,One year,No,No,Electronic check,0
CUST-004097,10,96.62,1059.32,Month-to-month,No,No,Bank transfer,1
CUST-004098,57,52.0,2977.4,Two year,DSL,No,Mailed check,0
CUST-004099,24,63.81,1538.87,Month-to-month,Fiber optic,No,Credit card,1
CUST-004100,6,64.09,445.46,Two year,Fiber optic,No,Bank transfer,1
CUST-004101,71,115.64,8390.71,Month-to-month,Fiber optic,Yes,Mailed check,0
CUST-004102,13,15.0,198.45,Two year,Fiber optic,No,Credit card,1
CUST-004103,1,36.29,74.1,Two year,No,No,Bank transfer,0
CUST-004104,5,65.17,381.35,Two year,Fiber optic,Yes,Electronic check,1
CUST-004105,32,32.43,1080.89,Two year,No,Yes,Mailed check,1
CUST-004106,7,57.25,442.77,Month-to-month,No,Yes,Credit card,0
CUST-004107,60,61.22,3930.42,One year,No,No,Bank transfer,0
CUST-004108,36,45.27,1755.04,One year,Fiber optic,No,Electronic check,0
CUST-004109,23,66.93,1522.13,Month-to-month,Fiber optic,No,Credit card,1
CUST-004110,0,83.84,86.05,Two year,No,Yes,Mailed check,0
CUST-004111,34,57.91,2173.49,Month-to-month,Fiber optic,No,Electronic check,0
CUST-004112,10,51.4,538.64,Month-to-month,DSL,No,Credit card,1
CUST-004113,70,60.03,4076.75,Two year,Fiber optic,No,Credit card,0
CUST-004114,20,64.78,1410.31,Month-to-month,DSL,No,Bank transfer,1
CUST-004115,34,15.0,490.69,Month-to-month,No,No,Bank transfer,0
CUST-004116,1,78.85,151.56,Month-to-month,Fiber optic,No,Electronic check,1
CUST-004117,9,51.47,488.59,One year,Fiber optic,No,Bank transfer,0
CUST-004118,14,102.85,1600.35,Two year,DSL,No,Credit card,0
CUST-004119,3,82.73,319.47,Month-to-month,Fiber optic,No,Electronic check,1
CUST-004120,52,100.1,5229.91,One year,DSL,No,Credit card,0
CUST-004121,68,34.67,2302.71,One year,Fiber optic,Yes,Electronic check,0
CUST-004122,70,53.86,4043.54,One year,Fiber optic,No,Mailed check,0
CUST-004123,19,27.73,530.7,One year,Fiber optic,No,Electronic check,0
CUST-004124,56,43.84,2323.23,Two year,DSL,No,Mailed check,0
CUST-004125,36,102.56,3520.32,Month-to-month,Fiber optic,No,Bank transfer,0
CUST-004126,3,109.62,453.71,Month-to-month,Fiber optic,No,Credit card,1
CUST-004127,6,30.56,222.08,One year,No,No,Electronic check,0
CUST-004128,39,51.25,2178.05,Month-to-month,No,No,Credit card,0
CUST-004129,30,62.71,1821.56,Month-to-month,Fiber optic,No,Credit card,1
CUST-004130,0,82.57,81.61,Month-to-month,DSL,Yes,Electronic check,1
CUST-004131,66,15.0,1126.97,Month-to-month,DSL,Yes,Credit card,0
CUST-004132,52,16.91,882.68,Two year,No,No,Credit card,0
CUST-004133,36,79.69,2865.42,Month-to-month,No,No,Electronic check,1
CUST-004134,71,15.0,1078.87,One year,DSL,No,Electronic check,0
CUST-004135,69,51.6,3707.43,One year,Fiber optic,No,Bank transfer,0
CUST-004136,70,69.86,5087.54,Month-to-month,Fiber optic,No,Mailed check,0
CUST-004137,18,77.47,1426.71,Month-to-month,DSL,No,Mailed check,1
CUST-004138,63,60.75,3774.17,Month-to-month,No,No,Mailed check,0
CUST-004139,36,54.03,1969.38,Month-to-month,No,No,Mailed check,0
CUST-004140,52,90.34,4613.09,Month-to-month,No,No,Credit card,1
CUST-004141,61,73.56,4278.93,One year,DSL,Yes,Electronic check,0
CUST-004142,11,45.59,596.53,Month-to-month,Fiber optic,No,Electronic check,1
CUST-004143,32,66.13,2137.94,Month-to-month,No,Yes,Credit card,0
CUST-004144,9,76.5,751.55,Month-to-month,Fiber optic,Yes,Credit card,1
CUST-004145,20,116.55,2408.44,Month-to-month,Fiber optic,No,Credit card,0
CUST-004146,29,88.59,2646.99,Month-to-month,Fiber optic,No,Credit card,1
CUST-004147,61,101.44,6425.79,Two year,DSL,No,Electronic check,0
CUST-004148,62,46.68,2872.55,Month-to-month,Fiber optic,No,Credit card,0
CUST-004149,28,49.27,1510.37,Month-to-month,No,No,Mailed check,0
CUST-004150,23,57.94,1432.09,One year,DSL,No,Mailed check,0
CUST-004151,38,60.69,2344.43,One year,DSL,No,Mailed check,0
CUST-004152,65,34.76,2217.69,One year,Fiber optic,No,Credit card,0
CUST-004153,70,102.98,7708.06,Month-to-month,Fiber optic,No,Bank transfer,0
CUST-004154,16,91.5,1542.91,One year,DSL,Yes,Electronic check,0
CUST-004155,13,55.83,733.05,Month-to-month,DSL,No,Electronic check,0
CUST-004156,50,84.25,4516.18,One year,Fiber optic,No,Bank transfer,0
CUST-004157,21,71.69,1519.84,Month-to-month,DSL,No,Credit card,0
CUST-004158,14,86.59,1355.33,One year,Fiber optic,No,Bank transfer,0
CUST-004159,2,24.67,64.71,One year,Fiber optic,No,Credit card,1
CUST-004160,29,60.63,1785.38,One year,Fiber optic,No,Electronic check,0
CUST-004161,28,63.26,1940.9,Month-to-month,Fiber optic,No,Mailed check,0
CUST-004162,40,83.71,3432.96,One year,Fiber optic,No,Bank transfer,0
CUST-004163,14,46.15,712.9,One year,Fiber optic,Yes,Credit card,0
CUST-004164,51,15.0,744.82,Month-to-month,Fiber optic,No,Mailed check,0
CUST-004165,48,32.55,1622.63,Month-to-month,Fiber optic,No,Bank transfer,1
CUST-004166,33,63.17,2148.13,Month-to-month,Fiber optic,Yes,Electronic check,0
CUST-004167,13,66.92,948.23,Month-to-month,Fiber optic,No,Bank transfer,0
CUST-004168,36,115.51,4709.75,One year,Fiber optic,No,Credit card,1
CUST-004169,48,82.48,4305.27,Month-to-month,Fiber optic,No,Credit card,1
CUST-004170,26,67.45,1893.15,One year,DSL,No,Mailed check,1
CUST-004171,18,64.03,1265.48,One year,Fiber optic,Yes,Mailed check,1
CUST-004172,36,98.13,3465.6,One year,DSL,Yes,Credit card,0
CUST-004173,25,47.3,1200.74,One year,No,No,Bank transfer,0
CUST-004174,28,60.79,1627.86,One year,Fiber optic,Yes,Mailed check,0
CUST-004175,25,32.32,787.03,Month-to-month,DSL,No,Mailed check,0
CUST-004176,21,107.57,2261.58,Month-to-month,Fiber optic,No,Bank transfer,1
CUST-004177,51,76.77,3986.48,Two year,Fiber optic,No,Bank transfer,0
CUST-004178,33,43.77,1397.17,Two year,No,No,Bank transfer,0
CUST-004179,33,61.57,2089.16,Month-to-month,No,Yes,Electronic check,0
CUST-004180,47,80.29,3824.22,Two year,No,No,Electronic check,0
CUST-004181,26,57.48,1463.91,Two year,Fiber optic,No,Electronic check,0
CUST-004182,7,48.97,421.61,Month-to-month,No,No,Electronic check,1
CUST-004183,61,45.37,2626.75,One year,Fiber optic,No,Mailed check,0
CUST-004184,4,75.17,396.84,One year,No,Yes,Mailed check,0
CUST-004185,41,54.26,2021.99,Month-to-month,DSL,No,Mailed check,0
CUST-004186,19,51.39,1020.44,Month-to-month,No,Yes,Credit card,0
CUST-004187,15,24.92,374.82,Month-to-month,Fiber optic,No,Electronic check,1
CUST-004188,3,67.33,260.5,One year,DSL,Yes,Credit card,0
CUST-004189,64,59.56,4222.03,Month-to-month,No,No,Electronic check,0
CUST-004190,30,55.35,1686.1,One year,Fiber optic,Yes,Bank transfer,0
CUST-004191,24,70.96,1676.1,One year,No,No,Credit card,0
CUST-004192,53,87.44,4836.89,One year,DSL,Yes,Credit card,0
CUST-004193,2,86.05,253.55,Month-to-month,Fiber optic,Yes,Bank transfer,1
CUST-004194,40,81.58,3370.06,Month-to-month,Fiber optic,Yes,Electronic check,0
CUST-004195,35,57.78,1984.97,Month-to-month,DSL,Yes,Mailed check,0
CUST-004196,39,47.99,1836.56,Month-to-month,Fiber optic,No,Mailed check,0
CUST-004197,8,33.68,291.2,Month-to-month,Fiber optic,No,Credit card,0
CUST-004198,68,47.21,3387.2,Month-to-month,DSL,Yes,Mailed check,0
CUST-004199,17,65.59,1167.22,Month-to-month,Fiber optic,No,Credit card,0
CUST-004200,48,41.41,1922.81,One year,DSL,No,Credit card,0
CUST-004201,53,67.88,3695.27,Month-to-month,No,Yes,Electronic check,0
CUST-004202,24,36.04,904.49,Month-to-month,No,No,Credit card,1
CUST-004203,9,15.17,156.05,Two year,Fiber optic,No,Bank transfer,0
CUST-004204,21,89.58,1923.33,Month-to-month,Fiber optic,No,Bank transfer,0
CUST-004205,58,50.77,2983.67,Two year,Fiber optic,No,Mailed check,0
CUST-004206,65,39.89,2688.18,One year,DSL,No,Mailed check,0
CUST-004207,67,32.18,2078.1,Month-to-month,No,No,Bank transfer,0
CUST-004208,16,77.69,1379.27,Two year,DSL,No,Electronic check,0
CUST-004209,43,106.25,4678.72,Two year,Fiber optic,No,Bank transfer,0
CUST-004210,10,52.91,549.95,One year,DSL,No,Bank transfer,1
CUST-004211,51,58.53,2875.03,Month-to-month,Fiber optic,No,Electronic check,1
CUST-004212,29,97.15,2899.98,Month-to-month,No,No,Electronic check,0
CUST-004213,51,15.0,758.54,Month-to-month,DSL,No,Bank transfer,0
CUST-004214,49,124.01,6434.24,One year,DSL,Yes,Bank transfer,1
CUST-004215,71,138.32,9816.46,Month-to-month,DSL,Yes,Mailed check,0
CUST-004216,35,15.0,548.18,Month-to-month,DSL,Yes,Credit card,0
CUST-004217,24,62.07,1486.02,Month-to-month,Fiber optic,Yes,Bank transfer,1
CUST-004218,37,43.43,1648.5,Month-to-month,Fiber optic,No,Bank transfer,1
CUST-004219,11,57.06,729.72,Month-to-month,Fiber optic,No,Electronic check,0
CUST-004220,8,52.45,468.54,Month-to-month,DSL,Yes,Bank transfer,1
CUST-004221,37,89.35,3301.53,Two year,Fiber optic,No,Credit card,1
CUST-004222,59,61.62,3537.68,Month-to-month,Fiber optic,Yes,Electronic check,0
CUST-004223,38,37.67,1467.86,Month-to-month,Fiber optic,No,Bank transfer,0
CUST-004224,56,59.83,3650.89,Month-to-month,DSL,No,Electronic check,0
CUST-004225,12,80.44,974.47,Month-to-month,Fiber optic,Yes,Electronic check,0
CUST-004226,32,29.49,970.69,One year,DSL,No,Electronic check,0
CUST-004227,44,15.61,642.38,Month-to-month,No,No,Credit card,0
CUST-004228,25,124.78,3177.76,Two year,No,No,Credit card,0
CUST-004229,1,45.73,92.66,Two year,No,No,Electronic check,0
CUST-004230,5,60.88,336.41,Two year,DSL,No,Bank transfer,0
CUST-004231,66,53.07,3476.36,Two year,DSL,Yes,Bank transfer,0
CUST-004232,43,81.44,3635.53,Month-to-month,No,No,Bank transfer,1
CUST-004233,19,118.18,2379.17,One year,Fiber optic,Yes,Bank transfer,0
CUST-004234,18,82.4,1592.1,Month-to-month,Fiber optic,No,Credit card,1
CUST-004235,2,19.45,55.5,One year,Fiber optic,No,Electronic check,1
CUST-004236,68,23.48,1643.36,Month-to-month,DSL,No,Electronic check,0
CUST-004237,7,53.03,411.52,Month-to-month,Fiber optic,No,Electronic check,1
CUST-004238,54,56.95,3244.25,Month-to-month,No,No,Credit card,1
CUST-004239,17,15.0,238.81,One year,Fiber optic,No,Electronic check,0
CUST-004240,24,89.58,2207.08,One year,Fiber optic,No,Electronic check,0
CUST-004241,19,32.41,651.41,Month-to-month,No,No,Bank transfer,0
CUST-004242,59,109.8,7032.44,Month-to-month,Fiber optic,Yes,Mailed check,0
CUST-004243,2,119.62,360.41,Month-to-month,DSL,No,Bank transfer,1
CUST-004244,25,57.55,1510.45,One year,Fiber optic,No,Mailed check,0
CUST-004245,20,78.17,1672.37,Month-to-month,DSL,Yes,Electronic check,1
CUST-004246,19,28.04,595.97,Month-to-month,DSL,No,Bank transfer,1
CUST-004247,13,83.71,1149.57,One year,Fiber optic,No,Electronic check,1
CUST-004248,65,50.05,3071.82,One year,DSL,No,Mailed check,0
CUST-004249,27,32.38,834.43,Two year,DSL,No,Credit card,0
CUST-004250,30,56.32,1803.9,One year,Fiber optic,No,Electronic check,1
CUST-004251,27,51.03,1444.72,Two year,DSL,No,Electronic check,0
CUST-004252,70,55.25,3872.14,Month-to-month,Fiber optic,No,Credit card,0
CUST-004253,24,93.49,2268.77,Month-to-month,DSL,Yes,Mailed check,0
CUST-004254,24,41.44,1045.39,Two year,Fiber optic,No,Mailed check,0
CUST-004255,23,117.05,2838.67,Month-to-month,No,No,Bank transfer,1
CUST-004256,23,25.25,620.49,One year,DSL,No,Electronic check,0
CUST-004257,6,113.46,750.21,Month-to-month,Fiber optic,No,Electronic check,1
CUST-004258,43,34.5,1384.28,Month-to-month,DSL,Yes,Credit card,0
CUST-004259,1,64.97,124.0,Month-to-month,DSL,No,Credit card,1
CUST-004260,16,50.29,797.24,One year,Fiber optic,No,Credit card,0
CUST-004261,14,54.69,762.78,One year,DSL,Yes,Electronic check,0
CUST-004262,20,89.04,2016.61,Month-to-month,DSL,No,Bank transfer,0
CUST-004263,54,109.99,5363.98,Month-to-month,Fiber optic,No,Credit card,0
CUST-004264,43,100.72,4535.57,Month-to-month,Fiber optic,Yes,Credit card,1
CUST-004265,71,52.85,3978.09,Month-to-month,No,No,Mailed check,0
CUST-004266,25,70.53,1924.26,Month-to-month,No,No,Mailed check,0
CUST-004267,66,41.54,2821.6,Two year,Fiber optic,No,Electronic check,0
CUST-004268,3,35.25,150.32,Month-to-month,DSL,Yes,Electronic check,1
CUST-004269,36,30.61,1233.6,Month-to-month,DSL,Yes,Mailed check,0
CUST-004270,57,51.87,2963.16,Month-to-month,Fiber optic,No,Electronic check,0
CUST-004271,38,72.49,2890.29,Month-to-month,No,No,Credit card,0
CUST-004272,67,15.0,1085.07,Month-to-month,DSL,Yes,Electronic check,0
CUST-004273,22,63.61,1399.96,One year,DSL,No,Bank transfer,0
CUST-004274,2,110.48,327.38,One year,Fiber optic,Yes,Bank transfer,0
CUST-004275,55,98.66,5351.93,Two year,No,No,Electronic check,0
CUST-004276,4,47.44,242.69,Month-to-month,Fiber optic,No,Mailed check,1
CUST-004277,55,23.09,1170.52,One year,Fiber optic,Yes,Credit card,0
CUST-004278,52,78.79,4476.11,Two year,Fiber optic,No,Electronic check,0
CUST-004279,60,15.0,939.42,Two year,Fiber optic,No,Electronic check,0
CUST-004280,34,98.3,3542.15,Two year,Fiber optic,No,Electronic check,0
CUST-004281,64,58.59,3358.47,Month-to-month,Fiber optic,No,Electronic check,1
CUST-004282,12,119.94,1478.12,Two year,Fiber optic,Yes,Credit card,1
CUST-004283,31,15.0,515.77,Two year,Fiber optic,Yes,Electronic check,0
CUST-004284,8,92.54,825.51,One year,DSL,No,Mailed check,0
CUST-004285,55,61.98,3171.92,One year,DSL,No,Credit card,0
CUST-004286,51,55.07,2895.29,Two year,DSL,Yes,Credit card,0
CUST-004287,58,23.9,1458.27,Month-to-month,DSL,No,Electronic check,0
CUST-004288,55,82.87,4764.19,One year,DSL,Yes,Mailed check,0
CUST-004289,22,85.28,1946.78,One year,Fiber optic,Yes,Electronic check,0
CUST-004290,4,118.55,626.43,One year,No,No,Electronic check,0
CUST-004291,66,95.24,6157.2,One year,Fiber optic,No,Credit card,0
CUST-004292,35,47.18,1744.46,Month-to-month,Fiber optic,No,Mailed check,0
CUST-004293,6,34.88,245.84,Month-to-month,No,Yes,Bank transfer,0
CUST-004294,66,23.95,1593.66,Month-to-month,No,No,Electronic check,0
CUST-004295,71,109.2,7713.18,One year,DSL,Yes,Mailed check,0
CUST-004296,32,41.65,1350.99,One year,DSL,No,Mailed check,0
CUST-004297,55,109.41,6136.67,Two year,DSL,No,Bank transfer,0
CUST-004298,2,80.75,238.71,One year,No,No,Credit card,0
CUST-004299,6,74.9,543.5,One year,DSL,No,Electronic check,0
CUST-004300,19,55.79,1085.97,Month-to-month,DSL,No,Bank transfer,0
CUST-004301,47,84.82,4390.62,One year,Fiber optic,Yes,Mailed check,0
CUST-004302,9,64.54,626.62,Two year,Fiber optic,Yes,Credit card,0
CUST-004303,2,53.92,169.21,One year,Fiber optic,No,Mailed check,1
CUST-004304,48,85.88,4410.79,Two year,Fiber optic,Yes,Mailed check,0
CUST-004305,55,60.68,3426.31,Two year,Fiber optic,Yes,Bank transfer,0
CUST-004306,53,41.05,2225.21,Month-to-month,No,Yes,Mailed check,0
CUST-004307,57,82.99,4638.25,One year,DSL,No,Credit card,0
CUST-004308,57,63.08,3564.08,Month-to-month,No,No,Electronic check,0
CUST-004309,43,79.67,3543.88,Month-to-month,Fiber optic,No,Mailed check,1
CUST-004310,37,51.38,1948.19,Month-to-month,DSL,No,Electronic check,1
CUST-004311,61,28.73,1886.39,Month-to-month,No,No,Electronic check,0
CUST-004312,25,117.05,2974.18,Month-to-month,No,Yes,Electronic check,0
CUST-004313,7,111.4,873.63,One year,No,No,Mailed check,0
CUST-004314,54,91.51,4614.3,Month-to-month,No,No,Electronic check,1
CUST-004315,19,53.37,1101.66,Month-to-month,Fiber optic,No,Credit card,1
CUST-004316,70,55.99,4085.28,Month-to-month,DSL,No,Bank transfer,0
CUST-004317,29,106.47,3350.14,Month-to-month,DSL,No,Credit card,1
CUST-004318,61,54.39,3546.11,Two year,No,Yes,Credit card,0
CUST-004319,3,46.02,191.36,Month-to-month,No,No,Credit card,0
CUST-004320,47,121.17,6057.71,Month-to-month,No,No,Mailed check,0
CUST-004321,32,63.57,2161.79,Two year,No,Yes,Credit card,0
CUST-004322,33,118.05,4167.14,Two year,Fiber optic,Yes,Mailed check,0
CUST-004323,19,23.05,418.51,One year,DSL,No,Credit card,0
CUST-004324,69,80.55,5328.15,One year,DSL,No,Electronic check,0
CUST-004325,28,127.13,3453.98,Month-to-month,Fiber optic,No,Credit card,0
CUST-004326,61,65.89,4344.79,One year,Fiber optic,Yes,Mailed check,0
CUST-004327,30,57.08,1700.2,Month-to-month,DSL,No,Bank transfer,0
CUST-004328,3,29.97,116.14,Month-to-month,No,Yes,Mailed check,1
CUST-004329,63,97.47,6240.18,Month-to-month,Fiber optic,No,Electronic check,0
CUST-004330,13,41.9,550.07,One year,DSL,Yes,Mailed check,0
CUST-004331,19,62.16,1266.77,Month-to-month,No,Yes,Bank transfer,0
CUST-004332,61,27.96,1549.14,Month-to-month,Fiber optic,No,Electronic check,1
CUST-004333,64,111.71,6833.46,Month-to-month,Fiber optic,Yes,Electronic check,0
CUST-004334,66,99.65,6742.69,One year,Fiber optic,No,Credit card,0
CUST-004335,30,64.05,1862.35,Month-to-month,Fiber optic,Yes,Electronic check,1
CUST-004336,54,30.38,1779.17,Month-to-month,DSL,No,Bank transfer,1
CUST-004337,23,111.08,2672.02,Month-to-month,Fiber optic,Yes,Mailed check,1
CUST-004338,53,54.02,3082.31,One year,Fiber optic,No,Mailed check,0
CUST-004339,36,31.84,1199.31,Month-to-month,No,Yes,Mailed check,0
CUST-004340,3,15.0,59.96,Two year,No,No,Mailed check,1
CUST-004341,30,45.62,1343.78,Month-to-month,DSL,Yes,Bank transfer,0
CUST-004342,33,21.36,760.01,Month-to-month,No,No,Credit card,0
CUST-004343,18,46.32,899.41,Month-to-month,DSL,No,Mailed check,1
CUST-004344,26,87.33,2603.75,Month-to-month,DSL,Yes,Electronic check,0
CUST-004345,36,53.74,2070.66,Month-to-month,Fiber optic,Yes,Electronic check,1
CUST-004346,3,75.67,296.67,Month-to-month,No,Yes,Bank transfer,1
CUST-004347,10,43.3,483.19,Two year,No,Yes,Credit card,0
CUST-004348,55,66.96,3828.62,Month-to-month,No,No,Electronic check,0
CUST-004349,25,122.63,3373.7,Month-to-month,DSL,No,Bank transfer,1
CUST-004350,43,54.55,2558.62,Month-to-month,DSL,No,Electronic check,0
CUST-004351,40,76.53,3112.44,Month-to-month,DSL,No,Electronic check,0
CUST-004352,39,18.03,677.53,Month-to-month,Fiber optic,Yes,Credit card,0
CUST-004353,29,110.6,3010.53,Month-to-month,Fiber optic,Yes,Mailed check,0
CUST-004354,34,50.68,1672.86,Month-to-month,DSL,Yes,Mailed check,0
CUST-004355,59,96.52,5619.61,Month-to-month,Fiber optic,Yes,Electronic check,0
CUST-004356,69,61.3,4614.1,Two year,Fiber optic,No,Credit card,0
CUST-004357,18,83.35,1703.91,One year,Fiber optic,Yes,Credit card,0
CUST-004358,48,85.13,4371.65,Two year,Fiber optic,Yes,Credit card,0
CUST-004359,69,51.43,3821.34,Month-to-month,DSL,Yes,Electronic check,0
CUST-004360,0,97.76,94.3,Two year,Fiber optic,No,Electronic check,1
CUST-004361,56,42.23,2224.76,Month-to-month,Fiber optic,Yes,Credit card,0
CUST-004362,35,88.34,3020.12,Month-to-month,DSL,No,Bank transfer,0
CUST-004363,69,53.29,3351.02,Two year,DSL,No,Mailed check,0
CUST-004364,41,75.49,2993.86,Month-to-month,No,No,Electronic check,1
CUST-004365,60,51.14,3040.64,Month-to-month,Fiber optic,No,Credit card,1
CUST-004366,11,66.5,804.64,Two year,DSL,No,Credit card,0
CUST-004367,10,32.76,362.79,One year,Fiber optic,No,Electronic check,0
CUST-004368,66,72.43,4685.26,Month-to-month,Fiber optic,No,Mailed check,1
CUST-004369,37,66.33,2592.07,Month-to-month,DSL,No,Mailed check,1
CUST-004370,40,48.8,1933.55,Month-to-month,DSL,No,Mailed check,0
CUST-004371,12,63.35,823.95,Two year,No,Yes,Mailed check,0
CUST-004372,16,69.02,1108.22,Month-to-month,Fiber optic,No,Mailed check,1
CUST-004373,58,46.51,2893.42,Month-to-month,DSL,No,Mailed check,0
CUST-004374,21,61.14,1346.42,Month-to-month,Fiber optic,No,Credit card,0
CUST-004375,42,34.83,1548.68,Two year,Fiber optic,No,Credit card,0
CUST-004376,22,135.37,2924.22,One year,Fiber optic,No,Electronic check,0
CUST-004377,18,96.77,1854.73,Month-to-month,DSL,No,Bank transfer,1
CUST-004378,11,73.19,903.45,Two year,DSL,No,Bank transfer,0
CUST-004379,66,100.16,6025.13,Month-to-month,DSL,No,Mailed check,1
CUST-004380,67,15.0,1079.57,Two year,No,No,Electronic check,0
CUST-004381,8,15.0,126.57,Month-to-month,Fiber optic,Yes,Credit card,1
CUST-004382,25,53.02,1393.09,Month-to-month,No,Yes,Mailed check,0
CUST-004383,40,23.64,1056.01,Month-to-month,DSL,No,Electronic check,0
CUST-004384,27,57.9,1698.66,Two year,Fiber optic,Yes,Credit card,0
CUST-004385,51,71.17,3425.12,Two year,Fiber optic,Yes,Credit card,0
CUST-004386,18,92.61,1743.97,One year,Fiber optic,No,Mailed check,0
CUST-004387,4,30.85,163.77,Month-to-month,Fiber optic,No,Mailed check,0
CUST-004388,24,76.99,1846.12,Month-to-month,Fiber optic,Yes,Mailed check,0
CUST-004389,43,65.43,2827.19,Month-to-month,DSL,Yes,Electronic check,0
CUST-004390,13,75.43,1035.47,Month-to-month,DSL,No,Electronic check,1
CUST-004391,58,49.41,2998.09,Month-to-month,Fiber optic,No,Mailed check,1
CUST-004392,0,106.49,98.31,One year,DSL,No,Mailed check,1
CUST-004393,4,61.89,319.16,One year,DSL,Yes,Electronic check,0
CUST-004394,36,118.23,4238.13,Two year,No,No,Electronic check,0
CUST-004395,36,41.29,1526.8,Month-to-month,DSL,No,Credit card,0
CUST-004396,21,87.28,1898.68,Month-to-month,Fiber optic,No,Credit card,0
CUST-004397,18,63.21,1237.0,Month-to-month,No,No,Mailed check,0
CUST-004398,5,55.17,330.66,Month-to-month,Fiber optic,No,Bank transfer,0
CUST-004399,47,83.97,4320.82,One year,DSL,No,Electronic check,0
CUST-004400,27,56.02,1646.3,One year,Fiber optic,No,Credit card,0
CUST-004401,8,15.0,129.63,Month-to-month,Fiber optic,No,Credit card,0
CUST-004402,28,15.0,464.7,Month-to-month,Fiber optic,No,Electronic check,0
CUST-004403,67,103.17,7127.78,Two year,Fiber optic,No,Electronic check,0
CUST-004404,18,101.91,1952.69,Month-to-month,No,No,Mailed check,1
CUST-004405,64,121.62,8240.58,Month-to-month,DSL,No,Electronic check,0
CUST-004406,18,64.47,1161.24,One year,DSL,No,Mailed check,0
CUST-004407,13,26.22,341.77,One year,Fiber optic,No,Bank transfer,0
CUST-004408,18,52.41,997.08,Month-to-month,Fiber optic,No,Bank transfer,1
CUST-004409,23,65.34,1520.68,Two year,Fiber optic,No,Electronic check,0
CUST-004410,8,34.79,345.56,Two year,DSL,Yes,Mailed check,0
CUST-004411,42,114.46,4733.57,Month-to-month,DSL,Yes,Credit card,0
CUST-004412,24,132.19,3311.28,Month-to-month,Fiber optic,No,Credit card,0
CUST-004413,51,79.35,4165.72,One year,No,Yes,Bank transfer,0
CUST-004414,35,64.67,2471.6,One year,DSL,No,Bank transfer,0
CUST-004415,31,26.15,795.22,Month-to-month,No,Yes,Electronic check,0
CUST-004416,33,111.39,3482.09,Month-to-month,Fiber optic,No,Credit card,0
CUST-004417,11,67.29,863.77,One year,DSL,No,Mailed check,0
CUST-004418,51,56.33,2940.7,Month-to-month,Fiber optic,No,Bank transfer,1
CUST-004419,7,79.44,661.21,Month-to-month,DSL,No,Mailed check,0
CUST-004420,51,47.43,2571.93,Month-to-month,Fiber optic,No,Electronic check,0
CUST-004421,71,69.41,5254.61,Month-to-month,DSL,Yes,Bank transfer,0
CUST-004422,55,21.73,1193.67,Two year,Fiber optic,No,Bank transfer,0
CUST-004423,32,97.61,3116.7,One year,DSL,Yes,Bank transfer,0
CUST-004424,22,61.87,1280.93,Month-to-month,No,No,Credit card,1
CUST-004425,62,99.76,5972.48,Two year,No,No,Credit card,0
CUST-004426,18,58.97,1123.83,Month-to-month,Fiber optic,No,Mailed check,1
CUST-004427,34,60.91,2057.22,Month-to-month,Fiber optic,No,Mailed check,0
CUST-004428,55,28.63,1511.85,Month-to-month,No,No,Electronic check,0
CUST-004429,66,87.79,5896.94,One year,DSL,Yes,Credit card,0
CUST-004430,66,38.72,2768.78,One year,No,No,Electronic check,0
CUST-004431,6,50.41,351.86,One year,Fiber optic,Yes,Electronic check,0
CUST-004432,64,65.03,3987.62,Month-to-month,No,No,Bank transfer,0
CUST-004433,8,68.64,657.03,Month-to-month,DSL,No,Credit card,0
CUST-004434,42,15.0,620.03,Month-to-month,DSL,No,Mailed check,0
CUST-004435,66,58.08,4178.9,Two year,DSL,No,Electronic check,0
CUST-004436,47,88.86,4209.02,Month-to-month,DSL,Yes,Electronic check,0
CUST-004437,68,53.65,3720.93,One year,DSL,Yes,Credit card,0
CUST-004438,24,58.26,1570.12,One year,No,No,Bank transfer,0
CUST-004439,22,69.87,1498.46,Month-to-month,DSL,Yes,Mailed check,0
CUST-004440,23,61.22,1392.16,Month-to-month,DSL,No,Credit card,1
CUST-004441,25,34.08,871.73,Month-to-month,DSL,No,Electronic check,0
CUST-004442,49,63.91,3173.12,One year,Fiber optic,No,Bank transfer,0
CUST-004443,32,94.82,3542.5,Two year,Fiber optic,No,Mailed check,0
CUST-004444,53,33.46,1726.85,Month-to-month,DSL,No,Electronic check,0
CUST-004445,29,53.77,1507.78,Two year,Fiber optic,No,Credit card,0
CUST-004446,22,23.55,516.33,Month-to-month,No,No,Credit card,0
CUST-004447,13,93.24,1320.53,Month-to-month,DSL,No,Credit card,0
CUST-004448,39,62.23,2550.41,Two year,Fiber optic,No,Electronic check,1
CUST-004449,64,39.49,2476.35,Two year,Fiber optic,Yes,Bank transfer,0
CUST-004450,61,67.77,4206.03,Month-to-month,Fiber optic,No,Mailed check,0
CUST-004451,18,28.89,602.34,One year,No,No,Mailed check,0
CUST-004452,34,34.0,1191.92,Two year,No,No,Electronic check,0
CUST-004453,50,21.2,1098.35,One year,Fiber optic,No,Bank transfer,0
CUST-004454,44,33.0,1625.09,One year,Fiber optic,No,Credit card,0
CUST-004455,4,105.72,510.15,Month-to-month,DSL,Yes,Electronic check,1
CUST-004456,42,43.01,1778.69,Month-to-month,Fiber optic,Yes,Bank transfer,0
CUST-004457,2,78.99,231.4,One year,Fiber optic,No,Bank transfer,0
CUST-004458,8,39.91,349.72,Month-to-month,DSL,No,Bank transfer,1
CUST-004459,47,87.79,3830.07,Month-to-month,No,No,Mailed check,0
CUST-004460,7,34.22,275.63,Month-to-month,Fiber optic,No,Electronic check,0
CUST-004461,24,66.18,1672.37,Month-to-month,DSL,No,Credit card,0
CUST-004462,42,66.59,2836.57,Month-to-month,No,No,Bank transfer,0
CUST-004463,47,134.83,6552.12,Month-to-month,Fiber optic,No,Bank transfer,1
CUST-004464,32,83.91,2804.86,Month-to-month,DSL,Yes,Bank transfer,0
CUST-004465,6,47.21,308.74,Month-to-month,Fiber optic,No,Mailed check,1
CUST-004466,57,85.55,5033.6,Two year,No,No,Mailed check,0
CUST-004467,68,129.15,9159.87,One year,No,Yes,Bank transfer,0
CUST-004468,63,16.11,948.76,Month-to-month,DSL,No,Credit card,0
CUST-004469,53,39.73,2302.11,Month-to-month,Fiber optic,Yes,Mailed check,0
CUST-004470,28,57.89,1575.16,Month-to-month,No,No,Electronic check,1
CUST-004471,63,52.49,3168.01,One year,No,No,Electronic check,0
CUST-004472,35,55.02,2000.62,One year,DSL,Yes,Bank transfer,0
CUST-004473,9,25.87,265.65,One year,Fiber optic,No,Electronic check,1
CUST-004474,61,107.12,6899.6,One year,No,No,Credit card,0
CUST-004475,23,22.32,550.75,Month-to-month,DSL,Yes,Mailed check,1
CUST-004476,67,58.99,3907.32,Month-to-month,Fiber optic,No,Mailed check,1
CUST-004477,26,96.37,2616.25,Month-to-month,Fiber optic,No,Electronic check,0
CUST-004478,62,64.09,3974.02,Month-to-month,Fiber optic,No,Mailed check,0
CUST-004479,38,35.62,1401.21,Month-to-month,Fiber optic,No,Bank transfer,0
CUST-004480,33,24.54,837.21,One year,DSL,Yes,Credit card,0
CUST-004481,21,58.1,1245.93,Month-to-month,Fiber optic,No,Bank transfer,0
CUST-004482,60,42.29,2534.85,One year,DSL,No,Bank transfer,0
CUST-004483,4,71.16,322.84,Month-to-month,No,Yes,Mailed check,1
CUST-004484,33,22.96,812.92,Month-to-month,Fiber optic,No,Mailed check,0
CUST-004485,26,89.39,2449.47,One year,DSL,No,Credit card,0
CUST-004486,39,68.47,2422.8,Month-to-month,No,No,Bank transfer,0
CUST-004487,18,70.7,1396.48,Month-to-month,Fiber optic,No,Credit card,1
CUST-004488,47,108.23,5181.38,Month-to-month,DSL,No,Bank transfer,1
CUST-004489,27,51.87,1384.23,One year,DSL,No,Electronic check,1
CUST-004490,13,43.23,574.13,Month-to-month,Fiber optic,No,Mailed check,1
CUST-004491,14,48.57,703.44,Two year,No,Yes,Mailed check,0
CUST-004492,50,59.22,2879.75,Two year,DSL,No,Mailed check,0
CUST-004493,18,62.27,1135.99,Two year,No,Yes,Credit card,1
CUST-004494,22,40.08,1000.2,Month-to-month,DSL,Yes,Mailed check,0
CUST-004495,45,15.0,702.8,One year,Fiber optic,Yes,Electronic check,0
CUST-004496,23,48.17,1273.83,Month-to-month,Fiber optic,No,Bank transfer,1
CUST-004497,27,75.79,2146.21,Two year,DSL,No,Mailed check,0
CUST-004498,17,69.09,1279.6,Month-to-month,No,No,Electronic check,1
CUST-004499,24,100.99,2413.49,Month-to-month,DSL,No,Credit card,0
CUST-004500,49,123.66,6131.28,Month-to-month,No,No,Credit card,0
CUST-004501,38,87.78,3409.44,Two year,DSL,Yes,Credit card,0
CUST-004502,71,106.48,7903.93,Two year,DSL,Yes,Mailed check,0
CUST-004503,55,88.0,4915.99,Month-to-month,No,Yes,Credit card,0
CUST-004504,1,116.3,236.68,Month-to-month,Fiber optic,No,Mailed check,1
CUST-004505,27,120.53,3427.96,One year,DSL,Yes,Credit card,0
CUST-004506,20,93.53,1934.49,Two year,Fiber optic,No,Credit card,1
CUST-004507,42,86.19,3631.05,One year,DSL,No,Electronic check,0
CUST-004508,19,58.84,1137.5,Month-to-month,No,No,Mailed check,0
CUST-004509,69,63.76,4704.72,One year,DSL,No,Bank transfer,0
CUST-004510,21,54.86,1188.78,Two year,Fiber optic,No,Electronic check,0
CUST-004511,37,83.64,3230.49,Month-to-month,DSL,Yes,Credit card,0
CUST-004512,8,43.39,387.45,Month-to-month,Fiber optic,No,Bank transfer,1
CUST-004513,65,59.27,4119.44,Month-to-month,No,Yes,Electronic check,0
CUST-004514,65,15.0,891.59,Month-to-month,No,No,Credit card,0
CUST-004515,57,116.69,6870.7,One year,Fiber optic,Yes,Electronic check,0
CUST-004516,25,58.39,1422.78,Month-to-month,DSL,No,Mailed check,0
CUST-004517,4,78.67,401.02,Month-to-month,DSL,No,Electronic check,1
CUST-004518,51,108.73,5612.72,Month-to-month,No,No,Electronic check,1
CUST-004519,30,74.01,2124.68,Two year,DSL,No,Bank transfer,0
CUST-004520,71,108.33,7931.46,Two year,Fiber optic,Yes,Electronic check,0
CUST-004521,50,27.75,1431.0,Month-to-month,Fiber optic,No,Bank transfer,1
CUST-004522,38,136.92,5278.2,One year,No,No,Electronic check,1
CUST-004523,71,97.61,6991.41,Month-to-month,Fiber optic,Yes,Credit card,0
CUST-004524,57,71.28,4167.4,Two year,Fiber optic,Yes,Credit card,0
CUST-004525,33,107.75,3879.41,One year,No,Yes,Mailed check,0
CUST-004526,1,29.94,58.94,Month-to-month,No,Yes,Mailed check,1
CUST-004527,6,56.34,414.37,Two year,Fiber optic,No,Bank transfer,0
CUST-004528,31,108.33,3459.99,Month-to-month,Fiber optic,Yes,Bank transfer,1
CUST-004529,40,15.0,654.84,One year,Fiber optic,No,Electronic check,0
CUST-004530,2,81.81,242.56,Month-to-month,Fiber optic,Yes,Credit card,1
CUST-004531,9,80.97,782.68,One year,DSL,No,Credit card,1
CUST-004532,50,124.08,5980.62,Month-to-month,Fiber optic,Yes,Mailed check,0
CUST-004533,54,17.51,961.5,Month-to-month,Fiber optic,No,Bank transfer,0
CUST-004534,2,113.29,326.39,Month-to-month,DSL,No,Electronic check,1
CUST-004535,36,48.22,1909.27,Two year,DSL,No,Bank transfer,0
CUST-004536,5,51.59,296.05,Month-to-month,Fiber optic,No,Bank transfer,1
CUST-004537,52,28.34,1450.19,One year,DSL,No,Mailed check,0
CUST-004538,60,32.36,2031.59,Month-to-month,Fiber optic,No,Mailed check,0
CUST-004539,62,77.11,5145.67,Two year,Fiber optic,No,Electronic check,0
CUST-004540,43,31.63,1442.59,Month-to-month,Fiber optic,No,Credit card,0
CUST-004541,45,87.21,4223.94,One year,DSL,Yes,Electronic check,0
CUST-004542,66,45.11,3010.32,Two year,Fiber optic,Yes,Bank transfer,0
CUST-004543,44,28.61,1283.15,Month-to-month,Fiber optic,Yes,Credit card,1
CUST-004544,32,49.17,1785.67,Month-to-month,Fiber optic,No,Electronic check,1
CUST-004545,54,75.1,4479.66,Two year,Fiber optic,Yes,Electronic check,0
CUST-004546,42,56.68,2524.25,Month-to-month,No,Yes,Credit card,0
CUST-004547,60,66.03,4250.45,Month-to-month,DSL,No,Credit card,0
CUST-004548,37,85.89,3403.78,Month-to-month,Fiber optic,No,Electronic check,0
CUST-004549,62,97.47,5770.5,Two year,DSL,No,Mailed check,0
CUST-004550,3,55.7,222.35,Two year,No,No,Bank transfer,0
CUST-004551,2,33.67,108.58,One year,DSL,Yes,Bank transfer,0
CUST-004552,7,67.28,557.65,One year,Fiber optic,No,Bank transfer,0
CUST-004553,40,79.12,3233.59,Month-to-month,Fiber optic,Yes,Mailed check,0
CUST-004554,51,21.18,1184.35,Month-to-month,DSL,Yes,Bank transfer,0
CUST-004555,15,38.28,623.82,Month-to-month,No,No,Electronic check,0
CUST-004556,11,43.42,540.78,Month-to-month,DSL,Yes,Credit card,0
CUST-004557,61,58.77,3711.68,Month-to-month,DSL,No,Bank transfer,0
CUST-004558,54,42.17,2382.05,One year,Fiber optic,No,Mailed check,0
CUST-004559,46,86.21,4176.05,Month-to-month,Fiber optic,Yes,Mailed check,0
CUST-004560,35,16.85,645.87,Month-to-month,DSL,Yes,Mailed check,0
CUST-004561,30,17.61,584.89,Month-to-month,DSL,Yes,Mailed check,0
CUST-004562,1,54.98,107.49,Month-to-month,DSL,Yes,Electronic check,1
CUST-004563,13,59.73,851.09,Month-to-month,No,No,Bank transfer,1
CUST-004564,64,21.36,1476.68,Month-to-month,Fiber optic,No,Electronic check,0
CUST-004565,24,46.8,1162.24,Month-to-month,DSL,Yes,Mailed check,1
CUST-004566,50,52.97,2524.61,Month-to-month,Fiber optic,Yes,Credit card,0
CUST-004567,50,53.2,2589.98,One year,No,No,Bank transfer,0
CUST-004568,22,69.56,1532.64,Two year,No,No,Credit card,0
CUST-004569,14,45.15,661.77,One year,DSL,No,Bank transfer,0
CUST-004570,49,109.34,5262.78,One year,Fiber optic,Yes,Credit card,0
CUST-004571,6,79.65,586.21,Two year,DSL,No,Electronic check,1
CUST-004572,35,40.79,1447.99,Month-to-month,DSL,Yes,Bank transfer,0
CUST-004573,63,67.84,4615.21,One year,No,No,Mailed check,0
CUST-004574,51,68.72,3371.51,Month-to-month,No,No,Electronic check,0
CUST-004575,55,101.44,5580.38,Month-to-month,DSL,No,Electronic check,0
CUST-004576,5,46.99,283.4,Month-to-month,No,Yes,Electronic check,0
CUST-004577,14,88.02,1373.82,Month-to-month,Fiber optic,No,Electronic check,1
CUST-004578,19,66.26,1400.88,One year,Fiber optic,Yes,Mailed check,0
CUST-004579,21,109.75,2349.45,Month-to-month,Fiber optic,No,Electronic check,0
CUST-004580,13,103.73,1524.31,One year,Fiber optic,Yes,Credit card,0
CUST-004581,69,70.91,4546.24,Two year,No,No,Bank transfer,0
CUST-004582,11,57.13,715.45,Month-to-month,DSL,Yes,Credit card,0
CUST-004583,50,80.2,3815.85,Month-to-month,Fiber optic,No,Electronic check,1
CUST-004584,42,59.59,2619.44,Month-to-month,DSL,No,Electronic check,0
CUST-004585,43,115.41,5364.71,Month-to-month,No,No,Credit card,1
CUST-004586,15,67.35,1125.47,Two year,DSL,Yes,Mailed check,0
CUST-004587,22,52.83,1115.52,One year,Fiber optic,No,Credit card,1
CUST-004588,43,51.21,2202.92,One year,Fiber optic,Yes,Electronic check,0
CUST-004589,21,28.61,651.96,Month-to-month,DSL,No,Electronic check,0
CUST-004590,49,81.7,4225.42,One year,DSL,Yes,Mailed check,0
CUST-004591,2,40.4,122.87,One year,DSL,Yes,Bank transfer,0
CUST-004592,5,97.94,522.98,Month-to-month,Fiber optic,Yes,Electronic check,1
CUST-004593,52,26.21,1472.45,Month-to-month,DSL,Yes,Electronic check,0
CUST-004594,44,68.82,3309.87,Month-to-month,Fiber optic,Yes,Electronic check,0
CUST-004595,3,99.51,401.29,Month-to-month,Fiber optic,No,Electronic check,0
CUST-004596,64,15.0,986.14,Two year,No,Yes,Credit card,0
CUST-004597,0,125.55,128.71,One year,Fiber optic,No,Credit card,0
CUST-004598,68,52.24,3867.88,Month-to-month,DSL,No,Electronic check,0
CUST-004599,52,69.23,3715.31,Two year,No,No,Mailed check,0
CUST-004600,71,82.14,5857.8,Month-to-month,No,No,Mailed check,0
CUST-004601,68,86.78,6102.32,Month-to-month,Fiber optic,No,Electronic check,1
CUST-004602,22,73.22,1683.04,Two year,Fiber optic,No,Bank transfer,0
CUST-004603,54,94.92,5220.75,Two year,DSL,No,Credit card,0
CUST-004604,15,80.57,1175.33,One year,Fiber optic,No,Bank transfer,0
CUST-004605,33,117.83,4110.82,Month-to-month,Fiber optic,Yes,Credit card,1
CUST-004606,17,80.67,1537.11,Two year,DSL,No,Bank transfer,1
CUST-004607,34,123.94,4559.18,One year,DSL,Yes,Bank transfer,0
CUST-004608,62,92.03,6073.73,One year,DSL,No,Credit card,0
CUST-004609,31,15.0,478.73,Month-to-month,Fiber optic,No,Bank transfer,1
CUST-004610,6,143.33,1010.64,Month-to-month,DSL,Yes,Credit card,0
CUST-004611,23,47.77,1214.77,Two year,Fiber optic,Yes,Credit card,1
CUST-004612,56,109.87,6533.97,Two year,No,No,Electronic check,0
CUST-004613,37,65.8,2686.38,One year,DSL,Yes,Bank transfer,0
CUST-004614,40,96.83,3836.6,Month-to-month,DSL,Yes,Bank transfer,0
CUST-004615,31,44.35,1370.89,One year,DSL,No,Mailed check,0
CUST-004616,21,83.77,1812.35,Month-to-month,Fiber optic,No,Bank transfer,1
CUST-004617,43,57.4,2406.69,Month-to-month,No,No,Credit card,1
CUST-004618,45,112.37,4827.49,Month-to-month,Fiber optic,No,Electronic check,1
CUST-004619,64,78.16,5199.45,Month-to-month,No,No,Bank transfer,0
CUST-004620,44,93.08,4272.41,One year,No,No,Credit card,0
CUST-004621,71,15.0,1093.3,Month-to-month,DSL,No,Mailed check,0
CUST-004622,59,62.43,3812.23,Month-to-month,Fiber optic,No,Mailed check,1
CUST-004623,5,77.32,429.95,Two year,Fiber optic,No,Electronic check,0
CUST-004624,28,71.71,2029.63,One year,Fiber optic,No,Mailed check,0
CUST-004625,27,93.83,2588.82,Month-to-month,DSL,Yes,Mailed check,0
CUST-004626,0,54.02,54.15,Month-to-month,DSL,Yes,Credit card,1
CUST-004627,13,66.46,862.58,One year,Fiber optic,Yes,Electronic check,0
CUST-004628,54,100.44,5267.77,Month-to-month,Fiber optic,No,Bank transfer,0
CUST-004629,25,15.0,381.49,Month-to-month,DSL,No,Electronic check,1
CUST-004630,10,82.68,957.61,Month-to-month,DSL,No,Credit card,0
CUST-004631,20,54.98,1169.77,Month-to-month,Fiber optic,No,Mailed check,1
CUST-004632,19,37.63,791.05,One year,Fiber optic,No,Mailed check,0
CUST-004633,12,75.1,970.28,Month-to-month,Fiber optic,No,Credit card,0
CUST-004634,7,101.82,814.63,Month-to-month,DSL,No,Bank transfer,0
CUST-004635,55,96.17,5520.16,Month-to-month,DSL,Yes,Electronic check,0
CUST-004636,59,60.95,3624.4,Month-to-month,Fiber optic,No,Mailed check,0
CUST-004637,35,91.27,3183.16,Month-to-month,Fiber optic,No,Mailed check,1
CUST-004638,44,91.04,3791.72,Two year,DSL,Yes,Bank transfer,0
CUST-004639,66,62.38,4054.44,Month-to-month,Fiber optic,Yes,Credit card,0
CUST-004640,60,44.21,2809.41,Month-to-month,Fiber optic,Yes,Bank transfer,1
CUST-004641,2,45.94,146.52,Month-to-month,Fiber optic,Yes,Mailed check,0
CUST-004642,68,90.14,5978.93,One year,DSL,Yes,Bank transfer,0
CUST-004643,4,63.74,291.05,Month-to-month,Fiber optic,No,Credit card,0
CUST-004644,1,33.61,70.34,Two year,No,No,Electronic check,0
CUST-004645,29,15.0,451.56,One year,Fiber optic,No,Bank transfer,0
CUST-004646,53,89.95,4530.4,Month-to-month,DSL,Yes,Bank transfer,0
CUST-004647,5,48.6,246.23,One year,DSL,No,Bank transfer,0
CUST-004648,21,74.91,1568.67,Month-to-month,DSL,No,Electronic check,1
CUST-004649,18,102.19,1896.69,Two year,No,No,Electronic check,0
CUST-004650,28,25.73,703.27,Two year,No,No,Mailed check,0
CUST-004651,70,63.65,4675.19,Month-to-month,DSL,No,Mailed check,0
CUST-004652,23,59.88,1378.71,One year,No,No,Credit card,0
CUST-004653,15,76.39,1223.03,Month-to-month,DSL,No,Bank transfer,1
CUST-004654,8,102.17,1028.7,Month-to-month,Fiber optic,No,Credit card,1
CUST-004655,14,25.12,378.96,One year,Fiber optic,Yes,Electronic check,0
CUST-004656,9,82.09,816.2,Two year,Fiber optic,Yes,Credit card,0
CUST-004657,41,95.95,4011.0,Month-to-month,Fiber optic,No,Electronic check,0
CUST-004658,30,59.41,1903.27,One year,Fiber optic,Yes,Bank transfer,0
CUST-004659,35,60.88,2251.29,One year,DSL,No,Mailed check,1
CUST-004660,59,77.55,4419.72,Month-to-month,No,Yes,Credit card,0
CUST-004661,41,75.34,3099.42,One year,DSL,No,Bank transfer,0
CUST-004662,11,82.47,956.63,One year,DSL,Yes,Mailed check,0
CUST-004663,27,81.84,2259.09,One year,No,No,Bank transfer,0
CUST-004664,22,35.54,892.1,Two year,Fiber optic,No,Bank transfer,0
CUST-004665,59,94.71,5857.91,Month-to-month,Fiber optic,No,Bank transfer,0
CUST-004666,22,100.0,2290.91,Month-to-month,DSL,Yes,Bank transfer,0
CUST-004667,9,70.58,749.75,Month-to-month,DSL,No,Bank transfer,1
CUST-004668,52,20.18,1079.37,Month-to-month,DSL,No,Credit card,0
CUST-004669,30,61.56,1751.99,Month-to-month,Fiber optic,Yes,Electronic check,0
CUST-004670,6,70.83,537.08,Two year,Fiber optic,Yes,Mailed check,0
CUST-004671,49,30.66,1521.11,Month-to-month,Fiber optic,No,Credit card,1
CUST-004672,15,54.2,769.32,One year,No,No,Mailed check,0
CUST-004673,62,22.72,1316.82,Month-to-month,No,No,Credit card,0
CUST-004674,59,83.22,5274.66,Month-to-month,DSL,Yes,Bank transfer,0
CUST-004675,26,69.98,1739.84,Two year,No,No,Mailed check,0
CUST-004676,40,15.63,683.91,One year,No,No,Mailed check,1
CUST-004677,40,75.54,3109.85,Month-to-month,No,No,Mailed check,0
CUST-004678,47,63.3,3147.09,Two year,Fiber optic,No,Electronic check,0
CUST-004679,4,80.49,397.29,Month-to-month,DSL,No,Mailed check,1
CUST-004680,23,53.25,1311.54,Month-to-month,DSL,No,Bank transfer,0
CUST-004681,12,40.96,540.85,Month-to-month,No,No,Credit card,0
CUST-004682,50,41.87,2131.49,One year,Fiber optic,No,Credit card,0
CUST-004683,4,48.85,231.26,Month-to-month,No,Yes,Mailed check,1
CUST-004684,37,65.56,2536.12,Two year,Fiber optic,No,Credit card,0
CUST-004685,52,69.44,3345.9,Month-to-month,DSL,No,Mailed check,0
CUST-004686,68,59.28,4280.71,Month-to-month,Fiber optic,Yes,Credit card,1
CUST-004687,20,52.3,1109.13,Two year,No,No,Credit card,0
CUST-004688,0,54.46,55.72,Month-to-month,DSL,No,Mailed check,0
CUST-004689,52,140.23,6459.8,Month-to-month,Fiber optic,Yes,Bank transfer,0
CUST-004690,0,41.88,39.52,Month-to-month,No,No,Credit card,1
CUST-004691,4,48.26,235.2,Month-to-month,DSL,Yes,Electronic check,0
CUST-004692,71,150.0,11163.79,Month-to-month,DSL,No,Electronic check,0
CUST-004693,62,77.63,4660.16,Month-to-month,Fiber optic,No,Bank transfer,1
CUST-004694,50,23.6,1356.97,One year,No,No,Electronic check,0
CUST-004695,60,90.28,5434.61,Month-to-month,Fiber optic,No,Credit card,0
CUST-004696,5,37.7,214.7,Month-to-month,DSL,No,Mailed check,1
CUST-004697,6,92.27,639.87,One year,DSL,No,Mailed check,0
CUST-004698,21,58.67,1229.39,Month-to-month,Fiber optic,No,Credit card,1
CUST-004699,1,51.81,97.48,One year,DSL,No,Bank transfer,0
CUST-004700,63,113.27,7616.06,One year,DSL,No,Credit card,0
CUST-004701,4,81.99,420.48,Month-to-month,No,No,Bank transfer,0
CUST-004702,39,94.19,3864.82,Month-to-month,DSL,No,Bank transfer,0
CUST-004703,61,78.05,5147.86,Month-to-month,No,No,Bank transfer,1
CUST-004704,52,51.67,2804.97,Month-to-month,No,No,Credit card,0
CUST-004705,16,83.34,1341.18,Month-to-month,Fiber optic,No,Credit card,1
CUST-004706,33,101.28,3565.41,One year,Fiber optic,Yes,Electronic check,0
CUST-004707,39,69.04,2606.12,One year,DSL,No,Bank transfer,0
CUST-004708,55,119.05,6507.41,Month-to-month,Fiber optic,Yes,Credit card,1
CUST-004709,30,90.51,2799.54,Two year,Fiber optic,No,Bank transfer,1
CUST-004710,20,71.36,1487.52,Month-to-month,DSL,Yes,Mailed check,1
CUST-004711,57,72.54,3830.76,Two year,Fiber optic,No,Credit card,0
CUST-004712,63,69.12,4209.49,Two year,DSL,Yes,Mailed check,0
CUST-004713,35,27.46,987.55,Month-to-month,DSL,No,Electronic check,1
CUST-004714,2,62.3,181.19,Month-to-month,Fiber optic,No,Mailed check,1
CUST-004715,36,71.64,2799.78,Month-to-month,Fiber optic,No,Electronic check,1
CUST-004716,64,52.52,3635.09,Two year,DSL,No,Bank transfer,0
CUST-004717,71,75.13,5106.35,Month-to-month,DSL,No,Credit card,0
CUST-004718,28,65.64,1909.22,Two year,DSL,Yes,Mailed check,0
CUST-004719,10,88.21,1047.11,Month-to-month,Fiber optic,No,Bank transfer,0
CUST-004720,41,84.89,3541.59,Month-to-month,Fiber optic,No,Credit card,1
CUST-004721,59,70.01,4115.39,One year,DSL,No,Mailed check,0
CUST-004722,68,23.98,1726.05,Month-to-month,Fiber optic,No,Credit card,0
CUST-004723,3,118.72,468.38,Month-to-month,No,No,Electronic check,1
CUST-004724,20,60.74,1356.67,Two year,Fiber optic,No,Bank transfer,1
CUST-004725,34,62.57,2124.94,Month-to-month,Fiber optic,No,Electronic check,1
CUST-004726,7,54.72,427.41,Two year,Fiber optic,No,Credit card,1
CUST-004727,63,50.35,3349.55,Two year,No,No,Electronic check,0
CUST-004728,8,111.32,1006.93,Month-to-month,No,No,Credit card,1
CUST-004729,47,106.58,5143.63,Month-to-month,DSL,No,Mailed check,0
CUST-004730,66,78.33,4747.2,Month-to-month,DSL,Yes,Electronic check,0
CUST-004731,49,61.77,3034.17,One year,DSL,No,Bank transfer,0
CUST-004732,54,83.57,4795.12,Two year,Fiber optic,No,Credit card,1
CUST-004733,18,67.21,1227.02,Two year,DSL,Yes,Electronic check,0
CUST-004734,59,59.29,3682.23,Two year,No,No,Mailed check,0
CUST-004735,30,75.14,2360.65,Month-to-month,DSL,Yes,Bank transfer,0
CUST-004736,4,51.77,256.24,Month-to-month,Fiber optic,No,Electronic check,1
CUST-004737,26,72.57,2092.35,Month-to-month,DSL,No,Credit card,0
CUST-004738,25,71.13,1817.87,Two year,Fiber optic,Yes,Bank transfer,0
CUST-004739,37,83.09,3114.7,Month-to-month,Fiber optic,Yes,Credit card,0
CUST-004740,19,46.43,918.72,Month-to-month,Fiber optic,No,Mailed check,1
CUST-004741,33,86.3,2946.15,Month-to-month,Fiber optic,Yes,Credit card,1
CUST-004742,30,37.81,1217.08,Month-to-month,Fiber optic,Yes,Mailed check,1
CUST-004743,23,47.82,1063.25,Month-to-month,Fiber optic,No,Mailed check,0
CUST-004744,50,49.13,2614.5,Month-to-month,No,No,Mailed check,0
CUST-004745,21,32.84,724.91,Two year,Fiber optic,No,Bank transfer,0
CUST-004746,55,95.47,5494.41,One year,Fiber optic,No,Electronic check,1
CUST-004747,18,35.93,764.28,Month-to-month,Fiber optic,No,Bank transfer,1
CUST-004748,62,44.03,2703.08,One year,No,No,Credit card,0
CUST-004749,26,102.66,2602.15,Month-to-month,Fiber optic,Yes,Electronic check,1
CUST-004750,2,47.88,145.04,One year,No,No,Credit card,0
CUST-004751,10,59.36,664.41,Month-to-month,No,No,Credit card,1
CUST-004752,58,34.64,2132.77,One year,DSL,No,Electronic check,0
CUST-004753,62,89.99,5516.67,Month-to-month,DSL,Yes,Bank transfer,0
CUST-004754,15,90.4,1386.4,Month-to-month,Fiber optic,No,Mailed check,1
CUST-004755,43,87.17,3541.43,One year,Fiber optic,No,Bank transfer,1
CUST-004756,41,81.13,3174.32,One year,Fiber optic,Yes,Mailed check,0
CUST-004757,9,67.21,658.1,One year,No,No,Electronic check,1
CUST-004758,32,49.27,1616.39,Month-to-month,Fiber optic,Yes,Mailed check,1
CUST-004759,49,40.55,2236.9,Month-to-month,DSL,No,Electronic check,0
CUST-004760,69,103.7,6644.5,One year,Fiber optic,No,Mailed check,0
CUST-004761,61,87.94,5543.98,Month-to-month,DSL,Yes,Credit card,1
CUST-004762,7,44.2,340.77,Month-to-month,Fiber optic,No,Credit card,1
CUST-004763,17,66.19,1204.79,Month-to-month,No,Yes,Electronic check,1
CUST-004764,31,56.0,1742.32,Month-to-month,DSL,No,Bank transfer,0
CUST-004765,10,31.15,360.43,Month-to-month,No,No,Electronic check,0
CUST-004766,41,70.33,3105.84,Month-to-month,No,No,Electronic check,1
CUST-004767,0,52.54,52.24,One year,DSL,Yes,Bank transfer,0
CUST-004768,8,36.42,351.4,One year,No,No,Mailed check,0
CUST-004769,3,20.63,85.64,One year,Fiber optic,No,Bank transfer,0
CUST-004770,21,18.09,425.59,One year,Fiber optic,No,Electronic check,0
CUST-004771,54,53.86,2955.76,Month-to-month,DSL,No,Electronic check,0
CUST-004772,12,62.45,850.45,Two year,DSL,No,Bank transfer,0
CUST-004773,71,38.74,2682.2,One year,Fiber optic,No,Electronic check,0
CUST-004774,19,84.52,1616.94,Month-to-month,DSL,No,Electronic check,1
CUST-004775,3,63.03,279.61,Month-to-month,DSL,No,Credit card,1
CUST-004776,24,82.31,1945.95,One year,No,Yes,Bank transfer,0
CUST-004777,53,59.51,3143.61,One year,Fiber optic,No,Credit card,1
CUST-004778,7,41.39,299.67,One year,Fiber optic,No,Bank transfer,0
CUST-004779,5,68.42,393.18,One year,No,No,Mailed check,0
CUST-004780,61,27.12,1597.84,Two year,DSL,No,Bank transfer,0
CUST-004781,42,81.18,3373.88,Two year,DSL,No,Credit card,0
CUST-004782,24,36.89,935.96,One year,Fiber optic,Yes,Bank transfer,0
CUST-004783,54,92.55,5227.78,Two year,Fiber optic,No,Mailed check,0
CUST-004784,60,54.85,3177.21,Two year,DSL,No,Credit card,0
CUST-004785,25,96.88,2419.33,Month-to-month,Fiber optic,Yes,Bank transfer,0
CUST-004786,40,31.32,1353.74,One year,DSL,Yes,Credit card,0
CUST-004787,0,44.67,48.48,Month-to-month,Fiber optic,Yes,Bank transfer,1
CUST-004788,22,76.43,1868.23,Month-to-month,Fiber optic,No,Mailed check,0
CUST-004789,42,100.11,3950.57,Month-to-month,Fiber optic,No,Credit card,1
CUST-004790,14,115.0,1827.56,Month-to-month,DSL,Yes,Bank transfer,1
CUST-004791,71,66.24,5211.4,Month-to-month,DSL,No,Credit card,0
CUST-004792,69,120.13,7696.18,Month-to-month,No,No,Credit card,0
CUST-004793,18,56.31,1127.81,Month-to-month,No,No,Mailed check,1
CUST-004794,28,97.96,2872.92,One year,Fiber optic,No,Electronic check,1
CUST-004795,13,36.73,505.87,Two year,DSL,No,Electronic check,0
CUST-004796,36,77.61,2886.67,Two year,Fiber optic,No,Bank transfer,0
CUST-004797,8,15.0,137.99,Month-to-month,DSL,No,Credit card,1
CUST-004798,28,31.35,961.84,Month-to-month,DSL,No,Credit card,0
CUST-004799,39,79.0,3334.76,Two year,DSL,No,Electronic check,0
CUST-004800,44,25.63,1066.32,Month-to-month,DSL,No,Electronic check,0
CUST-004801,42,77.81,3237.25,Two year,DSL,No,Bank transfer,0
CUST-004802,15,92.19,1482.0,One year,DSL,No,Mailed check,0
CUST-004803,57,49.96,3125.49,Month-to-month,No,Yes,Mailed check,0
CUST-004804,49,35.93,1551.56,Month-to-month,Fiber optic,No,Electronic check,0
CUST-004805,54,50.77,2707.3,Month-to-month,Fiber optic,Yes,Electronic check,0
CUST-004806,33,36.03,1131.3,Month-to-month,DSL,Yes,Bank transfer,0
CUST-004807,64,61.96,3751.87,Month-to-month,No,No,Bank transfer,0
CUST-004808,28,68.06,2071.1,Two year,DSL,Yes,Credit card,1
CUST-004809,58,55.82,3205.78,One year,DSL,No,Mailed check,0
CUST-004810,14,115.23,1526.78,Month-to-month,Fiber optic,No,Bank transfer,0
CUST-004811,17,43.42,775.33,Month-to-month,Fiber optic,No,Credit card,1
CUST-004812,37,106.74,4469.13,Month-to-month,No,No,Mailed check,0
CUST-004813,40,33.76,1259.23,Month-to-month,Fiber optic,Yes,Electronic check,0
CUST-004814,53,67.18,3724.57,One year,DSL,Yes,Credit card,0
CUST-004815,21,100.49,2384.15,One year,DSL,No,Electronic check,0
CUST-004816,62,98.94,6217.86,Two year,Fiber optic,Yes,Mailed check,0
CUST-004817,23,52.39,1378.63,Month-to-month,DSL,No,Electronic check,1
CUST-004818,38,81.65,3079.38,Month-to-month,DSL,Yes,Bank transfer,0
CUST-004819,67,77.64,5660.88,Two year,DSL,No,Mailed check,0
CUST-004820,38,48.8,2018.41,One year,No,Yes,Mailed check,0
CUST-004821,49,83.48,4167.14,One year,DSL,No,Bank transfer,0
CUST-004822,65,120.87,7384.51,Month-to-month,DSL,Yes,Mailed check,0
CUST-004823,70,79.15,5338.25,Two year,No,No,Mailed check,0
CUST-004824,35,81.99,2605.7,Month-to-month,Fiber optic,Yes,Mailed check,0
CUST-004825,30,85.16,2718.54,Month-to-month,Fiber optic,Yes,Electronic check,1
CUST-004826,14,21.17,325.09,One year,Fiber optic,Yes,Credit card,0
CUST-004827,38,78.81,3085.64,Month-to-month,DSL,No,Credit card,1
CUST-004828,66,34.5,2297.13,Two year,No,No,Bank transfer,0
CUST-004829,35,47.3,1818.52,Month-to-month,DSL,No,Electronic check,1
CUST-004830,25,129.86,3426.59,Month-to-month,No,No,Mailed check,1
CUST-004831,7,57.4,446.48,Month-to-month,DSL,No,Mailed check,1
CUST-004832,28,42.79,1250.18,Two year,Fiber optic,Yes,Electronic check,0
CUST-004833,17,99.58,1975.89,One year,Fiber optic,No,Credit card,0
CUST-004834,70,36.57,2677.22,Month-to-month,DSL,No,Mailed check,0
CUST-004835,37,51.58,1921.73,Month-to-month,Fiber optic,Yes,Bank transfer,0
CUST-004836,9,102.47,1022.44,Month-to-month,Fiber optic,Yes,Bank transfer,1
CUST-004837,4,66.28,339.09,Month-to-month,DSL,No,Mailed check,0
CUST-004838,61,18.15,1101.73,One year,No,Yes,Mailed check,0
CUST-004839,67,81.32,5388.86,Month-to-month,DSL,Yes,Credit card,0
CUST-004840,54,53.11,2919.18,Month-to-month,Fiber optic,No,Credit card,0
CUST-004841,8,111.2,1076.77,Month-to-month,Fiber optic,Yes,Bank transfer,0
CUST-004842,7,46.81,389.33,One year,Fiber optic,No,Bank transfer,1
CUST-004843,14,96.54,1418.4,One year,Fiber optic,No,Electronic check,1
CUST-004844,54,118.27,6787.54,One year,Fiber optic,No,Electronic check,1
CUST-004845,55,39.47,2211.36,One year,Fiber optic,No,Electronic check,0
CUST-004846,60,59.2,3673.64,Two year,Fiber optic,No,Credit card,0
CUST-004847,6,76.66,543.42,Month-to-month,Fiber optic,No,Credit card,0
CUST-004848,11,39.28,421.62,Two year,Fiber optic,No,Electronic check,1
CUST-004849,64,73.11,4027.99,One year,DSL,No,Mailed check,0
CUST-004850,66,58.25,3947.13,Month-to-month,DSL,No,Mailed check,0
CUST-004851,52,57.65,2925.05,Two year,Fiber optic,No,Credit card,0
CUST-004852,7,66.47,488.16,One year,No,No,Mailed check,0
CUST-004853,4,67.14,321.89,One year,DSL,Yes,Electronic check,1
CUST-004854,4,69.92,365.74,Month-to-month,Fiber optic,Yes,Bank transfer,1
CUST-004855,49,47.04,2393.84,Month-to-month,DSL,No,Electronic check,0
CUST-004856,60,48.34,3062.83,Two year,Fiber optic,No,Bank transfer,0
CUST-004857,45,61.44,2890.38,Month-to-month,Fiber optic,No,Credit card,1
CUST-004858,18,63.66,1153.92,Month-to-month,Fiber optic,No,Electronic check,1
CUST-004859,54,51.83,2961.59,Month-to-month,Fiber optic,Yes,Credit card,0
CUST-004860,4,74.72,384.53,Month-to-month,Fiber optic,No,Bank transfer,1
CUST-004861,59,15.0,894.71,Two year,DSL,No,Electronic check,0
CUST-004862,64,43.09,2808.83,One year,Fiber optic,No,Electronic check,0
CUST-004863,51,56.6,3059.94,Two year,DSL,No,Electronic check,0
CUST-004864,63,39.32,2421.97,Month-to-month,No,No,Credit card,0
CUST-004865,42,113.88,5163.02,Month-to-month,Fiber optic,No,Bank transfer,1
CUST-004866,33,65.57,2292.23,Month-to-month,DSL,No,Mailed check,0
CUST-004867,23,70.3,1687.46,Month-to-month,DSL,No,Bank transfer,1
CUST-004868,66,50.5,3642.77,One year,Fiber optic,No,Mailed check,0
CUST-004869,50,64.53,3077.89,Month-to-month,No,Yes,Mailed check,0
CUST-004870,13,28.54,390.4,Month-to-month,DSL,Yes,Bank transfer,1
CUST-004871,68,59.91,3992.48,Two year,Fiber optic,No,Electronic check,0
CUST-004872,4,36.89,187.75,One year,DSL,No,Credit card,0
CUST-004873,42,56.68,2581.24,Month-to-month,Fiber optic,No,Credit card,1
CUST-004874,13,15.0,199.68,One year,Fiber optic,No,Credit card,1
CUST-004875,47,31.16,1742.87,Month-to-month,DSL,No,Electronic check,1
CUST-004876,29,108.92,3159.25,Two year,Fiber optic,No,Mailed check,0
CUST-004877,31,89.91,2929.07,One year,DSL,No,Mailed check,0
CUST-004878,48,104.57,5124.68,Month-to-month,No,No,Bank transfer,0
CUST-004879,54,106.63,5878.27,Month-to-month,DSL,No,Mailed check,0
CUST-004880,27,85.19,2290.8,Month-to-month,Fiber optic,No,Mailed check,1
CUST-004881,71,51.41,3899.4,One year,DSL,No,Electronic check,0
CUST-004882,35,33.88,1167.69,Month-to-month,Fiber optic,No,Bank transfer,0
CUST-004883,11,99.4,1087.33,One year,DSL,Yes,Bank transfer,0
CUST-004884,0,66.94,63.18,Month-to-month,Fiber optic,No,Bank transfer,1
CUST-004885,14,139.82,2248.87,Month-to-month,DSL,No,Mailed check,1
CUST-004886,49,54.05,2871.31,Month-to-month,Fiber optic,Yes,Credit card,0
CUST-004887,38,124.19,4357.21,Month-to-month,No,No,Bank transfer,0
CUST-004888,24,60.3,1568.74,Month-to-month,Fiber optic,Yes,Electronic check,0
CUST-004889,34,105.08,3313.39,One year,Fiber optic,No,Mailed check,0
CUST-004890,60,115.9,7060.32,Two year,Fiber optic,No,Bank transfer,0
CUST-004891,41,34.31,1354.06,Month-to-month,Fiber optic,Yes,Electronic check,0
CUST-004892,4,50.45,263.49,One year,No,No,Mailed check,0
CUST-004893,3,34.01,139.82,Month-to-month,Fiber optic,No,Credit card,1
CUST-004894,34,28.1,1031.73,One year,No,No,Mailed check,1
CUST-004895,29,85.01,2512.71,Month-to-month,No,No,Bank transfer,0
CUST-004896,61,59.1,3629.22,One year,Fiber optic,Yes,Bank transfer,0
CUST-004897,41,66.57,2586.39,Month-to-month,Fiber optic,Yes,Mailed check,0
CUST-004898,54,81.69,4261.31,Month-to-month,Fiber optic,No,Credit card,0
CUST-004899,42,15.0,675.59,One year,Fiber optic,No,Electronic check,1
CUST-004900,24,103.6,2637.64,Month-to-month,DSL,No,Mailed check,0
CUST-004901,47,54.53,2630.96,Month-to-month,DSL,Yes,Bank transfer,0
CUST-004902,44,80.97,3873.68,Month-to-month,DSL,No,Electronic check,0
CUST-004903,51,83.62,4065.64,Two year,Fiber optic,No,Credit card,0
CUST-004904,13,106.12,1539.23,Month-to-month,Fiber optic,No,Electronic check,1
CUST-004905,46,61.85,2735.75,Month-to-month,DSL,Yes,Bank transfer,0
CUST-004906,20,15.0,338.28,Two year,Fiber optic,No,Bank transfer,0
CUST-004907,56,66.71,3906.21,One year,Fiber optic,No,Credit card,0
CUST-004908,57,71.02,4317.88,Month-to-month,No,Yes,Electronic check,0
CUST-004909,44,33.97,1475.12,One year,DSL,No,Electronic check,0
CUST-004910,68,69.42,5312.95,Month-to-month,DSL,No,Bank transfer,0
CUST-004911,38,54.17,2323.72,Month-to-month,DSL,Yes,Credit card,0
CUST-004912,1,24.72,50.5,Month-to-month,Fiber optic,Yes,Credit card,1
CUST-004913,43,85.14,3966.51,One year,DSL,No,Electronic check,0
CUST-004914,55,48.09,2652.29,Two year,DSL,Yes,Mailed check,0
CUST-004915,7,52.81,395.67,Month-to-month,Fiber optic,Yes,Mailed check,1
CUST-004916,7,51.12,425.25,Month-to-month,Fiber optic,No,Credit card,1
CUST-004917,19,102.06,1947.46,Month-to-month,DSL,No,Bank transfer,1
CUST-004918,60,63.77,4144.97,Month-to-month,Fiber optic,No,Mailed check,0
CUST-004919,37,67.37,2694.31,Month-to-month,DSL,No,Electronic check,0
CUST-004920,70,51.78,3719.68,One year,Fiber optic,No,Bank transfer,0
CUST-004921,62,78.89,5014.37,Month-to-month,Fiber optic,No,Mailed check,1
CUST-004922,39,105.48,4427.88,Two year,DSL,Yes,Electronic check,0
CUST-004923,48,84.44,4194.15,Month-to-month,DSL,No,Electronic check,0
CUST-004924,23,85.61,2012.99,Month-to-month,No,No,Bank transfer,0
CUST-004925,6,83.19,538.21,Month-to-month,No,No,Bank transfer,0
CUST-004926,28,23.59,716.99,One year,DSL,No,Mailed check,0
CUST-004927,42,38.72,1695.31,Month-to-month,Fiber optic,No,Credit card,1
CUST-004928,13,58.85,937.43,Month-to-month,DSL,No,Bank transfer,0
CUST-004929,15,43.22,688.27,Month-to-month,No,No,Bank transfer,0
CUST-004930,1,33.06,67.13,One year,No,No,Electronic check,0
CUST-004931,52,15.0,807.94,Two year,Fiber optic,Yes,Mailed check,0
CUST-004932,64,24.6,1651.3,Month-to-month,Fiber optic,No,Credit card,0
CUST-004933,59,57.3,3272.04,Month-to-month,Fiber optic,Yes,Mailed check,0
CUST-004934,27,62.92,1754.88,Month-to-month,DSL,No,Bank transfer,1
CUST-004935,42,41.21,1845.29,Month-to-month,Fiber optic,Yes,Credit card,0
CUST-004936,69,67.37,4637.28,Two year,DSL,No,Bank transfer,0
CUST-004937,42,51.98,2323.67,Month-to-month,Fiber optic,No,Bank transfer,0
CUST-004938,21,97.72,2160.17,One year,Fiber optic,No,Electronic check,1
CUST-004939,24,60.15,1534.0,Two year,DSL,No,Mailed check,0
CUST-004940,52,85.89,4814.17,One year,Fiber optic,Yes,Electronic check,0
CUST-004941,32,71.1,2319.51,Month-to-month,Fiber optic,No,Electronic check,0
CUST-004942,60,22.94,1297.64,One year,Fiber optic,No,Bank transfer,0
CUST-004943,62,62.28,3871.4,Month-to-month,Fiber optic,No,Electronic check,1
CUST-004944,2,27.93,80.34,Month-to-month,No,No,Mailed check,0
CUST-004945,52,61.76,2925.2,Two year,DSL,No,Mailed check,0
CUST-004946,26,42.65,1145.3,Month-to-month,Fiber optic,Yes,Mailed check,0
CUST-004947,37,76.46,2934.35,Month-to-month,Fiber optic,No,Bank transfer,1
CUST-004948,19,24.73,519.83,Month-to-month,DSL,Yes,Mailed check,0
CUST-004949,26,65.44,1666.26,Month-to-month,No,No,Credit card,0
CUST-004950,23,82.17,1980.87,One year,Fiber optic,No,Mailed check,0
CUST-004951,3,92.23,389.72,One year,DSL,No,Credit card,0
CUST-004952,56,42.07,2329.37,One year,DSL,Yes,Credit card,0
CUST-004953,10,65.53,740.18,Month-to-month,No,No,Mailed check,1
CUST-004954,27,70.52,2132.43,Month-to-month,No,No,Credit card,0
CUST-004955,13,111.41,1414.54,Month-to-month,DSL,No,Mailed check,1
CUST-004956,11,20.56,250.08,Month-to-month,Fiber optic,No,Credit card,0
CUST-004957,26,37.67,1076.14,One year,DSL,No,Credit card,0
CUST-004958,66,149.13,9816.75,One year,Fiber optic,Yes,Mailed check,0
CUST-004959,67,56.81,4130.73,Two year,Fiber optic,No,Mailed check,0
CUST-004960,27,15.0,433.32,One year,DSL,Yes,Credit card,0
CUST-004961,36,47.52,1913.93,Month-to-month,Fiber optic,No,Bank transfer,1
CUST-004962,70,15.0,1096.02,One year,No,No,Bank transfer,0
CUST-004963,16,72.23,1341.6,One year,DSL,Yes,Bank transfer,0
CUST-004964,68,89.29,6253.67,Two year,DSL,Yes,Electronic check,0
CUST-004965,7,37.65,280.6,Month-to-month,No,No,Electronic check,1
CUST-004966,16,50.88,837.64,One year,DSL,No,Credit card,0
CUST-004967,24,92.71,2435.76,Month-to-month,Fiber optic,No,Mailed check,0
CUST-004968,2,15.0,47.25,One year,Fiber optic,No,Credit card,0
CUST-004969,58,25.35,1472.59,Two year,DSL,No,Mailed check,0
CUST-004970,61,58.16,3930.99,Two year,DSL,No,Credit card,0
CUST-004971,27,42.43,1167.01,Month-to-month,DSL,No,Bank transfer,0
CUST-004972,60,56.18,3506.39,Month-to-month,DSL,Yes,Electronic check,0
CUST-004973,55,27.09,1549.84,One year,Fiber optic,No,Mailed check,0
CUST-004974,57,71.43,3867.3,One year,No,Yes,Credit card,0
CUST-004975,57,60.52,3490.94,Two year,DSL,No,Electronic check,0
CUST-004976,41,81.48,3829.25,Month-to-month,Fiber optic,No,Electronic check,1
CUST-004977,7,71.01,541.9,Two year,Fiber optic,Yes,Electronic check,0
CUST-004978,66,71.2,4919.56,One year,DSL,No,Bank transfer,0
CUST-004979,43,21.61,895.99,Month-to-month,Fiber optic,Yes,Credit card,0
CUST-004980,64,79.78,4943.73,Month-to-month,DSL,No,Credit card,0
CUST-004981,69,55.07,3582.56,One year,Fiber optic,No,Credit card,0
CUST-004982,13,60.0,879.56,Month-to-month,DSL,No,Credit card,0
CUST-004983,28,96.45,2675.13,One year,Fiber optic,No,Credit card,0
CUST-004984,13,43.42,646.36,One year,No,No,Bank transfer,1
CUST-004985,3,105.54,410.93,Month-to-month,DSL,No,Credit card,0
CUST-004986,69,108.33,7631.93,Month-to-month,No,Yes,Bank transfer,0
CUST-004987,66,87.58,5988.8,Two year,DSL,No,Electronic check,0
CUST-004988,67,35.58,2223.93,One year,DSL,No,Electronic check,0
CUST-004989,63,15.0,969.78,One year,DSL,Yes,Electronic check,0
CUST-004990,46,97.37,4656.22,One year,No,Yes,Mailed check,0
CUST-004991,37,68.34,2745.01,One year,Fiber optic,Yes,Mailed check,0
CUST-004992,71,42.64,2923.07,Two year,No,Yes,Bank transfer,0
CUST-004993,39,100.21,3844.53,One year,Fiber optic,Yes,Bank transfer,0
CUST-004994,46,39.15,1900.89,Month-to-month,Fiber optic,No,Mailed check,0
CUST-004995,15,52.28,895.47,Month-to-month,No,No,Bank transfer,0
CUST-004996,53,80.75,4231.15,Month-to-month,No,No,Credit card,0
CUST-004997,59,31.59,1778.45,One year,Fiber optic,Yes,Electronic check,0
CUST-004998,48,61.72,2976.17,Month-to-month,Fiber optic,No,Mailed check,1
CUST-004999,35,97.67,3338.11,One year,No,No,Credit card,0
